"Цепи противоскользящие на колеса пластик,92см,10шт",150 
Размораживатель замков с силиконовой смазкой 90мл,40 
Очиститель пятен зимних реагентов ASTROhim 520мл,150 
Органайзер автомобильный 39х30х25 Nova Bright,999.99 
Ароматизатор на дефлектор парфюм SI Armani Tensy,449.99 
Аптечка для авто Виталфарм,699.99 
Ароматизатор подвесной парфюмированный Terra Tensy,249.99 
Ароматизатор подвесной парфюмированный Ador Tensy,249.99 
Ароматизатор подвесной парфюмированный Dolce Tensy,249.99 
Ароматизатор подвесной парфюмированный Fleur Tensy,249.99 
Ароматизатор подвесной саше Новая машина Aurami,199.99 
Ароматизатор органик Морской сквош Aurami,269.99 
Очиститель от битумных пятен LAVR 330мл,349.99 
Набор салфеток для авто микрофибра 32х20/43х32/64х40,199.99 
Антигравий черный аэрозоль ASTROhim 520мл,449.99 
Держатель для телефона на руль 55-80см Nova Bright,259.99 
Держатель для телефона с функцией беспроводной зарядки Nova Bright,1199.99 
Гель для очистки рук EXTRA ORANGE 250мл,149.99 
Антизапотеватель стекол спрей LAVR 185мл,249.99 
Салфетка для авто микрофибра ORSO 30х40 желтая,199.97 
Салфетка для авто микрофибра ORSO 30х40 розовая,199.97 
Дворник зимний CARFORT 525мм №21,550 
Дворник зимний CARFORT 400мм №16,550 
Ароматизатор для авто под сиденье Tensy Фруктовый микс,299.99 
Ароматизатор для авто под сиденье Tensy Бабл гам,299.99 
Ароматизатор для авто под сиденье Tensy Новая машина,299.99 
Ароматизатор для авто под сиденье Tensy Эгоист,299.99 
Ароматизатор для авто под сиденье Tensy Океан,299.99 
Ароматизатор для авто меловой Eikosha Marine blue squash,499.99 
Ароматизатор для авто под сиденье Tensy Черный лед,299.99 
Ароматизатор для авто органик Гламур,199.99 
Ароматизатор для авто органик Бабл гам,199.99 
Ароматизатор для авто органик Тутти фрутти,199.99 
Ароматизатор для авто органик Персик,199.99 
Ароматизатор для авто Нежность Si Armani,169.99 
Ароматизатор для авто Шарм Boadicea The Victorious,169.99 
Канистра топливная пластиковая со шлангом красная 10л,899.99 
Ароматизатор для авто Керамика Бабл гам,449.99 
Ароматизатор для авто Керамика Океан,449.99 
Ароматизатор для авто Керамика Черный лед,449.99 
Ароматизатор для авто Гламур Burlesque Paris Hilton,449.99 
Ароматизатор для авто Восторг La vie es belle Lancom,449.99 
Ароматизатор для авто Керамика Кристальный лед,449.99 
Ароматизатор для авто Керамика Лимон-Бергамот,449.99 
Ароматизатор для авто Боско Lady Million Paco Rabanne,449.99 
Ароматизатор для авто Sex Elexir,249.99 
Тосол Дальний Восток 5кг,649.99 
Держатель для телефонов магнитный Nova Brigh,299.99 
Ароматизатор воздуха CONTEX SEX НАША РАБОТА,149.99 
Ароматизатор воздуха CONTEX THE SEX MAFIA,149.99 
"Щетка стеклоочистителя бескаркасная 47,5см MASUMA",959.99 
Щетка стеклоочистителя бескаркасная 40см MASUMA,889.99 
Щетка стеклоочистителя бескаркасная 45см MASUMA,959.99 
Перчатки рабочие текстильные c латексным прокрытием ORSO рXL,199.99 
Ароматизатор под сиденье AURAMI Органик Клубника,229.99 
Ароматизатор под сиденье AURAMI Органик Арбуз,229.99 
Ароматизатор под сиденье AURAMI Органик Бабл Гам,229.99 
Ароматизатор для авто AURAMI Органик Вишня,249.99 
Ароматизатор для авто Aurami Саше Бабл Гам,229.99 
Ароматизатор меловой Eikosha Самурай,599.99 
Губка для мытья авто ORSO 20х11х6см,79.99 
Салфетки влажные ORSO для стекол и зеркал 25шт,69.99 
Ароматизатор для авто Napolex Лимон и лайм 10г,329.99 
Пятновыводитель универсальный Runway 100мл,219.99 
Полироль для пластика Grass вишня 750мл,599.99 
Полироль для пластика Grass лимон 750мл,599.99 
Салфетка для салона авто микрофибра ORSO 30х30см,79.99 
Салфетка для авто влаговпитывающая ORSO 64х42см,299.99 
Салфетка для авто влаговпитывающая ORSO 40х30см,100 
Автошампунь Grass активная пена 6л,2499.99 
Жилет светоотражающий ГОСТ,399.99 
Ароматизатор для авто Napolex Свежесть лимона 10г,329.99 
Чернитель шин Grass 650мл,499.99 
Перчатки автомобилиста рабочие Home Plus ORSO,69.99 
Очки для водителей с темными линзами,899.88 
Очки для водителей с желтыми линзами,899.67 
Ароматизатор для авто Napolex Парфюм Calvin Klein 10г,329.99 
Ароматизатор меловой Eikosha Свежесть,499.99 
Устранитель неприятный запахов Антитабак Дымовая шашка 20мл,350 
Ароматизатор воздуха CONTEX SEX ON BOARD,149.99 
Салфетка для салона микрофибра ORSO 35х35см,99.99 
Перчатки рабочие текстиль c нитриловым покрытием ORS'O рXL,149.99 
Салфетки влажные ORSO Авто 80шт,159.98 
Ароматизатор для авто AURAMI Бабл-гам 100мл,149.99 
Очиститель стекол для авто Grass 500мл,199.99 
Ароматизатор для авто AURAMI Органик Клубника,249.99 
Ароматизатор для авто AURAMI Саше Ванильное мороженое,229.99 
Ароматизатор для авто AURAMI Жемчужины Тутти-фрутти,199.99 
Ароматизатор для авто AURAMI Органик Банан,249.99 
Ароматизатор для авто Aurami Саше Черный лёд,229.99 
Таблетка-концентрат стеклоомывателя Хорс 9г,49.99 
Очиститель стекол концентрат Хорс 10мл,39.99 
Пакеты для автошин GRIFON 110х115см 20 мкм 4шт,159.99 
Антизапотеватель ASTROhim аэрозоль 140мл,199.99 
Салфетка для полировки микрофибра ORSO 35х35см,99.99 
Салфетка для стекол микрофибра ORSO 35х35см,99.99 
Салфетка для авто универсальная микрофибра ORSO 35х35см,99.99 
Полироль приборной панели матовый блеск Grass 500мл,399.99 
Салфетки влажные Top Gear для салона автомобиля 30шт,119.99 
Салфетка для авто универсальная микрофибра ORSO 40х40см,89.99 
Кипятильник автомобильный Nova Bright 12В,299.99 
Автошампунь Grass Universal яблоко 500мл,199.99 
Лента клейкая для авторемонтных работ вспененная,449.99 
Лента клейкая для авторемонтных работ металлизированная,499.99 
Лента клейкая для авторемонтных работ невидимая,369.99 
Набор предохранителей/отвертка с индикатором 10шт,329.99 
Средство для бесконтактной мойки Grass 1л,649.99 
Ароматизатор для авто AURAMI Тутти-фрутти 100мл,199.99 
Ароматизатор для авто AURAMI Органик Дыня,249.99 
Салфетки влажные Top Gear универсальные 45шт,149.99 
Полотенца для авто универсальные ORSO 70шт,119.99 
Ароматизатор меловой Eikosha Кристальная свежесть,499.99 
Чернитель покрышек Grass 500мл,299.99 
Очиститель двигателя Astrohim 500мл,199.99 
Ароматизатор меловой Eikosha Цитрусовый коктейль,499.99 
Очиститель для авто Kangaroo Profoam 1000 600мл,299.99 
Набор для ремонта бескамерных шин с клеем,299.99 
Очиститель салона авто Grass 500мл,259.99 
Трос буксировочный 12т 5м крюки Россия,679.99 
Очиститель для авто Кангару Профоам 3000 600мл,249.99 
"Трос буксировочный 2,5-3,5т 5м крюки Россия",499.99 
Спрей-ароматизатор Айркон антибактериальный 330мл,499.99 
Разветвитель прикуривателя 3 гнезда+USB черный,499.99 
"Манометр шинный до 3,5Атм Nova Bright",199.99 
Ароматизатор для авто AURAMI Бразильский кофе,249.99 
Ароматизатор для авто AURAMI Новая машина 100мл,199.99 
Ароматизатор для авто AURAMI Эгоист 100мл,199.99 
Ароматизатор для авто AURAMI Черный лед 100мл,149.99 
Ароматизатор для авто AURAMI Ванильное мороженое 100мл,149.99 
Ароматизатор для авто AURAMI Бодрящий кофе 100мл,149.99 
Ароматизатор для авто меловой Yammy Fresh Berries,549.99 
Ароматизатор Areon FRESCO Tutti Frutti,249.99 
Ароматизатор Areon FRESCO Бабл гам,249.99 
Ароматизатор Areon FRESCO Ваниль,249.99 
Ароматизатор для авто FRESCO Черный лед,249.99 
Ароматизатор для авто AURAMI Органик Бабл гам,249.99 
Ароматизатор для авто AURAMI Органик Арбуз,249.99 
Ароматизатор меловой Eikosha Аква,499.99 
Ароматизатор меловой Eikosha Морская свежесть,499.99 
Ароматизатор для авто AURAMI Жемчужины Черный лед,199.99 
Ароматизатор для авто AURAMI Жемчужины Леденящий восторг,199.99 
Ароматизатор для авто AURAMI Жемчужины Эгоист,199.99 
Ароматизатор для авто AURAMI Жемчужины Ванильное мороженое,199.99 
Ароматизатор для авто Елка Аромат ванили,149.99 
Ароматизатор для авто Елка Бабл гам,149.99 
Ароматизатор для авто Елка Пина колада,149.99 
Смазка силиконовая с роликовым аппликатором 50мл,249.99 
Очиститель для авто Kangaroo Profoam 2000 600мл,249.99 
Ароматизатор для авто Елка Черный лед,149.99 
Ароматизатор органик банка Napolex Свежесть 10г,329.99 
Ароматизатор меловой Eikosha Лимонная свежесть,599.99 
"Жидкость стеклоомывающая зимняя Totachi Niro 1,7л",100 
