Вилка 100шт Самбери одноразовая,129.98 
Подушка мягкая Every night 50х70,728.98 
"Миска пластик 0,9л Laola",69.98 
Сковорода 24см алюминий гранит антипригар индукция Пирит,2498.98 
"Жаровня 28см алюминий антипригар 3,8л индукция Графит",3998.98 
"Кастрюля антипригар алюминий 4,1л индукция Графит",3639.79 
Крышка стеклянная 20см металлический ободок с пароотводом TM Appet,199.97 
Форма для льда силикон 11х11х5см Шар,378.98 
Форма для льда силикон 13х13х4см Брилиант,378.98 
Рукав для запекания 30смх5м CELESTA,139.98 
Рукав для запекания 3м CELESTA,69.98 
Пленка пищевая 29смх20м CELESTA,59.97 
Пакеты фасовочные 24х37см 250шт в рулоне CELESTA,159.98 
Ложка чайная нержавеющая сталь,109.98 
Вилка столовая нержавеющая сталь,109.98 
"КОНТЕЙНЕР ГЕРМЕТИЧНЫЙ BUTTERFLY LIGHT 1,7л/15,6х15,6х11,1",269.98 
"Контейнер пластик 0,4л фисташковый",76.98 
Доска разделочная 20х15  бамбук,268.98 
"Свеча в стакане 9х7,5см Фруктовый",399.96 
Фольга алюминиевая 290мм х10м 9мкм в пленке,69.99 
"Контейнер герметичный пластик 1,2л Butterfly Light",249.98 
Доска разделочная пластик 29х19см Премиум Полимербыт,498.98 
Штопор бармена Cucina,169.96 
Коврик для сауны войлок 40х32см,109.98 
Шапка для сауны 25х20х30см войлок Классическая,109.98 
"Горшок для цветов пластик 0,7л D120мм небесный",69.96 
"Горшок для цветов пластик 0,7л D120мм английская роза",69.96 
"Горшок для цветов пластик 3,3л D190мм сливочный",249.96 
"Горшок для цветов пластик 0,7л D120мм нежная ромашка",69.96 
"Горшок для цветов пластик 1,6л D160мм оливковый",149.88 
"Горшок для цветов пластик 3,3л D190мм молочный шоколад",249.96 
"Горшок для цветов пластик 3,3л D190мм оливковый",249.96 
"Горшок для цветов пластик 1,6л D160мм сливочный",149.88 
"Горшок для цветов пластик 0,7л D120мм сливочный",69.96 
Валик для нарезки теста 20х14см,298.98 
Форма для выпечки регулировка размера 16-30см высота 8см,498.98 
Скалка двуручная дерево 47см Apollo Roll,298.98 
Свечи чайные 9шт Земляника,134.96 
Ароматизированная свеча Колонна Фруктовые маффины,199.96 
Ароматизированная свеча Стержень Фруктовые маффины,109.96 
Ароматизированная свеча Колонна Тропический салат,199.96 
Ароматизированная свеча Стержень Тропический салат,109.96 
Бутылка пластик 420мл LOL,249.98 
Миска пластик 17см Холодное сердце 2,249.98 
Стакан пластик 260мл Мстители Раскат грома,141.88 
Кружка пластик 265мл Холодное сердце 2,249.98 
Тарелка пластик 22см Холодное сердце 2,249.98 
Кружка пластик 350мл Мстители Раскат грома,249.98 
Полотенце вафельное 40х60 мята,148.98 
Свеча колонна 5х10см Лесные ягоды,199.96 
"Свеча коническая 2,1х25см Аргановое масло",109.96 
Свеча колонна 5х10см Кофе Латте,199.96 
"Свеча коническая 2,1х25см Кофе Капучино",109.96 
"Свеча коническая 2,1х25см Хлопок",109.96 
Свечи чайные 6шт Роза,89.98 
Свеча колонна 5х10см Аргановое масло,199.96 
"Свеча коническая 2,1х25см Лесные ягоды",109.96 
Салфетки бумажные Волна голубая 33х33 12шт,40 
Салфетки бумажные Волна розовая 33х33 12шт,40 
Трубочки для коктейля 20см 24шт Полосы голубые,109.69 
Трубочки для коктейля 20см 24шт Полосы розовые,109.78 
Трубочки для коктейля 20см 24шт Брызги,109.78 
Набор кондитерских шпателей 3 предмета Apollo,169.98 
Лопатка кулинарная силикон Apollo,199.98 
Кисть кулинарная силикон Apollo,149.98 
Плед велсофт 150х200 серый Texrepublic,898.98 
Кружка керамическая 370мл Полевые цветы,149.99 
Кружка керамический 350мл Желтые цветы,189.99 
Кружка керамическая 320мл Вдохновение,229.99 
Подставка под горячее керамическая/пробка 17см Кухня,228.98 
Коврик для сушки посуды микрофибра 41х46см Nina Home,209.98 
Открывашка для бутылок металл/пластик 16см,118.89 
Овощечистка горизонтальная нержавеющая сталь/пластик 17см,119.89 
Пакеты для хранения и замораживания 10шт 15х22см One Time,48.97 
"Кастрюля нержавеющая сталь 1,8л HITT Speise",1498.69 
Открытка Арт-Дизайн,129.79 
Открытка Арт-Дизайн,69.77 
Бутылка для воды пластик 500мл My bottle,198.98 
Рукав для запекания 30смх3м с клипсами Самбери,79.99 
Рукав для запекания 38смх5м с клипсами Самбери,139.98 
Пергамент для выпечки 30смx12м Самбери,139.99 
Коврик антипригарный стек/волок 35х40см Самбери,298.98 
Стакан для ванной пластик Листья,150 
Мыльница пластик Листья,249.99 
Дозатор для мыла пластик Листья,150.98 
Коврик для ванной 40х60см полиэстер Листья,249.99 
Бумага упаковочная прозрачная 40мкрн 70см/5м,99.97 
"Корзинка пластик 30х19,5х9,5см M Кофейный",71.96 
Корзинка пластик прямоугольная 5л Ajur кофейный,259.68 
Корзинка пластик прямоугольная 3л Ajur кофейный,199.96 
"Корзинка пластик 19,5х10х5см XS кофейный",29.96 
Кисть малярная 76мм рр-щетина VIRA,79.99 
Пакеты для льда 216 кубиков Самбери,64.99 
Набор столовых приборов детских 2 предмета Apollo Dino,398.98 
"Одеяло овечья шерсть 1,5-спальное всесезонное",1198.98 
Одеяло овечья шерсть 2-х спальное всесезонное,1398.98 
Мешки для строительного мусора 300л 10шт,449.99 
Одеяло бамбук евро всесезонное,1498.98 
Одеяло овечья шерсть евро всесезонное,1558.98 
"Одеяло бамбук 1,5-спальное всесезонное",1098.98 
Одеяло бамбук 2-х спальное всесезонное,1298.98 
Коврик для ванной 69х35 ПВХ Листья,399.99 
Набор для специй нержавеющая сталь/стекло 2 предмета,398.98 
Штора для ванной 180х200 Eva Листья,598.96 
Фигура бумажная Космонавт/Планета,40 
Набор свечей для торта Кошечка 5шт,80 
Крышка для банки пластиковая прямоугольная 600мл,21.79 
Крышка для банки пластиковая прямоугольная 1л,27.89 
Ваза стекло 30см средняя Лаура,550 
Корзина подарочная бамбуковая 21х16х8см,169.99 
Набор лопатка/ложка MENU,139.98 
"Подставка для яиц пластиковая 29х18х4,5см MENU",100 
Свеча для торта Серебро Цифра 0,40 
"Набор хомуты кабельные 300х4,8мм нейлон 100шт REV",399.99 
Сахарница стекло Pasabahce Piknik 350мл,219.98 
Набор стаканов высоких Luminarc Sterling 330мл 6шт,398.98 
Салатник стекло Luminarc Гладкий 11см,49.98 
"Ножницы для перепелиных яиц Apollo 16,5см",198.98 
Форма для льда пластик 12 кубиков Аквамарин,169.98 
Корзина для пакетов пластиковая,289.89 
Бутылка стекло 1л Бриз,39.99 
Полотенце вафельное 40х60 какао,148.98 
Салатник стеклокерамика 16см белый,268.98 
Изолента 15х5мм комплект 7 цветов,249.99 
Лента клеящая универсальная 50м серая Контакт Дом,549.99 
Лента клеящая универсальная 3м белая Контакт Дом,129.99 
"Бутыль стекло Магарычок 1,2л",399.99 
Кружка-банка стеклянная с трубочкой Фламинго 480мл,99.99 
Пакет подарочный бумажный Man 18х23х10см,99.99 
Цветок искусственный Травка 40см,799.96 
Клей Момент кристалл 125мл,299.99 
Лента уплотнительная тефлоновая Момент 20м,159.99 
Плед микрофибра Plain 140х200 мятный,1098.98 
Клей Момент Монтаж Суперсильный 250г,429.99 
Ложка для мороженого пластиковая Мультидом,119.99 
"Подставка под горячее бамбук 17,5см",268.98 
"Подставка под горячее бамбук 17,5х17,5см",268.98 
Супер-клей Сила Сверхпрочный 1г 6шт,129.99 
Супер-клей Сила гель 3г,79.99 
Кружка-банка стекло 480мл с трубочкой прозрачная,148.98 
Ложка кулинарная бамбук 30см,78.98 
"Кувшин герметичный пластиковый ILO 1,25л",258.89 
Коврик для ванной 40х60см Камни/Полоски Nina Home,399.99 
Коврик для ванной 45х65см Nina Home Вода/Камни,399.99 
"Крючок ПВХ 6,2х7,8см Nina Home",59.98 
"Контейнер герметичный пластиковый для напитков ILO 0,5л",198.98 
Коврик для ванной 50х80см Nina Home,399.99 
Цветок искусственный в пластиковом горшочке 24см Розы,499.96 
Пассатижи LanLong 150мм,699.99 
Кружка керамическая 385мл Фрида,199.99 
Кружка керамическая 445мл Вирджиния,199.99 
Полотенце вафельное 46х60,59.98 
Подставка для бумажных полотенец настольная,469.98 
Венчик нержавеющая сталь 34см Премьера,168.98 
Терка нержавеющая сталь с контейнером 20х15х5см Regent,309.98 
Полотенце махровое Spany Home Road 70х120,248.98 
Трубочки для напитков широкие Грифон 50шт,69.97 
Отвертка с набором бит 20шт LanLong,699.99 
Рулетка с силиконовыми накладками LanLong 5м,249.99 
Отвертка плоская LanLong 21см,149.99 
Кусачки LanLong 150мм,699.99 
Отвертка крестовая LanLong 21см,149.99 
Ключ-трещотка малый LanLong,899.99 
Набор головок для ключа-трещотки LanLong,1999.99 
Уровень LanLong 60см,899.99 
Нож-резак строительный LanLong 16см,399.99 
Ящик для инструментов LanLong 30х10х23см,549.99 
Съемник изоляции LanLong,249.99 
Топор с силиконовой ручкой LanLong,699.99 
Отвертка с насадками LanLong 41 предмет,1199.99 
Ключ разводной гаечный LanLong,499.99 
Полотенце махровое Баккара 50х90 светло-серый,250 
Цветок искусственный в керамическом горшке 55см Орхидея,1899.96 
Цветок искусственный 12х15см в круглом горшочке,459.96 
Цветок искусственный в пластиковом горшочке 21см Тюльпан,499.96 
Цветок искусственный в круглом горшке 12х15см цветная травка,499.96 
Шампуры береза 300мм 100шт Самбери,149.99 
Бумага для выпечки 30смх5м Всегда Добрый день,59.98 
Пакеты для замораживания 25x35см 30шт Самбери,74.99 
Пакеты для завтрака 17x28см 80шт Самбери,54.99 
Варежка-прихватка рогожка 18х30 ментол Guten Morgen,148.98 
Прихватка рогожка 20х20 ментол Guten Morgen,98.98 
Прихватка рогожка 20х20 черный Guten Morgen,98.98 
Стержни для клеевого пистолета 11мм/19см прозрачные 8шт,149.88 
Стержни для клеевого пистолета 11мм/10см 4 цвета 4шт,69.98 
Стержни для клеевого пистолета 11мм/18см 4 цвета 4шт,99.87 
"Салатник стеклянный 12,5см Мимимишки",208.98 
Набор посуды детской керамической 3 предмета Тачки,698.98 
"Тарелка стеклянная 19,5см Мимимишки",219.98 
"Корзинка пластик 30х19,5хх9,5см Light M Red Price",71.96 
Цветок искусственный в пластиковом горшочке 22см Каллы,499.96 
Корзинка пластик 38х26х18см с крышкой ПИРУЛА,629.98 
"Корзинка пластик 19,5х10х5см Light XS Red Price",29.96 
Корзинка пластик 19х13х9см с крышкой ПИРУЛА,169.98 
"Корзинка пластик 26,7x18,3x12,5см с крышкой ПИРУЛА",329.98 
Свеча в стакане 9х9см Терапия красоты,399.96 
Форма для выпечки силикон 20х6см Кекс,268.87 
Полотенце Клевер 40х60 белый,98.98 
Клей Момент Столяр ПВА Универсальный 250г,249.99 
Подушка полупух 70х70,998.98 
"Терка пластик/нержавеющая сталь 19х14,5х4,5см с контейнером",298.98 
Пакет подарочный крафт Подарок 18х23х10см,49.79 
Пакеты универсальные Самбери 25х35см 100шт,89.99 
Пакеты универсальные Самбери Bio 25х40см 120шт,169.99 
Пакеты универсальные Самбери 25х35см 300шт,229.99 
Кружка керамическая Zoo Art 400мл,179.99 
Кружка керамическая Хвостатые друзья 300мл,159.99 
Кружка керамическая Романтик 385мл,179.99 
Кружка пластик 350мл LOL,249.98 
Тарелка пластик 22см LOL,328.98 
Ваза стекло 14см овальная Уинстон,50 
Сумка бумажная премиум ST 12х36см Арт-Дизайн,99.98 
Варежка-прихватка Blossom Guten Morgen 18х30 бежевый,148.98 
Пистолет клеевой Сила 40Вт+стержни 11мм 2шт,289.69 
Стакан пластиковый Призма,100 
Тарелка пластик 22см Мстители Раскат грома,328.98 
Открытка-конверт Арт-Дизайн,59.67 
"Миска пластик 16,5см Мстители Раскат грома",298.98 
Полотенце вафельное 40х60 кофе,148.98 
Полотенце вафельное 40х60 лаванда,148.98 
Полотенце вафельное 40х60 бежевый,148.98 
Полотенце вафельное 40х60 белый,148.98 
Свечи чайные Апельсин 6шт,89.98 
Мыльница пластик Smile белый,89.96 
Дозатор для жидкого мыла пластик Smile белый,100 
Коврик для ванной 40х60см Nina Home Relax,399.99 
Фольга алюминиевая 10м 12 мкм с ножом Самбери,148.98 
Сковорода 24см алюминиевая антипригарная ILO,798.98 
"Форма для запекания алюминиевая 26,5х32,5х6см 2шт ILO",129.98 
Клей Сила Эпоксидный Пластилин Холодная сварка 55г,169.99 
Супер-клей Сила 505 6г,59.99 
Супер-клей Сила 6г,119.99 
Клей Сила Универсальный 15мл,69.99 
"Лента упаковочная клеящая Контакт Дом 4,8х5см бесшумная",179.99 
"Лента упаковочная клеящая Контакт Дом 4,8х5см без ножниц",199.99 
Щетка металлическая Kroft,119.99 
Лезвия для ножей 9мм 10шт VIRA,59.99 
Салфетка для роллов бамбук 24х24см,78.98 
Набор шаров воздушных ПатиБум С Днем Рождения 30см 5шт,79.99 
Набор шаров воздушных Панды ПатиБум 30см 5шт,79.99 
Набор шаров воздушных Веселый зоопарк ПатиБум 30см 5шт,79.99 
Набор шаров воздушных ПатиБум С Днем Рождения 30см 5шт,79.99 
Набор шаров воздушных Детские ПатиБум 30см 5шт,79.99 
Набор шаров воздушных ПатиБум 23см 10шт,99.99 
Набор шаров воздушных Для Леди ПатиБум 30см 5шт,79.99 
Набор шаров воздушных Мужские ПатиБум 30см 5шт,79.99 
Набор шаров воздушных Корги ПатиБум 30см 5шт,79.99 
Кашпо для цветов Ротанг с поддоном бежевый 3л,219.98 
Кашпо для цветов Ротанг с поддоном белый 3л,219.98 
Кашпо для цветов Ротанг с поддоном коричневый 3л,219.98 
Держатели самоклеящиеся для проводов и гирлянд белые 4шт,149.99 
Рулетка LanLong 5м,149.99 
"Пельменница пластик 26,5см",139.98 
"Кашпо для цветов Графитовый Тубус 1,1л",169.98 
"Контейнер герметичный пластиковый Butterfly Light 0,75л",249.98 
"Контейнер герметичный пластиковый Butterfly Light 0,5л",164.98 
"Банка для сыпучих продуктов пластик Cubbo Light 0,6л",149.98 
Клей Момент Текстиль 20г,399.99 
Подушка полупух 50х70,868.98 
Кружка керамическая белая 250мл,79.99 
Кружка керамическая Сансара 340мл,159.99 
"Нож для авокадо нержавеющая сталь 17,5см Fackelmann",199.99 
Салфетница пластик Семь злаков,59.98 
"Дуршлаг пластик 22,5х37,5см с ручкой",119.98 
Футляр для зубной щетки пластик Полимербыт 20см,39.98 
"Мельница для специй 15,3см",389.98 
Коврик для ванной 50х80см Nina Home Круги,399.99 
Цветок искусственный в керамическом горшке 26см Орхидея,499.96 
Скалка дерево 50см большая Хаски,229.98 
Мыльница пластик Полимербыт,58.98 
Сушилка для столовых приборов пластик 20х15см Ностальжи,189.98 
"Крышка для СВЧ пластик 24,5см М-пластика",129.98 
Стакан пластик складной Мультидом 160мл,142.79 
"Одеяло синтепон 1,5сп облегченное",648.98 
Подушка Лен 50х70 Волшебная ночь,1098.98 
Толкушка деревянная 27см Хаски,159.98 
"Ланчбокс пластик Полимербыт 0,42л",89.98 
Фольга алюминиевая 10м 12мкм Самбери,129.98 
Венчик силикон 25см,198.89 
"Форма для пирогов алюминиевая 21,5х4,2см 2шт ILO",68.98 
"Форма для пирогов алюминиевая 25,5х7,3см 2шт ILO",109.98 
Форма для маффинов алюминиевая 9х4см 12шт ILO,98.98 
Фольга алюминиевая 10м 9мкм Всегда добрый день,98.99 
Полотенце махровое Plait 100х150 белый,648.97 
Полотенце махровое Plait 70х130 белый,448.98 
Полотенце махровое Plait 50х90 белый,228.98 
Пробка-дозатор пластик 2шт с крышкой Мультидом,89.98 
Кружка для пива Ностальгия 500мл,139.98 
Открытка код 100 Картолина,169.87 
Открытка код 135 Картолина,229.87 
Открытка код 90 Картолина,129.79 
Бульонница стекло Дымчатая 510мл две ручки,89.98 
Мешочек для овощей и фруктов многоразовый 2шт,79.99 
Форма для рулетов/кексов алюминиевая 27х12х8см 2шт ILO,98.98 
"Форма для запекания стекло 2л 30,3x19,8x5,8 ILO",698.98 
Салатник стекло 1500мл Pasabahce Chefs,249.98 
Щипцы кулинарные нержавеющая сталь 20см,128.89 
Сито нержавеющая сталь/пластик 16см,229.98 
Крышка для горячего консервирования п/э 10шт,69.98 
Кастрюля стекло 1л с крышкой ILO,698.98 
"Ножницы кухонные нержавеющая сталь 21,5см",178.98 
Кассета сменная Барьер-4 Стандарт на стрип ленте,479.98 
"Горшок для цветов пластик 1,6л терракотовый Ника",119.98 
"Горшок для цветов пластик 1,2л голубая орхидея Деко",119.98 
"Горшок для цветов пластик 2,4л голубая орхидея Деко",174.98 
"Горшок для цветов пластик 2,4л белая орхидея Деко",174.98 
"Горшок для цветов пластик 1,4л мраморный Ливия",119.98 
"Горшок для цветов пластик 4,6л мраморный Ливия",239.98 
"Контейнер герметичный пластик 1,5л Komax Koper",359.98 
"Набор контейнеров пластиковых для СВЧ 4шт 0,4л",698.98 
Набор контейнеров герметичных пластик 720мл 3шт BB LOCK,629.98 
Контейнер герметичный пластик 2л Biokips,498.98 
"Крышка к ведру 5,7л",43.87 
"Крышка к ведру 3,3л",32.96 
Краска Аэрозоль универсальная Lucky коричневая 530мл,350 
Салфетка вафельная Пальмира 30х30,38.98 
Краска Аэрозоль универсальная Lucky красная 530мл,579.99 
Подушка декоративная 40х40 шоколад,398.98 
Подушка декоративная 40х40 какао,398.98 
Подушка декоративная 40х40 базальт,398.98 
Подушка декоративная 40х40 экрю,398.98 
Штора 1шт 165х280 экрю,1598.98 
Штора 1шт 165х280 индиго,1598.98 
Штора 1шт 165х280 оливка,1598.98 
Штора 1шт 165х280 какао,1598.98 
Подушка бамбук 70х70,849.98 
Подушка овечья шерсть 70х70,748.98 
Подушка овечья шерсть 50х70,628.98 
Подушка бамбук 50х70,598.98 
Бутыль для молока стекло 1л в ассортименте,198.89 
Штопор для бутылок металлический,448.98 
Бумага упаковочная 100х70см 2 листа Микс Детский,99.77 
Нож разделочный нержавеющая сталь 20см ILO,328.89 
Крышка стекло 28см алюминиевый ободок/паровыпускатель ILO,428.89 
Крышка стекло 22см алюминиевый ободок/паровыпускатель ILO,348.89 
Крышка стекло 26см алюминиевый ободок/паровыпускатель ILO,388.89 
Машинка закаточная ручная Москвичка,449.99 
Кассета сменная Барьер Актив Сила иммунитета,619.98 
Контейнер для заморозки Impacto Home 1л 5шт,119.98 
"Контейнер для заморозки Impacto Home 0,25л 5шт",49.98 
"Контейнер для заморозки Impacto Home 1,5л 5шт",142.79 
"Контейнер для заморозки Impacto Home 0,5л 5шт",87.87 
Наволочка декоративная 40х40 бирюза,248.98 
Наволочка декоративная 40х40 какао,248.98 
Наволочка декоративная 40х40 экрю,248.98 
Полотенце махровое Радуга 70х130 цвет бирюзовый,448.98 
Полотенце махровое Радуга 100х150 цвет бирюзовый,648.97 
Полотенце махровое Радуга 30х70 цвет бирюзовый,128.98 
Полотенце махровое Радуга 100х150 цвет персиковый,648.97 
Полотенце махровое Радуга 70х130 цвет персиковый,448.98 
Полотенце махровое Радуга 70х130 цвет молочный,448.98 
Полотенце махровое Радуга 30х70 цвет желтый,128.98 
Полотенце махровое Радуга 100х150 цвет желтый,648.97 
Полотенце махровое Радуга 100х150 цвет светло-ментоловый,648.97 
Полотенце махровое Радуга 70х130 цвет светло-ментоловый,448.98 
Полотенце махровое Радуга 70х130 цвет желтый,448.98 
Полотенце махровое Радуга 50х90 цвет молочный,228.98 
Полотенце махровое Радуга 50х90 цвет светло-ментоловый,228.98 
Диспансер для жидкого мыла + подставка для губки,298.98 
Подставка для губки и щетки,259.98 
"Фильтр-кувшин Барьер Смарт Опти Лайт 3,3л",1569.89 
Полотенце махровое Romance 100х150 цвет сиреневый,648.97 
Полотенце махровое Romance 70х130 цвет сиреневый,448.98 
Полотенце махровое Romance 70х130 цвет голубой,448.98 
Подушка с валиком Memory Foam 60х40 Ambesonne,2498.98 
Подушка Memory Foam 60х40 Ambesonne,2498.98 
"Фильтр-кувшин Барьер Тренд 2,5л",879.98 
Ситечко для заваривания чая нержавеющая сталь 5см,158.89 
Кассета сменная Барьер Минерал,498.98 
Ручка пластиковая для переноски пакетов,29.89 
Вкладыш в бочку для засолки ПВД 50л,49.98 
Вкладыш в бочку для засолки ПВД 120л,79.98 
Миска суповая стеклокерамика 20см,189.98 
"Форма для запекания 2,9л 33,9х22,5х6,1см ILO",778.89 
Салатник стеклокерамика 15см,128.98 
Салатник стеклокерамика 10см,118.98 
Форма для выпечки антипригарная разъемная 24х7см ILO,448.98 
Форма для выпечки антипригарная круглая 23x3см ILO,199.99 
"Противень сталь антипригарный 36,8х24х5см ILO",448.98 
"Венчик нержавеющая сталь 30,4см",228.98 
"Мельница для специй стеклянная 13,5см 180мл",348.98 
Тарелка пластиковая 19см круглая Полимербыт,69.98 
Дозатор для сахара стекло/металл 180мл,118.89 
"Щипцы кулинарные нержавеющая сталь/силикон/нейлон 17,8см",178.89 
Набор мерных ложек 5шт,148.98 
"Держатель для туалетной бумаги 18,5х11х14см с полочкой",149.96 
"Карниз для ванной нержавеющая сталь 1,1-2м Рыжий Кот",339.96 
Стретч-пленка 450мм 17мкм UNIBOB,549.99 
Бумага упаковочная 100х70см 2л Микс Мужской,99.77 
Крышка-чехол полиэтилен Mallony 9шт,89.98 
"Лопатка кулинарная силикон 24,1см ILO",128.98 
"Кисточка кондитерская силикон 17,5см ILO",128.89 
Искусственный цветок 11см Кактус,149.99 
"Короб для хранения пластик 43,5х36х31см серый",899.96 
"Ваза стекло 17,6см Пуаро цветной микс",100 
Свечи чайные 24шт Ваниль,319.96 
Свеча в стакане 80х75см Кофе спайс,399.96 
"Горшок для цветов пластик 0,74л бежевый Mini",259.98 
"Контейнер герметичный пластик 0,4л прямоугольный ILO",168.98 
"Контейнер герметичный пластик 5,1л с ручкой ILO",648.98 
"Контейнер герметичный пластик 1,1л прямоугольный ILO",248.98 
"Контейнер герметичный пластик 0,86л квадратный ILO",238.98 
"Контейнер герметичный пластик 2,5л прямоугольный ILO",398.98 
"Контейнер герметичный пластик 1,7л квадратный ILO",328.98 
"Форма для выпечки алюминий 15х12х4,5см 6шт с крышкой ILO",98.89 
Форма для выпечки силиконовая круглая 24х20х4см ILO,388.98 
Форма для выпечки кексов силиконовая 6 ячеек ILO,248.98 
Корзина с ручками полипропилен 13х26х10см Nina Home,449.98 
Сковорода 20см литая антипригарная индукция ILO,1498.98 
Набор крючков 5см 3шт пластик Nina Home,99.98 
Крючок тройной нержавеющая сталь Nina Home,149.98 
Кружка пластиковая суповая с крышкой 700мл,129.98 
Стейкер для мяса Мультидом,298.98 
Картофелемялка нержавеющая сталь MARVEL,299.98 
Свечи чайные 9шт Тосканский Виноград,134.96 
Свечи чайные 6шт Вишня,89.98 
Свечи чайные 10шт Классика,99.98 
Свечи чайные 9шт Сочный Манго,134.96 
Свечи чайные 6шт Лимон,89.98 
Картофелемялка нейлон Неро,94.97 
Сахарница стекло 450мл Pasabahce Perla,219.87 
Шумовка нейлон Nero,94.97 
Сухарница пластик 290x190x75см Полимербыт,49.98 
Коврик для ванной 65х90см ПВХ однотонный в ассортименте,359.98 
Соусник стеклянный Pasabahce Basic 60мл,119.98 
Подставка для лимона стекло Pasabahce Basic,169.98 
Палочки для еды бамбук,4.88 
"Кастрюля для СВЧ полипропилен 0,7л",109.98 
"Тарелка стеклянная 19,5см Леди Баг и Супер Кот",219.98 
"Тарелка стеклянная 19,5см Вспыш и чудо-машинки",219.98 
Стакан стекло 200мл Леди Баг и Супер Кот,96.78 
Стакан стекло 200мл Вспыш и чудо-машинки,96.78 
"Салатник стекло 12,5см Вспыш и чудо-машинки",208.98 
"Салатник стекло 12,5см Леди Баг и Супер Кот",208.98 
Поднос пластиковый 43х30х35см с декором в ассортименте,368.98 
Кружка стеклянная 250мл Вспыш и чудо-машинки,159.98 
Кружка-сито пластиковая Menu 250мл,349.98 
Дуршлаг для крупы пластик 10х24см Idea,229.98 
Решетка для мойки 33х33см универсальная,69.98 
Крышка полиэтиленовая для банок цветная,7.87 
Держатель для емкостей,74.98 
Кружка суповая стекло 625мл Pasabahce Chefs,198.98 
Кружка стекло 300мл Капучино,109.98 
Воронка d-120 Полимербыт,39.98 
Контейнер герметичный пластик 900мл Biokips,359.98 
Контейнер герметичный пластик 450мл Biokips,249.98 
Контейнер герметичный пластик 770мл Komax Koper,298.98 
Контейнер герметичный пластик 920мл Biokips,379.98 
"Контейнер герметичный пластик 1,1л Biokips",419.98 
Контейнер герметичный пластик Komax Koper 400мл,219.98 
Контейнер герметичный пластик 240мл Biokips,219.98 
Контейнер герметичный пластик 570мл Biokips,298.98 
Контейнер герметичный пластик 670мл Biokips,359.98 
"Миска эмалированная 3,5л",649.98 
"Емкость для сыпучих продуктов пластик 0,9л",129.98 
"Емкость для сыпучих продуктов пластик 1,5л",158.98 
Кружка эмаль 1л,349.98 
"Банка для сыпучих продуктов пластик 0,6л Полимербыт",118.98 
Стакан высокий 250мл Граненый,29.98 
Стопка 50мл Ода,14.98 
"Органайзер-переноска пластик 31х23х18,5см белый",279.96 
Вантуз Премиум,124.98 
Пробка для бутылки силикон Цветок,109.98 
Набор шаров воздушных металлик 30см 6шт,79.99 
Набор шаров воздушных металлик 30см 10шт,99.99 
Набор шаров воздушных конфетти бумага 30см 2шт,59.99 
Набор шаров воздушных С Днем Рождения+маркер 30см 5шт,79.99 
"Набор крючков нержавеющая сталь 3,5х5х0,7см 4шт Nina Home",99.99 
"Набор крючков нержавеющая сталь 3,5х5х0,7см 2шт Nina Home",149.98 
"Набор крючков для двери 2шт нержавеющая сталь 2,5х8см Nina Home",149.98 
Набор крючков нержавеющая сталь 2шт Nina Home,74.98 
Таз пластик 16л овальный аквамарин,449.96 
Ковш пластик 1л аквамарин-чайная роза,79.99 
Коврик придверный 40х60см влаговпитывающий ребристый коричневый,349.96 
Ваза стекло 20см Стрелки,50 
Органайзер 3-х ярусный М-Пластика,249.98 
Ножовка по дереву Kroft 40см,299.67 
Отвертка с набором бит для точных работ VIRA 9шт,249.99 
Отвертка со сменными битами и головками KROFT,249.96 
Набор сверл по металлу/бетону/дереву Kroft 9шт,299.99 
Набор подкладок для мебели Kroft 32шт,49.77 
Набор сантехнических прокладок Kroft 55шт,99.87 
Набор полотен по металлу Kroft 6шт,89.98 
Пленка укрывная полиэтиленовая 4х5м 8мкм,119.99 
Супер-лента Контакт универсальная 25м,349.99 
"Лента самоклеящаяся для ванн и раковин 38ммх3,35м",496.99 
Лента клейкая двусторонняя для крепления зеркал,299.99 
Лента клейкая армированная влагостойкая UNIBOB 48х10м серая,119.99 
Лента клейкая для труб 48ммх10м ПВХ UNIBOB,139.99 
Шпажки для канапе 30шт,54.99 
Набор свечей для торта Rose Gold блестки 6см 24шт,169.99 
Контейнер герметичный стекло 1л два отдела ILO,648.98 
Банка стеклянная крышка/бугельный замок 250мл,159.99 
Набор крышек для банок 10шт,84.98 
Ковш эмалированный 1л,329.98 
Бидон с крышкой 2л,109.98 
Набор свечей для торта Буквы С днем рождения,169.99 
Чайник заварочный стекло/пластик 1100мл ILO,658.89 
Терка 4-х гранная металл 20см,348.98 
Набор столовых предметов 4шт Apollo Sochi,369.98 
Подушка синтепон роза бежевый 70х70,668.98 
Комплект фильтроэлементов Профи Стандарт 3шт,1998.98 
Банка стеклянная крышка/бугельный замок 500мл,199.99 
Крышка для банки пластик 500мл,13.98 
Крышка к банке/ведерку пластик 1/2л,29.88 
"Баночка пластик без крышки 0,5л",21.79 
"Ведро пластик без крышки 3,3л",119.98 
Крышка для банки пластик 250мл,10.69 
Баночка пластик без крышки 250мл,18.97 
"Ведро пластик без крышки 5,7л",159.98 
Корзина полипропилен 25x32x17см Nina Home,749.98 
"Контейнер герметичный стекло 0,37л ILO",288.98 
Контейнер герметичный стекло 1л ILO,598.98 
"Контейнер герметичный стекло 0,65л ILO",388.98 
"Контейнер герметичный стекло 1,5л ILO",779.98 
Подушка синтепон роза 50х70,598.98 
Одеяло синтепон 2 спальное 172х205 в ассортименте,658.98 
"Нож-шеф нержавеющая сталь 19,5см ILO",378.89 
Пакеты фасовочные 25х40см 200шт ILO,329.98 
"Уайт-Спирит Ангара-Реактив 0,5л",99.99 
Мешок для строительного мусора зеленые 55х95см,12.78 
Мешок для строительного мусора белые 55х105см,24.99 
Френч-пресс Mallony 600мл,659.98 
Бульонница стекло 560мл прозрачная Luminarc,129.98 
Кассета сменная Барьер-7 Железо,529.98 
Баночка пластик без крышки 1л,39.77 
Ведерко пластик без крышки 2л,76.98 
Пленка пищевая 290ммx50м с перфорацией Грифон,149.98 
Салатник стеклокерамика белый 14см,228.98 
"Набор контейнеров пластиковых для СВЧ 4шт 0,85л",1098.98 
"Кастрюля эмалированная Свежая зелень ТМ Appetite 1,5л",798.98 
"Кастрюля эмалированная Свежая зелень ТМ Appetite 4,5л",1539.79 
"Кастрюля эмалированная Свежая зелень ТМ Appetite 2,9л",848.89 
Кружка стекло 140мл Pasabahce Tea&Coffee,89.98 
"Контейнер герметичный пластик 0,5л Премиум",98.98 
"Форма для выпечки силикон Ромашка 19х13,5х8,5см ILO",348.98 
Набор форм для маффинов силикон 6шт ILO,248.98 
"Подставка под ложку силикон 23,5см ILO",178.89 
Прихватка силиконовая 10х8х8см ILO,148.98 
Форма бумажная для кексов 50шт,68.98 
"Контейнер для бутылок пластик 32,5х15,3х8см",178.89 
Чайник заварочный стекло/пластик 1л,969.89 
Ваза стекло 26см Розовая,150 
Свеча в стакане 9х9см Фруктовые маффины,399.96 
Кастрюля стекло 2л с крышкой ILO,758.98 
Салатник стекло 800мл c крышкой ILO,498.89 
"Салатник стекло 1,5л c крышкой ILO",598.89 
Кастрюля стекло 700мл с крышкой ILO,398.98 
"Форма для запекания стеклянная с крышкой 2,2л ILO",658.98 
"Держатель для полотенца нержавеющая сталь 5х7,5х1,2см Nina Home",139.98 
Держатель для полотенца нержавеющая сталь 5х8см Nina Home,139.98 
Сковорода 20см литая антипригарная индукция ILO,1468.98 
Пленка пищевая 290ммх20м ЭТО,54.98 
"Контейнер пластиковый 1,4л Каскад",99.98 
Штора для ванной 180х180см микс цветов с прозрачным окном,599.96 
Держатель для щеток на присоске белый Q-BAN,189.98 
Крышка стекло мультиразмерная 24/26/28 см,828.98 
Ложка большая нержавеющая сталь MARVEL,289.98 
Емкость для специй с декором Бытпласт,129.99 
"Фильтр-кувшин Барьер Гранд-NEO 4,2л",699.99 
"Лоток-вкладыш для столовых приборов 33,5х26,0см",149.98 
Штопор для бутылок металл/дерево Ретро,149.98 
"Контейнер пластиковый прямоугольный 0,7л Каскад",59.98 
"Лопатка кулинарная бамбук 5,4х29см",39.98 
Набор для специй 4 предмета пластик Полимербыт,369.98 
"Нож кухонный нержавеющая сталь 18,5см Apollo Genio Vertex",469.98 
Лопатка кулинарная нейлон Неро,94.97 
Ложка для приготовления пищи нейлон Nero,94.97 
"Кувшин пластиковый с крышкой 2,5л",259.98 
"Масленка пластиковая 17х9х6,3см с крышкой Полимербыт",89.98 
Бумага упаковочная голография в ассортименте,129.98 
Нож для хлеба нержавеющая сталь 185мм Apollo Genio Vertex,429.98 
"Контейнер для СВЧ пластиковый круглый с клапаном 0,4л",49.98 
"Контейнер для СВЧ пластиковый круглый с клапаном 1,6л",129.98 
Пакеты для замораживания 30х40см 20шт Грифон,69.98 
Набор креманок стекло 300мл 3шт Luminarc Maldives,269.98 
Набор посуды керамической My Little Pony 3 предмета,698.98 
Штора для ванной комнаты 180х180см,119.98 
Штора для ванной комнаты 180х180см в ассортименте,96.98 
Коврик придверный 40х60см цвет в ассортименте CITY,698.98 
Краска Аэрозоль универсальная Lucky лак/бесцветная 530мл,579.99 
Эпоксидный клей Сила шприц 6мл,159.99 
Краска Аэрозоль универсальная Lucky черная глянцевая 530мл,579.99 
Краска Аэрозоль универсальная Lucky хром 530мл,579.99 
Краска Аэрозоль универсальная Lucky белая матовая 530мл,579.99 
Зажигалка Крикет Стандарт кремниевая,59.98 
Зажигалка ЛюксЛайт Турбо,59.98 
Вилка для канапе 30шт,99.99 
Френч-пресс стекло/пластик Mallony 350мл,219.89 
Пакет-майка Самбери 400х650 40мкм белый,8.99 
Пакет-майка Самбери 300х550 30мкм белый,6.99 
Мешки плотные для строительного мусора 220л 10шт UNIBOB,399.99 
Френч-пресс стекло/сталь Клетка 1л,829.98 
Спички Череповец,3.69 
Кипятильник большой 1500Вт,238.89 
Кипятильник малый 500Вт,118.98 
"Кастрюля для СВЧ полипропилен 2,1л",249.98 
"Кастрюля для СВЧ полипропилен 1,2л",158.98 
Изолента UNIBOB 15ммх20м желтая,69.99 
Изолента UNIBOB 15ммх20м синяя,69.99 
Изолента UNIBOB 15ммх20м красная,69.99 
Лента клейкая алюминиевая 50ммх10м UNIBOB,149.99 
"Кружка мерная пластик 0,5л",109.98 
Нож-топорик нержавеющая сталь 150мм Apollo Saphire,489.98 
Кружка суповая стекло 600мл Pasabahce Bronze,198.98 
Органайзер 22х14х5см двухсторонний М-Пластика,149.99 
"Горшок для цветов пластик 1,2л белая орхидея Деко",119.98 
"Фильтр-кувшин Аквафор Прованс 4,2л",1249.98 
Мыльница BLANCA керамика,299.96 
Дозатор для жидкого мыла BLANCA керамика,459.99 
Супер-клей Сила сверхпрочный 3г+Антиклей 3г,119.99 
Клей для обуви Сила 15мл,69.99 
Герметик силиконовый санитарный прозрачный Гермент 280мл,699.99 
Клей Момент Марафон 30мл,159.99 
Клей Момент Монтаж Экспресс 400г,449.99 
Набор фужеров для шампанского 170мл 6шт Luminarc Signature,709.98 
"Ваза Флора шар стекло h-102,5мм",179.98 
Коврик ПВХ 65х100см с рисунком в ассортименте,359.98 
Кружка для пива 500мл Pasabahce Pub,129.98 
Ложка столовая 2 шт Apollo Chicago,298.98 
Ложка чайная 2 шт Apollo Chicago,249.98 
Вилка столовая 2 шт Apollo Chicago,298.98 
Салатник пластик 3л,129.98 
Набор столовых приборов детских Apollo KIDDY 2 предмета,398.98 
Комплект фильтроэлементов Эксперт Стандарт 3шт,2398.98 
Термопакет 2х45см с ручками Самбери,159.98 
Салатник стеклянный Pasabahce Chef's 100мл,79.98 
Пресс для чеснока нержавеющая сталь Regent Inox Cucina,708.98 
Набор резцов для печенья нержавеющая сталь Классика 4шт 6см,178.98 
Органайзер 27х22х7см 2х сторонний,499.99 
Пена монтажная Момент стандарт 750мл,849.99 
"Набор контейнеров пластик 2шт 0,46/1л",119.98 
"Набор контейнеров пластик 3шт 0,46л/0,95л/1,5л",219.98 
Банка для сыпучих продуктов пластик 1л Полимербыт,156.98 
Открывашка для бутылок 4в1 Мультидом,239.98 
Набор посуды керамической Смешарики Друзья 3 предмета,698.98 
Набор кружек для пива 500мл 2шт Pasabahce Pub,359.98 
"Блюдо стеклянное для сервировки 31,5см Pasabahce Aurora",309.98 
Мешки для строительного мусора 120л 10шт/рулон UNIBOB,149.99 
Лопатка из нержавеющей стали с прорезями MARVEL,238.89 
Турка медная 600мл,1298.98 
Френч-пресс стекло/пластик Mallony 600мл,379.98 
Ерш для унитаза Blanca керамика,799.96 
"Контейнер пластиковый 2,2л Каскад",129.98 
Кружка стекло 250мл Дымчатая,69.98 
"Контейнер для СВЧ пластиковый круглый с клапаном 0,8л",69.98 
Кружка мерная пластик 1л,109.98 
Клей-гель универсальный моментальный Грифон 3г,79.99 
Кружка для миксера 2л Полимербыт,249.98 
Кассета сменная Барьер-4 Стандарт 3шт,1259.98 
Модуль сменный Аквафор А5,528.98 
Ситечко в раковину пластик 8см,14.98 
Кассета сменная Барьер-6 Жесткость,529.98 
"Контейнер пластиковый 0,46л Каскад",35.99 
Контейнер пластиковый 1л Каскад,69.98 
Трубочки для напитков гофрированные Грифон 100шт,89.99 
Изолента ЭРА 19ммх20м синяя,89.99 
"Горшок для цветов пластик 0,6л мраморный Ливия",67.98 
"Горшок для цветов пластик 2,8л мраморный Ливия",169.98 
"Керосин Ангара-Реактив 0,5л",129.99 
Лента клеящая двусторонняя 50х10 UNIBOB,199.87 
"Растворитель 646 Ангара-Реактив 0,5л",199.99 
Стакан низкий 250мл Ода,29.98 
Клей Супер Момент водостойкий 3г,199.99 
Супер-клей Сила сверхпрочный 3г,59.99 
Клей Супер Момент гель 3г,149.99 
Клей Момент 88 30мл,169.99 
Клей Момент Кристалл 30мл,159.99 
Шприц кулинарный 8 насадок Menu Эклер,259.98 
Изолента UNIBOB 15ммх20м черная,69.99 
Контейнер для приготовления яиц в СВЧ Глазунья 2 яйца,109.98 
"Контейнер пластиковый квадратный 0,7л Каскад",59.98 
"Контейнер герметичный пластик 0,3л Премиум",89.98 
Трубочки для напитков гофрированные 50шт Грифон,59.99 
"Пакет пластиковый 36,5х35,5х10см в ассортименте",39.87 
Коврик для прихожей хлопковый 55х90см Вологодский,499.98 
Фольга алюминиевая 10м 16мкм особопрочная широкая ILO,198.98 
Фольга алюминиевая 10м 16мкм особопрочная ILO,168.98 
Модуль сменный Аквафор В100-5,456.98 
Модуль сменный Аквафор В100-5 2шт,798.98 
Подсвечник стекло 17х3см Pasabahce Basic,128.98 
Изолента ЭРА 19ммх20м черная,89.99 
Клей моментальный универсальный Грифон 3г,59.99 
"Нож универсальный нержавеющая сталь 12,5см Apollo Genio Vertex Apollo",289.98 
Кассета сменная Барьер-4 Стандарт,479.98 
"Ацетон Ангара-Реактив 0,5л",199.99 
