Удлинитель Artsun 3гн 5м с заземлением,549.96 
"Удлинитель сетевой ARTSUN 16-33Е пвс 3 х 1,0 мм2    мах 4000 Вт",409.78 
Аккумулятор Трофи HR6 2100mAh 2шт,499.78 
Лампа ЭРА светодиодная JC 3Вт G4 теплый свет,229.99 
Лампа ЭРА светодиодная JC 3Вт G4 холодный свет,229.99 
"Удлинитель 3 гнезда 1,5м с заземлением Duwi",249.97 
Удлинитель 3 гнезда 3м с заземлением Duwi,279.77 
Удлинитель 3 гнезда 3м с заземлением/выключатель/шторки Duwi,399.79 
Удлинитель 3 гнезда 5м с заземлением Duwi,379.89 
Удлинитель 3 гнезда 3м с заземлением/выключатель/2USB/защитные шторки Duwi,1349.89 
Элемент питания ORS'O G10 LR54 10шт,99.99 
Элемент питания ORS'O АА LR6 2шт,99.99 
Элемент питания ORS'O ААА LR03 2шт,99.99 
Элемент питания ORS'O CR1632 1шт,49.99 
Элемент питания ORS'O АА LR6 4шт,169.99 
Элемент питания ORS'O CR2032 5шт,169.99 
Элемент питания ORS'O G13 LR44 10шт,79.99 
Элемент питания солевой Battery АА R6 4шт,89.99 
Элемент питания ORS'O D LR20 2шт,449.99 
Элемент питания ORS'O CR2032 1шт,49.99 
Элемент питания солевой Battery ААА R03 4шт,89.99 
Элемент питания ORS'O ААА LR03 4шт,169.99 
Элемент питания ORS'O С LR14 2шт,319.99 
Элемент питания ORS'O 6LR61 1шт,219.99 
Элемент питания ORS'O G1 LR60 10шт,69.99 
Элемент питания ORS'O CR2025 1шт,49.99 
Элемент питания для слуховых аппаратов Rayovac Acoustic Тип 10 6шт,50 
Удлинитель ЭРА Эконом 3 гнезда 3м без заземления,229.99 
"Удлинитель ЭРА Эконом 3 гнезда 1,5м без заземления",199.99 
Удлинитель ЭРА Эконом 3 гнезда 5м без заземления,389.99 
Лампа накаливания МСЛЗ 75Вт Е27,24.99 
Лампа накаливания МСЛЗ 95Вт Е27,24.99 
Лампа ОНЛАЙТ светодиодная A55 10Вт Е27 теплый свет,69.99 
Лампа InHome светодиодная свеча 8Вт Е27 холодный свет,99.68 
Кабель USB/Type-C 1м пружина Appacs,349.99 
Кабель USB/microUSB 1м белый Appacs,169.99 
Кабель USB/microUSB 1м текстиль Appacs,289.99 
Кабель USB/microUSB 1м пружина Appacs,349.99 
Лампа InHome светодиодная JC 3Вт G4 холодный свет,169.67 
"Лампа InHome светодиодная JC 1,5Вт G4 холодный свет",129.78 
Лампа InHome светодиодная JCDR 8Вт GU5.3 теплый свет,99.69 
Лампа InHome светодиодная JCDR 11Вт GU5.3 теплый свет,149.98 
Лампа InHome светодиодная шар 8Вт Е14 теплый свет,99.89 
Кабель аудио AUX3.5 1м Appacs,349.99 
Лампа InHome светодиодная шар 8Вт Е27 холодный свет,99.79 
Лампа InHome светодиодная A60 8Вт Е27 теплый свет,89.67 
Лампа InHome светодиодная A60 10Вт Е27 теплый свет,99.99 
Лампа InHome светодиодная A60 20Вт Е27 теплый свет,179.68 
Лампа InHome светодиодная A60 20Вт Е27 холодный свет,179.68 
Лампа ЭРА светодиодная JCD 5Вт G9 холодный свет,239.99 
Лампа ЭРА светодиодная филаментная А60 9Вт Е27 теплый свет,259.99 
Светильник светодиодный на липучке Эра 3хААА,239.99 
Лампа ЭРА светодиодная JCD 5Вт G9 теплый свет,239.99 
Лампа ЭРА светодиодная свеча 11Вт Е27 холодный свет,199.99 
Лампа ЭРА светодиодная свеча 11Вт Е27 теплый свет,199.99 
Лампа ЭРА светодиодная шар 7Вт Е27 холодный свет,149.99 
Лампа ЭРА светодиодная свеча 7Вт Е27 холодный свет,149.99 
Лампа ЭРА светодиодная шар 11Вт Е27 холодный свет,199.99 
Лампа ЭРА светодиодная свеча 7Вт Е27 теплый свет,149.99 
Лампа ЭРА светодиодная шар 7Вт Е27 теплый свет,149.99 
Лампа ЭРА светодиодная шар 11Вт Е27 теплый свет,199.99 
Лампа ЭРА светодиодная А60 15Вт Е27 холодный свет,199.99 
Лампа ЭРА светодиодная А60 13Вт Е27 холодный свет,169.99 
Лампа ЭРА светодиодная филаментная А60 9Вт Е27 холодный свет,259.99 
Лампа ЭРА светодиодная А60 15Вт Е27 теплый свет,199.99 
Лампа ЭРА светодиодная А65 19Вт Е27 холодный свет,239.99 
Лампа ЭРА светодиодная А60 11Вт Е27 холодный свет,149.99 
Лампа ЭРА светодиодная А60 13Вт Е27 теплый свет,169.99 
Лампа ЭРА светодиодная А65 19Вт Е27 теплый свет,239.99 
Лампа ЭРА светодиодная F-LED свеча 5Вт Е14 теплый свет,169.99 
Лампа ЭРА светодиодная шар 11Вт Е14 теплый свет,199.99 
Лампа ЭРА светодиодная шар 7Вт Е14 теплый свет,149.99 
Лампа ЭРА светодиодная свеча 7Вт Е14 теплый свет,149.99 
Лампа ЭРА светодиодная свеча 7Вт Е14 холодный свет,149.99 
Лампа ЭРА светодиодная А60 11Вт Е27 теплый свет,149.99 
Лампа ЭРА светодиодная шар 11Вт Е14 холодный свет,199.99 
Лампа ЭРА светодиодная шар 7Вт Е14 холодный свет,149.99 
Лампа ЭРА светодиодная F-LED свеча 5Вт Е14 холодный свет,169.99 
Лампа ЭРА светодиодная свеча 11Вт Е14 холодный свет,199.99 
Лампа ЭРА светодиодная свеча 11Вт Е14 теплый свет,199.99 
Лампа ЭРА шар 40Вт Е27 прозрачная,39.99 
Лампа ЭРА свеча 60Вт Е27 прозрачная,39.99 
Лампа ЭРА шар 60Вт Е27 прозрачная,39.99 
Лампа ЭРА свеча 60Вт Е14 прозрачная,39.99 
Лампа ЭРА шар 40Вт Е14 прозрачная,39.99 
Лампа ЭРА свеча 40Вт Е14 прозрачная,39.99 
Лампа ЭРА шар 60Вт Е14 прозрачная,39.99 
Лампа ЭРА светодиодная MR16 8Вт GU5.3 холодный свет,104.99 
Лампа ЭРА светодиодная MR16 8Вт GU5.3 теплый свет,104.99 
Лампа ЭРА ECO светодиодная шар 8Вт Е27 теплый свет,104.99 
Лампа ЭРА ECO светодиодная шар 8Вт Е27 холодный свет,104.99 
Лампа ЭРА ECO светодиодная свеча 8Вт Е27 теплый свет,104.99 
Лампа ЭРА ECO светодиодная свеча 8Вт Е27 холодный свет,104.99 
Лампа Gauss светодиодная А67 25ВТ Е27 теплый свет,399.99 
Лампа ЭРА ECO светодиодная шар 8Вт Е14 теплый свет,104.99 
Лампа ЭРА ECO светодиодная свеча 8Вт Е14 холодный свет,104.99 
Элемент питания Duracell Spec 2016 2шт,339.79 
"Лампа Gauss светодиодная свеча 9,5Вт Е14 теплый свет",219.99 
"Лампа Gauss светодиодная свеча 9,5Вт Е14 холодный свет",219.99 
Лампа ЭРА ECO светодиодная свеча 8Вт Е14 теплый свет,104.99 
Элемент питания Duracell Specialty 2025 2шт,339.78 
Наушники вкладыши RX-190 Intro,116.99 
Мышь беспроводная MW175 Intro,409.99 
Элемент питания Duracell UltraPower АА LR6 2шт,219.79 
Элемент питания Duracell Ultra Power АА LR6 4шт,379.99 
Элемент питания Duracell Basic ААА 1.5V LR03 8шт,579.97 
Элемент питания Duracell Basic AA 1.5V LR6 8шт,579.97 
Батарейка Duracell Specialty 2032 2шт,339.77 
Элемент питания Duracell UltraPower ААА LR03 4шт,379.99 
Лампа Gauss светодиодный шар 20Вт Е27 теплый свет,269.69 
Лампа Gauss светодиодная шар 15Вт Е27 холодный свет,229.68 
Лампа Gauss светодиодная шар 20Вт Е27 холодный свет,269.69 
Элемент питания Duracell UltraPower ААА LR03 2шт,219.89 
"Лампа Gauss светодиодная шар 6,5Вт Е14",159.87 
Светильник светодиодные 7Вт 60см СПБ-Т5,469.88 
"Элемент питания Энерджайзер AA/MAX E91 1,5V 2шт",169.68 
"Элемент питания Энерджайзер AAA/MAX E92 1,5V 2шт",169.78 
"Элемент питания Энерджайзер Литиум CR 2016 1,5V",149.98 
"Элемент питания Энерджайзер AAA/MAX E92 1,5V 6шт",329.98 
"Элемент питания Энерджайзер AA/MAX E91 1,5V 6шт",329.98 
"Элемент питания Энерджайзер AA/MAX E91 1,5V 4шт",259.78 
"Наушники вкладыши 1,2м RX-260 Intro",229.99 
"Лампа Gauss светодиодная шар 6,5Вт Е27 холодный свет",159.87 
"Лампа Gauss светодиодная шар 6,5Вт Е27 теплый свет",159.87 
Переходник Фотон АМ 6-1 6А,89.89 
Лампа Gauss светодиодная шар 15Вт Е27 теплый свет,229.68 
Удлинитель ЭРА 3гн 10м с заземлением,869.99 
"Фильтр сетевой ЭРА 4гн 1,5м с заземлением",519.99 
Лампа Эра галогенная с отражателем GU5.3 35W 12V,79.99 
Лампа Эра галогенная GU10 JCDR 35Вт 230V,129.99 
Элемент питания Duracell Basic D 1.5V LR20 2шт,629.97 
Элемент питания Duracell Basic С 1.5V LR14 2шт,429.96 
Элемент питания Duracell 12V MN21 1шт,159.88 
Элемент питания Duracell 12V MN27 1шт,219.96 
Разветвитель Фотон на 3 розетки,199.99 
Лампа Gauss светодиодная шар 12Вт Е27 холодный свет,229.68 
Лампа Эра галогенная G4 JCD 40W 230V,79.99 
Лампа Эра галогенная GU5.3 JCDR (MR16) 35W 230V,99.99 
Лампа Эра галогенная GY6.35 JCD 35W 230V,79.99 
Лампа Эра галогенная GY6.35 JC 35Вт 12V,69.99 
Элемент питания Duracell Basic 9V 6LR61 1шт,419.87 
Элемент питания Energizer Maximum AA 1.5V LR6 2шт,199.99 
Элемент питания Energizer Maximum AAА 1.5V LR03 2шт,199.99 
Элемент питания Duracell 1.5V LR44 2шт,179.97 
Лампа Эра галогенная G4 JC 20W 12V,54.99 
Лампа Эра галогенная G9 JCD 40 230V Cl,79.99 
Элемент питания Duracell Basic AA 1.5V LR6 4шт,299.78 
Элемент питания Duracell Basic ААА 1.5V LR03 2шт,179.67 
Элемент питания Duracell Basic AA 1.5V LR6 2шт,179.67 
Элемент питания Duracell Basic ААА 1.5V LR03 4шт,299.78 
