Вишня 300г И Зимой И Летом,219.99 
Блины с вишней Мираторг 360г,169.99 
Блины с курицей Мираторг 360г,169.99 
Блины с мясом Мираторг 360г,159.99 
Брусника И Зимой И Летом 300г,209.99 
Мороженое протеиновое без сахара Крем-брюле BOMBBAR 90г стакан,109.99 
Мороженое протеиновое без сахара Бельгийский шоколад BOMBBAR 90г стакан,109.99 
Мороженое Пломбир крем-брюле BURENKA CLUB 400г рулет,309.99 
Мороженое протеиновое без сахара Пломбир BOMBBAR 90г стакан,109.99 
Мороженое протеиновое без сахара солёная карамель/сливки BOMBBAR 150г ведро,199.99 
Мороженое протеиновое без сахара Сочная дыня BOMBBAR 150г ведро,199.99 
Пирог с мясом Ирон Кабис 500г,399.99 
Пирог с картофелем Ирон Кабис 500г,259.99 
Пельмени Мяснушки отборная говядина Ложкарёвъ 850г,349.99 
Пельмени говядина/свинина Ложкарёвъ 900г,409.99 
Пельмени Мяснушки со сливочным маслом Ложкарёвъ 850г,349.99 
Пельмени Мяснушки говядина/свинина Ложкарёвъ 850г,349.99 
Пельмени ПОТЕШКИ мясные подушечки БМК 430г,239.99 
Пельмени Мясные подушечки говядина БМК 430г,229.99 
Пельмени Весёлые индюшата БМК 430г,249.99 
Пельмени Мясные подушечки с кроликом БМК 430г з/м,249.99 
Вареники с чёрной смородиной Уральские пельмени 350г,144.99 
Хинкали по-восточному Ложкарёвъ 900г,419.99 
Котлеты из индейки Ложкарёвъ 400г,179.99 
Хинкали Любимая порция Сальников 800г,314.99 
Чебуреки Аппетитные Ратимир 400г,194.99 
Вареники рикотта шпинат БМК 450г,229.99 
Нечайный чай Безалкогольный глинтвейн Айс Кро 150г,149.99 
Овощной микс Завтрак с томатами Бондюэль 200г,119.99 
Гуакамоле классический Agama Green 150г,497.99 
Овощной микс Завтрак с кабачком Бондюэль 200г,99.99 
Мороженое Попкорн сладко-солёный с карамелью Баскин Роббинс 600г,1099.99 
Мороженое Коровка из Кореновки пломбир шоколадная крошка 400г,319.99 
Пельмени со сливками Сибирская Коллекция 700г,369.99 
Пельмени Сочные Сибирская Коллекция 700г,224.99 
Пельмени с сочным мясом Сытый папа 1кг,389.99 
Пельмени Полный фарш Сытый папа 700г,369.99 
Ананасы кусочками Планета Витаминов,369.99 
Вареник Могучий Русский с творожной начинкой 900г,279.99 
Наггетсы с сыром Петруха 290г,89.99 
Наггетсы Хрустящие Петруха 290г,134.99 
Пельмени Superior Цезарь 700г,329.99 
Пельмени Extra Цезарь 700г,329.99 
Чай облепиховый с имбирем и красной смородиной Hortex 250г,199.99 
Ежевика Master Fruits Сербия 300г,409.99 
Клубника Master Fruits Сербия 300г,299.99 
Мороженое Золотой стандарт арахис/кукурузные хлопья 61г,77.99 
Десерт ОЕ Кокосовый пай Сибхолод 480г,389.99 
Мороженое Волшебный фонарь пломбир ванильный с шоколадной крошкой Чистая линия 80г,119.96 
Мороженое Российское GOLD Чистая линия 80г,119.99 
Мороженое Российское RUBY Чистая линия 80г,119.99 
Вареники с вишней Уральские пельмени 400г,217.99 
Мороженое Грецкий орех/кленовый сироп Вкусландия 450г,619.99 
Мороженое ОЕ Арахис в карамели Сибхолод 360г,319.99 
Котлеты из трески Бухта Изобилия 450г,364.99 
Мороженое ОЕ Криспи в шоколаде Сибхолод 320г,319.99 
Лепешка Roti Ризык 450г,219.99 
Дамплинги-мини с овощами Корея 800г,399.99 
Мороженое Дьявольский дуэт Lаvelee 112г,189.99 
Мороженое Крем-печенье Lаvelee 112г,189.99 
Мороженое Дьявольское трио Lаvelee 112г,189.99 
Мороженое Kit Kat шоколадное/печенье Nestle 308г,677.99 
Мороженое Филевский стаканчик Айсберри 100г,77.97 
Мороженое Филевское пломбир Айсберри 80г,103.93 
Мороженое Филевский рожок ванильный Айсберри 60г,71.97 
Мороженое Pepero Арахис Корея 66г,51.98 
Мороженое Pepero Миндаль Корея 66г,51.98 
Мороженое Филевское Миндальная вишня Айсберри 550г,537.99 
Мороженое Филевское Бисконтино Айсберри 550г,669.99 
Мороженое Филевский пломбир Айсберри 80г,77.97 
Мороженое Филевское Пралине Айсберри 550г,669.99 
Мороженое Филевское Малиновый трюфель Айсберри 550г,679.99 
Мороженое Филевское Крем-брюле Айсберри 80г,77.97 
Солянка Beri Vari Сибирский Гурман 450г,339.99 
Суп Том Ям с креветками Beri Vari Сибирский Гурман 450г,429.99 
Крем-суп из брокколи со шпинатом Морозко 300г,129.99 
Картофель фри Fry Me 700г,167.99 
Манго на палочке Мангоша Вьетнам 75г,39.99 
Пельмени Говяжьи Белые ночи 900г,279.99 
Пельмени Восточные Белые ночи 900г,264.99 
Хинкали Сочинские Серышевский МК 1кг,347.99 
Тефтели с рисом Серышевский МК 800г,419.99 
Салат Царский Китай,199.99 
Мороженое Вита Магия сахарный рожок кленовый сироп/грецкий орех 70г,58.99 
Пельмени Сибирская марка Сальников 800г,357.99 
Мороженое Snickers 65г,109.98 
Мороженое Бананчик пломбир с шоколадным топпингом Славица 60г,27.99 
Мороженое пломбир на сливках ваниль Родимая Сторонка 80г,58.99 
Мороженое пломбир Родимая Сторонка малина/клюква 900г,419.99 
Мороженое пломбир на сливках шоколад Родимая Сторонка 80г,58.99 
Мороженое шоколадное стакан Дакгомз 70г,23.98 
Мороженое ванильное стакан Дакгомз 70г,15.99 
Блинчики с ветчиной и сыром Самбери 420г,159.99 
Мороженое пломбир Банан Родимая Сторонка 900г,379.99 
Мороженое Сладкая Кукуруза Lavelee 84г,79.99 
Мороженое Ваниль в шоколаде Lavelee 207г,189.99 
Пельмени Любимая порция Сальников 800г,257.99 
Пекерсы с индейкой в сливочном соусе Горячая штучка 250г,207.99 
Блинчики с мясом Самбери 420г,169.99 
Чебурек с мясом Горячая штучка 90г,54.99 
Мороженое Коровка из Кореновки пломбир 0% сахара 80г,127.99 
Мороженое Пломбир на сливках в шоколаде Родимая сторонка 80г,79.99 
Мороженое Арбуз Lavelee 268г,239.99 
Мороженое Метелица пломбир 15% 70г,58.99 
Уалибах-пирог сыр/шпинат Ирон Кабис 500г,499.99 
Голубцы Домашние мясо/рис Надежда 700г,364.99 
Мороженое Гулливер трюфель/злаковые шарики Бахрома 133г,174.99 
Мороженое Мишка на полюсе черника/голубика Бахрома 70г,69.99 
Мороженое Коровка из Кореновки рожок карамель 120г,119.99 
Мороженое Красный мак эскимо карамель/кунжут Бахрома 70г,97.99 
Мороженое Лесная белочка сливочное эскимо Бахрома 70г,97.99 
Мороженое Мишка на полюсе пломбир шоколадный 70г,69.99 
Мороженое Мишка на полюсе пломбир сэндвич 85г,107.99 
Мороженое Коровка из Кореновки черная смородина рожок 120г,119.99 
Мороженое Мишка на полюсе пломбир 70г,65.99 
Мороженое сахарный рожок Дакгомз 70г,58.99 
Мороженое ВитаМагия сахарный рожок в молочном шоколаде с миндалем 70г,58.99 
Морож Вита Магия эскимо в молочном шоколаде с миндалем 70г,89.99 
Мороженое пломбир эскимо Родимая сторонка фундук 70г,79.99 
Мороженое пломбир эскимо Родимая Сторонка дыня 55г,58.99 
Мороженое пломбир шоколадный/шоколадная крошка Lavelee 291г,259.99 
Мороженое Lavelee йогурт/шоколадные шарики 122г,169.99 
Мороженое пломбир эскимо Родимая Сторонка манго 55г,58.99 
Мороженое Цыпленок Lotte 62г,55.99 
Мороженое Маэстро шоколадное с фундуком 80г,129.99 
Мороженое Белые купола пломбир сахарный рожок 70г,49.99 
Мороженое пломбир на сливках персиковое брюле Родимая сторонка 80г,69.99 
Мороженое пломбир клубника со сливками Родимая сторонка 80г,79.99 
Мороженое Пломбир ванильный Родимая Сторонка 900г,419.99 
Мороженое шоколадное Родимая Сторонка 900г,419.99 
Мороженое Смузини вишня/малина/яблоко 330г,309.99 
Мороженое Смузини маракуйя/ананас/апельсин/чиа 330г,309.99 
Мороженое Хрустик клубничный Lotte 62г,69.99 
Мороженое ОЕ арахис/карамель Сибхолод 74г,77.99 
Мороженое ОЕ пломбир шоколадный в молочном шоколаде с какао-бобами Сибхолод 68г,69.99 
Мороженое ОЕ кокос в шоколаде Сибхолод 66г,77.99 
Мороженое Магнат миндаль 73г,129.99 
Мороженое Коровка из Кореновки Лакомство крем-брюле 90г,97.99 
Мороженое Эkzо драгонфрут 70г,99.99 
Мороженое Российское пломбир шоколадный Чистая Линия 80г,121.99 
Мороженое Фермерский пломбир в молочной глазури Ангария 65г,77.99 
Мороженое ОЕ пломбир ванильный в молочном шоколаде с какао-бобами Сибхолод 68г,69.99 
Мороженое пломбир ванильный в шоколадной глазури с арахисом Чистая линия 80г,125.95 
Мороженое Ленинградское эскимо в шоколадной глазури Ангария 80г,129.99 
Мороженое Cornetto Энигма единорог 73г,109.99 
Мороженое Магнат Брюнетка эскимо 74г,95.99 
Мороженое Золотой стандарт пломбир Карамельная конфетка 61г,94.99 
Мороженое Коровка из Кореновки пломбир 80г,127.99 
Мороженое Манго пломбир Чистая линия 70г,119.95 
Мороженое Лапочка на Палочке пломбир ванильный трехслойное Чистая Линия 65г,72.92 
Мороженое Коровка из Кореновки пломбир крем-брюле 70г,107.99 
Мороженое Коровка из Кореновки пломбир с фундуком 70г,107.99 
Мороженое Маэстро пломбир с фундуком Ангария 80г,129.99 
Мороженое Маэстро фисташка в молочной глазури с миндалем Ангария 80г,129.99 
Мороженое Melona банан Binggrae 74г,59.99 
Мороженое Melona манго Binggrae 74г,59.99 
Мороженое Милкис Lotte 70г,69.99 
Мороженое Melona клубника Binggrae 77г,59.99 
Мороженое Манго Lavelee 93г,119.99 
Мороженое Голубика в йогурте Lavelee 93г,119.99 
Мороженое Магнат Руби сливочное 70г,144.99 
Мороженое Хрустик шоколадный Lotte 62г,69.99 
Мороженое Лама попкорн молочный 60г,94.99 
Мороженое Melona кокос Binggrae 77г,59.99 
Мороженое Ракушка клубничная Lotte 77г,59.99 
Мороженое пломбир шоколадный в пергаменте Чистая Линия 70г,83.99 
Мороженое сладкая кукуруза Lotte 72г,84.99 
Мороженое Тетрис Lotte 70г,59.99 
Мороженое Российское пломбир ваниль/молочный шоколад Чистая Линия 80г,117.99 
Мороженое пломбир ванильный Чистая Линия 70г,69.99 
Мороженое Магнат манго/красная ягоды 74г,129.99 
Мороженое Магнат Шоколадный трюфель 72г,129.99 
Мороженое сахарный рожок Чистая линия 110г,119.99 
Мороженое пломбир Крем-брюле Чистая Линия 80г,93.99 
Мороженое ОЕ пломбир с черной смородиной Сибхолод 100г,84.99 
Мороженое ОЕ пломбир ванильное Сибхолод 100г,84.99 
Мороженое ОЕ пломбир с кедровым орехом Сибхолод 80г,87.99 
Мороженое Коровка из Кореновки фисташка 80г,126.99 
Мороженое Фермерский пломбир ванильное Ангария 100г,94.99 
Мороженое Пломбир с кедровым орехом Гроспирон 70г,97.99 
Мороженое пломбир ванильный Чистая линия 80г,95.95 
Мороженое пломбир шоколадный Чистая линия 80г,97.99 
Мороженое Коровка из Кореновки пломбир шоколадный 100г,94.99 
Мороженое Коровка из Кореновки пломбир крем-брюле 100г,94.99 
Мороженое Золотой стандарт пломбир клубника 85г,89.99 
Мороженое Фифти фифти птичье молоко 160г,137.99 
Мороженое Дабл Бьянка Lotte 144г,109.99 
Клубника Hortex 300г,209.99 
Мороженое Золотой стандарт чернослив/курага/арахис 88г,99.99 
Пельмени Капелетти Мерилен 800г,294.99 
Мороженое Радуга пломбир ванильный Чистая линия 90г,93.99 
Мороженое Золотой стандарт пломбир суфле крошка 82г,99.99 
Мороженое пломбир шоколадный Чистая Линия 80г,97.99 
Мороженое пломбир на йогурте груша Ангария рожок 130г,159.99 
Мороженое пломбир ванильный Чистая Линия 80г,97.99 
Мороженое Cornetto Enigma малина рожок 73г,109.99 
Мороженое Пломбир на сливках рожок Гроспирон 110г,109.99 
Мороженое Московская Лакомка шоколадное Чистая Линия трубочка 80г,117.99 
Мороженое Коровка из Кореновки пломбир клубничный джем рожок 120г,119.99 
Мороженое Коровка из Кореновки пломбир в шоколадно-сливочной глазури 90г,107.99 
Мороженое пломбир Баргузинский Лакомка Ангария трубочка 80г,107.99 
Мороженое Ла Бест мята/шоколадная крошка рожок 95г,124.99 
Мороженое рожок Радуга пломбир ванильный Чистая линия 110г,123.93 
Мороженое Московская лакомка пломбир ванильный Чистая Линия 80г,117.99 
Мороженое Бьянка ванильный вафельный рожок Lotte 100г,124.99 
Мороженое Бьянка шоколадный вафельный рожок Lotte 100г,124.99 
Мороженое Золотой стандарт трубочка 74г,97.99 
Мороженое малиновое с кусочками шоколада Латвия 320г,353.93 
Мороженое Mars 300г,619.99 
Мороженое Snickers 340г,619.99 
Мороженое Сырный чизкейк Lavelee 132г,199.99 
Мороженое Пломбир Шоколад-Шоколадович с кусочками шоколада Чистая Линия 400г,587.97 
Мороженое пломбир Дыня Родимая Сторонка 900г,419.99 
Мороженое Йогурт Lavelee 140г,169.99 
Мороженое Коровка из Кореновки ванильное манго/маракуйя 400г,319.99 
Мороженое Фермерский пломбир ванильный Ангария 450г,355.95 
Мороженое Золотой стандарт шоколадный 400г,334.99 
Мороженое с черникой Родимая Сторонка 900г,419.99 
Мороженое Косичка Настроение клубника Славица 500г,169.99 
Мороженое Семейное пломбир ванильный 450г,399.99 
Мороженое Семейное пломбир шоколадный 450г,489.99 
Мороженое Пончик банан/клубника/лайм с печеньем 52г,69.99 
Мороженое Радуга пломбир сэндвич Чистая линия 90г,117.97 
Мороженое Пломбир ванильный Чистая линия 70г,87.99 
Мороженое Шайбу пломбир в шоколадном печенье Чистая Линия,113.93 
Мороженое пломбир в вафлях Коровка из Кореновки 70г,77.99 
Мороженое Золотой стандарт сэндвич пломбир 69г,99.99 
Мороженое Коровка из Кореновки шоколадное эскимо 70г,107.99 
Мороженое пломбир шоколадный Чистая Линия 200г,183.93 
Мороженое Золотой стандарт 3 вкуса 180г,164.99 
Мороженое Ракушка сэндвич Lotte 124г,89.99 
Мороженое Snackup ягодный микс Сибхолод 80г,58.98 
Мороженое Брикет пломбир ванильный Чистая Линия 200г,183.93 
Смесь Минестроне Планета витаминов 400г,189.99 
Смесь для жарки Мексиканский микс Бондюэль 400г,159.99 
Смесь Арриба/соус Чимичурри Планета витаминов 400г,249.99 
Смесь Валенсия/соус Верде Планета витаминов 400г,209.99 
Пельмени Сказочные Мишка мини СибМясо 800г,239.99 
Ягодный микс Клюквенный космо Вологодская ягода 300г,209.99 
Пельмени Отборные свинина/говядина Стародворье 900г,359.99 
Пельмени Отборные говядина Стародворье 900г,359.99 
Фрикадельки Итальянские Мираторг 250г,179.99 
Дамплинги SeiYo с овощами 800г,339.99 
Дамплинги SeiYo с курицей и свининой 800г,549.99 
Дамплинги SeiYo с морепродуктами 800г,549.99 
Дамплинги SeiYo с овощами для жарки 800г,379.99 
Дамплинги SeiYo с морепродуктами для жарки 800г,549.99 
Салат Мексиканский Самбери 1кг,339.99 
Салат Царский Самбери 1кг,319.99 
Капуста цветная Самбери 1кг,249.99 
Капуста брокколи Самбери 1кг,299.99 
Колбаски гриль с сыром Ратимир 560г,349.99 
Котлеты с вялеными томатами Ратимир 400г,197.99 
Вареники Ратимир капуста 500г,167.99 
Люля-кебаб Ратимир 300г,177.99 
Котлеты по-домашнему Ратимир 400г,209.99 
Пельмени Имперские Ратимир 900г,417.99 
Вареники Ратимир картофель/мясо 500г,177.99 
Вареники Ратимир капуста/мясо 500г,187.99 
Вареники Ратимир картофель/грибы 500г,159.99 
Томаты Черри вяленые Планета Витаминов 200г,339.99 
Колбаски Гриль для жарки Ратимир 560г,397.99 
Смесь Цукини микс Планета Витаминов 400г,209.99 
Смесь Грин Фит Планета Витаминов 400г,209.99 
Пельмени Мясная тележка ручная лепка 800г,319.99 
Капуста брокколи Хортекс 700г,524.99 
Брусника Китай,399.99 
Конструктор кондитерский Мам я справлюсь Мороженое 65г,159.97 
Пельмени Сибирские Надежда 800г,399.99 
Пельмени Домашние Надежда-95 800г,404.99 
Салат Любимый Самбери 1кг,359.99 
Мороженое Тирамису 33 пингвина 450г,453.99 
Мороженое Манго-манго 33 пингвина 450г,453.99 
Мороженое-десерт Киви 33 пингвина 450г,453.99 
Мороженое Экзо манго/малина 520г,577.99 
Мороженое Золотой Стандарт пломбир классический 400г,334.99 
Лед коктейльный стакан 180г,79.99 
Мороженое Baskin Robbins мятное с шоколадной крошкой 500мл,799.99 
Лед коктейльный пакет 1кг,109.99 
Пирожное Чизкейк Нью-Йорк Bettys cake 100г,157.99 
Пирожное Чизкейк шоколадный Bettys cake 100г,157.99 
Тесто слоеное пресное ЭТО 400г,59.99 
Тесто слоеное дрожжевое ЭТО 400г,59.99 
Грибы Шампиньоны резаные Самбери 1кг,349.99 
Пельмени рыбные Скиф 800г,267.97 
Горошек зеленый Самбери 400г,139.99 
Шпинат шариками Самбери 400г,149.99 
Смесь овощная Сабджи Бондюэль 400г,257.99 
Рататуй Бондюэль 400г,249.99 
Смесь овощная Фасулье Бондюэль 400г,257.99 
Смесь овощная Вок Бондюэль 400г,257.99 
Фасоль стручковая резаная Хортекс 700г,364.99 
Грибы шампиньоны резаные Хортекс 700г,354.99 
Смесь Итальянская Планета Витаминов 400г,189.99 
Котлеты из говядины Халяль 320г,249.99 
Манты Пикантные Надежда-95 1кг,229.96 
Пельмени фермерская индейка Сибирская коллекция 700г,385.99 
Вареники Ратимир картофель 500г,125.99 
Манты Великосочные Сибирский гурман 800г,399.99 
Дамплинги со свининой Корея 800г,609.99 
Бульмени Горячая штучка со сливочным маслом 900г,384.99 
Биточки кальмаровые КВЭН 530г,409.99 
Тефтели Великосочные домашние Сибирский Гурман 480г,247.99 
Котлеты Домашние Надежда-95 400г,229.99 
Котлеты куриные Надежда-95 800г,277.99 
Салат Мексиканский Самбери 400г,179.99 
Капуста цветная Самбери 400г,159.99 
Капуста брокколи Самбери 400г,169.99 
Жимолость Гурманика Планета Витаминов 200г,379.99 
Гребешок Fazer с яблочным повидлом 240г,87.99 
Черешня Гурманика без косточки Планета Витаминов 250г,289.99 
Пельмени Русские ручная лепка Ратимир 800г,429.99 
Наггетсы Вязанка с индейкой 250г,207.99 
Уалибах-пирог с сыром Ирон Кабис 500г,399.99 
Котлеты из индейки Государь 450г,189.99 
Наггетсы куриные из печи Вязанка 250г,149.99 
Пельмени Мои хорошие ручная лепка Сибирский Гурман 800г,459.99 
Котлеты по-киевски Ратимир 400г,227.99 
Вареники Ратимир картофель/сыр 500г,177.99 
Котлеты Домашние Государь 450г,197.99 
Котлеты рыбные минтай/горбуша Надежда-95 800г,377.99 
Пельмени Халяль 1кг,517.99 
Пельмени с телятиной 900г Ратимир,429.99 
Сырники Надежда-95 480г,249.99 
Вареники Серышевский МК мясо и капуста  1кг,349.99 
Фасоль стручковая Самбери 1кг,249.99 
Салат Царский Самбери 400г,179.99 
Фасоль стручковая Самбери 400г,159.99 
Вареники Великосочные с вишней Сибирский Гурман 400г,229.99 
Капуста брокколи Всегда добрый день 400г,149.99 
Бифштекс 400г Ратимир,279.99 
Манго Планета Витаминов 300г,289.99 
Мороженое Джоанна Lotte 900мл,399.99 
Мороженое Фисташковое Гроспирон 410г,659.99 
Мороженое Коровка из Кореновки пломбир 400г,319.99 
Мороженое Пломбир на сливках Гроспирон 240г,209.99 
Мороженое Золотой стандарт пломбир 475г,517.99 
Мороженое Натур черника Гроспирон 240г,209.99 
Тесто слоеное пресное Всегда Добрый день 500г,79.99 
Тесто слоеное дрожжевое Всегда Добрый день 500г,134.99 
Наггетсы Куриные Ратимир 310г,177.99 
Пельмени из телятины Кубанский бекон 400г,113.99 
Фрикадельки мясные Надежда-95 800г,439.99 
Ёжики Вкусные Надежда-95 800г,449.99 
Готовое блюдо Жульен курица и грибы Государь 125г,204.99 
Блинчики Серышевский МК с ливером 1кг,357.99 
Зразы куриные с грибами Серышевский МК 400г,229.99 
Ромштекс Домашний Надежда-95 800г,227.99 
Люля-кебаб Экстра Мясное дело 400г,194.99 
Блинчики Серышевский МК с печенью 1кг,347.99 
Вареники Могучий Русский с картофелем и шкварками 900г,234.99 
Колбаски куриные для жарки и гриля с лимоном Доброе дело 350г,239.99 
Колбаски Чевапчичи с сыром Ратимир 600г,367.99 
Черешня без косточки замороженная,477.99 
Котлеты Татарские Мерилен 800г,344.99 
Ромштекс Мерилен 800г,419.99 
Котлеты Домашние Мерилен 800г,357.99 
Котлеты рыбные из белорыбицы Мерилен 400г,119.99 
Фрикадельки Мясные Серышевский МК 500г,217.99 
Солянка с курицей Государь 250г,149.99 
Суп гороховый Государь 250г,139.99 
Хинкали с сыром ручной лепки Ирон Кабис 702г,439.99 
Хинкали с грибами ручной лепки Ирон Кабис 702г,499.99 
Мороженое Bounty батончик 40г,94.99 
Мороженое Золотой стандарт пломбир шоколадный 86г,59.99 
Мороженое Золотой Стандарт Московский пломбир 80г,89.99 
"Мороженое Mars молочный шоколад 41,8г",94.99 
Мороженое пломбир на йогурте Ангария 75г,87.99 
Мороженое пломбир на йогурте черничный Ангария 75г,94.99 
Мороженое Золотой Стандарт пломбир классический 86г,89.99 
Мороженое Эkzо манго/малина 70г,99.99 
Мороженое Золотой стандарт Большой пломбир 100г,104.99 
Мороженое Натур пломбир шоколадный Гроспирон 90г,79.99 
Мороженое Золотой стандарт пломбир фисташковый 86г,89.99 
Мороженое пломбир на натуральных сливках Гроспирон 80г,79.99 
Мороженое Эkzо арбуз/дыня 72г,99.99 
Пельмени По-дальневосточному лосось Мерилен 400г,199.99 
Мороженое пломбир Натур с шоколадной крошкой Гроспирон 90г,87.99 
Борщ с курицей Государь 250г,147.99 
Пельмени 4 вида мяса Сибирская Коллекция 700г,349.99 
Пельмени из мраморной говязины Black angus Мираторг 800г,509.99 
Тефтели Ежики Серышевский МК 600г,299.99 
Дамплинги с морепродуктами 800г,549.99 
Пельмени Говяжьи Доброе Дело 800г,407.97 
Пельмени Для папы Серышевский МК 900г,377.99 
Хинкали 800г Мерилен,289.99 
Салат Мексиканский Планета Витаминов,239.99 
Пельмени Мясшарики Сальников 900г,357.99 
Пельмени Домашние Сальников 800г,389.99 
Готовое блюдо замороженное Паэлья 4 Сезона 600г,624.99 
Сырники Солнцепек 330г з/м Сибирский Гурман,259.99 
Вареники Мясное дело капуста с мясом 450г,157.99 
Готовое блюдо Сакэна с рисом 600г з/м 4 Сезона,767.99 
Мороженое Пломбир на сливках Гроспирон 430г,419.99 
Вареники Могучий Русский с картофелем и грибами 900г,234.99 
Мороженое Домашнее 900г Полюс,377.99 
Пельмени Дальневосточные Ратимир 600г,289.99 
Манты по Бурятски Домашний повар з/м 720г,339.99 
Пельмени рыбные с лососем 800г Чудо-Невод,314.99 
Готовое блюдо Ризотто с морепродуктами 600г з/м 4 Сезона,727.99 
Блинчики с творогом 3шт 210г Морозко,77.99 
Капуста брюссельская Планета Витаминов 400г,199.99 
Пломбир на сливках Ангария 15% 900г,589.99 
Мороженое Натур Гроспирон пломбир/брусника 410г,367.99 
Мороженое Натур пломбир шоколадный Гроспирон 410г,429.99 
Пельмени Бараньи 600г замороженные Ратимир,277.99 
Котлеты из кальмара КВЭН 400г,329.99 
Котлеты рыбные Нежные КВЭН 400г,317.99 
Зразы сыр/ветчина 500г замороженные Берёзовка,233.99 
Тефтели Нежные 500г замороженные Берёзовка,245.95 
Вареники Доброе Дело картофель с луком 800г,215.99 
Пельмешки с индейкой Надежда-95 600г,289.99 
Хинкали с говядиной ручной лепки Ирон Кабис 702г,349.99 
Облепиха Китай замороженная весовая,259.99 
Хинкали НМК 800г,343.93 
Овощи для жарки Hortex 400г,209.99 
Облепиха Hortex 250г,249.99 
Смесь гавайская Hortex 400г,177.99 
Пельмени Классические Морозко 500г,177.99 
Вареники с клубникой Уральские Пельмени 350г,144.99 
Грибы опята Планета Витаминов 300г,219.99 
Ежевика Hortex 300г,399.99 
Блинчики Серышевский МК с мясом и рисом 1кг,389.99 
Блинчики Серышевский МК с творогом 1кг,379.99 
Вареники Могучий Русский с картофелем 900г,237.99 
Черника Планета Витаминов 300г,299.99 
Круггетсы с сырным соусом 250г Поком,197.99 
Чебупицца Курочка по-итальянски 250г Поком,187.99 
Капуста брокколи 400г з/м Хортекс,289.99 
Пельмени по-домашнему ручной лепки Доброе Дело 800г,385.95 
Пельмени Детские Мясное дело 450г,194.99 
Пельмени Сибирские Доброе Дело 800г,339.99 
Пельмени Скифики 900г СКИФ,298.98 
Пельмени Сливочные 900г СКИФ,313.98 
Пельмени Говяжьи Скиф 900г,327.99 
Смесь гавайская Vegepack 400г,159.99 
Пельмени Русские Доброе Дело 800г,353.93 
Позы по-домашнему Доброе Дело 800г,383.93 
Котлеты Баварские рубленые замороженные 400г Мясное дело,194.99 
Пельмени Смешарики 800г Сибирский Гурман,429.99 
Пельмени Купеческие Ратимир 900г,429.99 
Бульмени свинина и говядина Горячая штучка 900г,384.99 
Пельмени Едим Дома Классические 900г Сибирский Гурман,559.99 
Пельмени Цезарь с мясом бычков 750г,644.99 
Пельмени Русские плюс 800г Мерилен,399.99 
Сырники творожные Ратимир 240г,144.99 
Пельмени Цезарь Байрам 500г Морозко,467.99 
Пельмени Домашние ручной лепки 950г замороженные Сибирский Гурман,477.99 
Дамплинги овощные с кимчи 800г,434.97 
Пельмени Классические Сальников 800г,434.99 
Колбаски Чевапчичи Ратимир 600г,384.99 
Вареники с творогом 500г Ратимир,155.99 
Вареники Ратимир картофель/бекон 500г,199.99 
Смородина черная замороженная,499.99 
Капуста Цветная замороженная,249.99 
Вишня без косточки Hortex 300г,359.99 
Блинчики с творогом замороженные 420г Ратимир,177.99 
Пельмени Мерилешки 800г,349.99 
Голубцы Мерилен 800г,399.99 
Пельмени ДС Великосочные 1кг Сибирский Гурман,395.98 
Пельмени Северные из оленины Скиф 900г,308.98 
Вареники картофель 800г Мерилен,194.99 
Пельмени аппетитные с телятиной Доброе Дело 800г,387.97 
Пельмени Дворянские 900г Ратимир,359.99 
Блинчики с мясом и рисом 420г Ратимир,164.99 
Блинчики с мясом 420г Ратимир,179.99 
Блинчики ветчина и сыр 420г Ратимир,129.99 
Мороженое Золотой стандарт клубника/шоколад/ваниль 475г,527.99 
Мороженое Экзо черника/ежевика 520г,497.99 
Мороженое Экзо арбуз/дыня 520г,509.99 
Мороженое Baskin Robbins Джамока с миндалем 1л,1099.99 
Мороженое Baskin Robbins Сливки с печеньем 1л,1099.99 
Мороженое Baskin Robbins Бейсбольный орешек 1л,1099.99 
Мороженое Baskin Robbins миндально-фисташковое 1л,1099.99 
Мороженое Baskin Robbins Пралине 1л,1099.99 
Грибы Маслята Планета Витаминов 300г,239.99 
Грибное ассорти Планета Витаминов 300г,219.99 
Готовое блюдо Фондю Эменталь 4 Сезона 600г,587.99 
Крылышки куриные готовые замороженные Поком 300г,284.99 
Чебупели с сыром и ветчиной замороженные Поком 300г,204.99 
Смесь (готовое блюдо) Шампиньон де Пари 4 сезона 600г,437.99 
Блинчики с вишневой начинкой Ратимир 420г,154.99 
Вареники с капустой Мерилен 800г,217.99 
Блинчики вареная сгущенка Ратимир 420г,154.99 
Брусника Планета Витаминов 1кг,739.99 
Облепиха Планета Витаминов 300г,179.99 
Слива Планета Витаминов 300г,159.99 
Фруктовое ассорти Планета Витаминов 300г,199.99 
Смородина черная Планета Витаминов 300г,219.99 
Клубника Планета Витаминов 1кг,389.99 
Клюква Планета Витаминов 300г,269.99 
Вареники Три ягодки 450г Сибирский Гурман,199.99 
Хинкали ДС круглые 1кг Сибирский Гурман,317.99 
Бифштекс мясной Ратимир,545.99 
Наггетсы куриные с сыром 300г Мираторг,189.99 
Чебуреки Домашние з/м Мерилен,309.99 
Овощи для жарки с приправой по-восточному Hortex 400г,214.99 
Блинчики печень и рис Ратимир 420г,154.99 
Шпинат листовой Мираторг 400г,174.99 
Вареники с картофелем Сибирский Гурман 900г,209.99 
Овощи для жарки с шампиньонами Планета Витаминов 1кг,379.99 
Суп Гороховый смесь замороженная Hortex 400г,169.99 
Борщ Московский 4 Cезона 400г,179.99 
Кукуруза сладкая в зернах 4 Сезона 400г,164.99 
Суп Рассольник смесь замороженная Hortex 400г,187.99 
Перец сладкий трехцветный Планета Витаминов 1кг,359.99 
Смесь Сибирская 4 Сезона 400г,157.99 
Рататуй овощи отборные замороженные Мираторг 400г,179.99 
Овощная смесь Летняя Vитамин 400г,164.99 
Спаржа зеленая Планета Витаминов 400г,429.99 
Чебупели сочные с мясом 300г,204.99 
Блинчики с клубничной начинкой замороженные Ратимир 420г,164.99 
Хотстеры Горячая штучка 250г Поком,199.99 
Тесто слоеное дрожжевое рулон 500г Морозко,147.99 
Сардельки куриные с молоком замороженные Приосколье,254.99 
Суп Hortex грибной с подберезовиками 400г,197.99 
Вишня Планета витаминов 300г,219.99 
Брусника Планета витаминов 300г,359.99 
Гарнир с баклажанами Планета Витаминов 1кг,359.99 
Котлеты Домашние Серышевский МК 800г,437.99 
Грибной дуэт опята-маслята Планета Витаминов 1кг,539.99 
Смесь Hortex Весенние овощи замороженные 400г,227.99 
Клубника Планета Витаминов 300г,159.99 
Пельмени Ерофей 800г Мерилен,299.99 
Овощная смесь Мексико Хортекс замороженная 400 г,157.99 
Ананасы кусочками Планета Витаминов 1кг,599.99 
Вареники творог Принцесса Марина 800г Мерилен,264.99 
Вареники с творогом Доброе дело 800г,319.99 
Белые грибы Планета Витаминов 300г,379.99 
Блинчики ветчина/грибы Ратимир  420г,164.99 
Смесь Hortex салат VIP 400г,234.99 
Вареники Домашние секреты картофель/грибы Сибирский Гурман 900г,179.99 
