"Смесь сухая Maggi На второе Макароны с курицей в томатно-овощном соусе, 24 г",69.98
Смесь для гуляша Магги на второе 37г,69.98
Соус традиционный Dolmio 500г,168.99
Соус традиционный Dolmio 350г,138.98
Соус терияки Bens original 400г,179.98
Соус сладкий чили Bens original 400г,179.98
Соус с луком и чесноком Dolmio 500г,198.98
Соус с перцем чили Dolmio 400г,149.99
Соус с базиликом Dolmio 350г,138.98
Соус кисло-сладкий с ананасами Bens original 400г,179.98
Соус с баклажаном Dolmio 400г,149.99
Соус с базиликом Dolmio 500г,198.98
Соус с итальянскими травами Dolmio 400г,179.98
Соус острый Dolmio 500г,168.99
Соус для лапши Bens original 400г,179.98
Соус кисло-сладкий с овощами Bens original 400г,179.98
Суп-лапша морепродукты/соус Покемон Daikoku 38г т/ч,239.98
Майонез Ряба Классический Сметанный 67% 233г,72.99
Хлопья ржаные Нордик 600г,177.78
Хлопья гречневые Агро-Альянс 400г,99.98
Хлопья овсяные Myllyn Paras 500г,129.96
Хлопья рисовые Myllyn Paras 400г,159.87
Хлопья пшенные с сушененными абрикосами Nordic 380г,157.98
Крупа геркулес Пассим 450г,89.98
Хлопья овсяные Муллен Парас500г,129.96
Хлопья овсяно гречневые Муллен Парас 300г,126.87
Основа для согревающего напитка Vita Bar облепиха имбирь мед 34г,37.98
Основа для согреващего напитка Vita Bar лимон имбирь мед 34г,37.98
Основа для согревающего напитка Vita Bar смородина чабрец мята 34г,37.98
Лапша со вкусом сыра CHEESE Ramen Samyang 120г,159.98
Лапша говядина свинина Yukgaejang ramen Samyang 86г,95.98
Лапша говядина морская капуста Beef&Seaweed ramen Оттоги 100г,119.98
Лапша говядина маринованная капуста BaiXiang 154г,159.98
Приправа перечная с розмарином Kotanyi 20г,53.98
Лапша бесбармачная яичная премиум Кэмми 250г,99.98
Лапша Удон Nong Shim 62г,87.98
Макаронные изделия лапша для лагмана яичная Кэмми 250г,99.77
Маринад универсальный Махеевъ 300г,89.98
Соус Махеев деликатесный терияки 230г,69.98
Соус Махеев деликатесный барбекю 230г,69.98
Соус чатни-груша для цыпленка Хайнц 230мл,179.98
Соус цитрусовый для стейка Хайнц 230мл,179.98
Соус брусничный Darbo Мистраль 400г,439.98
Соус соевый Ачим 860мл,199.98
Соус для запекания овощей гриль Гурмикс 50г,76.98
Соус для запекания курицы  Гурмикс  50г,69.98
Соус для приготовления плова Гурмикс  50г,76.98
Соус для запекания курицы гриль Гурмикс  50г,69.98
Соус для приготовления сациви из курицы Гурмикс 50г,76.98
Аджика Noyan 370г,199.98
Паста томатная МЖК 350г,79.98
Томатный соус с базеликом Pomito 370г,239.98
Соус имбирно-соевый с кунжутом Heinz 120г,149.98
Приправа для сациви GAMARJOBA 40г,119.98
Приправа для мяса GAMARJOBA 50г,119.98
Приправа Сванская соль GAMARJOBA 60г,119.98
Приправа для харчо GAMARJOBA 50г,119.98
Основа для согревающего напитка Vita Bar имбирь/апельсин/корица 34г,37.98
Набор для глинтвейна на красном вине 38г,99.69
Набор для глинтвейна на белом вине 34г,99.69
Бадьян звездчатый молотый Золото Индии 30г,137.98
Перец чили красный молотый Золото Индии 30г,103.98
Куркума целая органик Золото Индии 30г,99.98
Паприка красная с остринкой Золото Индии 30г,103.98
Приправа Хмели сунели GAMARJOBA 50г,119.98
Приправа Уцхо сунели GAMARJOBA 40г,119.98
Кинза GAMARJOBA 40г,119.98
Приправа Сухая аджика GAMARJOBA 60г,149.98
Приправа Сванская соль острая GAMARJOBA 50г,119.98
Гранола фундук/киноа Yelli 200г,187.98
Приправа Идея Вкуса Ножка&Картошка 25г,47.98
Приправа Идея Вкуса Фитнесс Фета 18г,47.98
Приправа Идея Вкуса Овощи из печи 25г,47.98
Приправа Идея Вкуса Карри Стайл 35г,47.98
Приправа Идея Вкуса Энерджи Авокадо 30г,47.98
Приправа Идея Вкуса Чао Болоньезе 40г,47.98
Приправа Идея Вкуса Вива Лазанья 40г,47.98
Приправа Идея Вкуса Чикен-ролл 27г,47.98
"Лапша Маручан Якисоба FIRE HOT острая говядина 113,3г",174.89
Соус томатный с оливками Alberto Poiatti 350г,379.98
Соус томатный с базиликом Alberto Poiatti 350г,379.98
Масло подсолнечное рафинированное Краснодар 800мл,149.98
Кетчуп Итальянский Heinz 320г,156.98
Кетчуп острый Heinz 320г,156.98
Кетчуп с чесноком и пряностями Heinz 320г,156.98
Кетчуп томатный Heinz 320г,144.98
Кетчуп для гриля и шашлыка Heinz 320г,144.98
Кетчуп чили Махеевъ 300г,69.98
"Масло льняное нерафинированное Dr.Naturi 0,25л",129.98
"Масло горчичное нерафинированное Dr.Naturi 0,25л",129.98
Чечевица красная колотая Мистраль 450г,129.78
Соус майонезный Чесночный Herkkumaa 320г,279.98
Соус майонез RED`n GREEN Свекольный Herkkumaa 290г,337.98
Cоль ароматная мексиканская Gurmina 150г,129.88
Смесь перцев мята/лайм Gurmina 30г,99.98
Cоль ароматная итальянская Gurmina 150г,129.88
Cоль ароматная прованская Gurmina 150г,129.88
Смесь перцев карамель Gurmina 30г,99.98
Смесь перцев лимон Gurmina 30г,99.98
Cоль ароматная американская Gurmina 150г,129.88
Смесь перцев черника Gurmina 30г,99.98
Cоль ароматная финская Gurmina 150г,129.88
Мюсли соленая карамель Matti 250г,174.98
Желе персик/дыня Gurmina 45г,74.98
Смесь для соуса к салату сырно-чесночная Gurmina 30г,59.98
Смесь перцев апельсин Gurmina 30г,99.98
Смесь перцев какао-бобы Gurmina 30г,99.98
Смесь для соуса к салату цитрусовая Gurmina 30г,59.98
Желе вишня/гранат Gurmina 45г,74.98
Смесь для соуса к салату чесночная Gurmina 30г,59.98
Желе апельсин/грейпфрут Gurmina 45г,74.98
Смесь для соуса к салату кунжутная Gurmina 30г,59.98
Кисель малина/клюква Gurmina 30г,39.89
Желе лимон/лайм Gurmina 45г,74.98
Кисель абрикос/персик Gurmina 30г,39.89
Масло оливковое нерафинированное базилик EV Ondoliva 250мл,349.98
Майонез Классический 50% 850г,186.99
Соус для приготовления на гриле Thai Dancer 200мл,269.99
Приправа для пасты с чесноком и чили Kotanyi 20г,53.98
Смесь для ризотто в сливочно-сырном соусе Maggi 28г,69.98
Макаронные изделия жареные Aghorig 400г,138.99
Макаронные изделия спагетти Алейка 400г,28.99
Макаронные изделия паста в соусе Болоньезе Увелка 300г,128.79
Фасоль маш Увелка 400г,103.99
Макаронные изделия Ptitim Увелка 5х80г,109.99
Рис жасмин Увелка 5х80г,169.98
Крупа полба Увелка 450г,119.87
Рис басмати Увелка 5х80г,169.89
Крупа полба Увелка 5х80г,105.99
Крупа булгур Увелка 450г,85.99
Крупа кускус Увелка 400г,168.89
Гречка с грибами в соусе по-сибирски Увелка 260г,136.78
Крупа булгур в чесночном соусе по-итальянски Увелка 260г,126.89
Рис жасмин по-тайски сладкий чили Увелка 290г,126.68
Ячневая крупа Увелка 600г,59.97
Крупа кускус Увелка 5x80г,196.97
Лапша обжаренная Том Ям Cung Dinh 64г,69.89
Спагетти обжаренные сублимированные Kool 105г,99.89
Мюсли ананас/облепиха Granolife 400г,299.98
Мюсли клубника/семена чиа Granolife 400г,299.98
Масло оливковое рафинированное Всегда Добрый День 500мл,239.89
Масло оливковое рафинированное Всегда Добрый День 1л,339.89
Рис длинозерный обработанный паром Всегда Добрый день 5х80г,57.99
Майонез Мировой МЖК Хабаровск 500г,99.98
Лавровый лист Всегда Добрый День 10г,20.99
Суворовская каша 3 злака с нутом Здоровое Меню 400г,88.88
Макаронные изделия перья многозерновые Здоровое Меню 400г,58.88
Макаронные изделия спагетти многозерновые Здоровое Меню 400г,58.88
Макаронные изделия спиралька многозерновые Здоровое Меню 400г,58.88
Картофельное пюре говядина Петра 35г,22.99
Картофельное пюре курица Петра 35г,22.99
Смесь курица по-домашнему на второе Knorr 60г,99.98
Смесь паэлья по-испански на второе Knorr 28г,99.98
Смесь картошка по-деревенски на второе Knorr 40г,94.98
Масло подсолнечное нерафинированное Благо 650мл,129.98
Кетчуп чеснок-мята для курицы Heinz 320г,119.99
Кетчуп укроп-петрушка для шашлыка Heinz 320г,119.99
Лапша острый гуляш из курицы Mi ABC 60г,89.98
Лапша курица с зелёным луком Mi ABC 60г,89.98
Масло подсолнечное нерафинированное из обжаренных семян Русска 250г,136.98
Хлопья 6 злаков Царь 400г,49.98
Хлопья 4 злака Царь 400г,47.98
Рис басмати Самбери 500г,159.98
Булгур Самбери 450г,114.88
Рис пропаренный Всегда Добрый День 800г,118.98
Сухой завтрак Подушечки с банановой начинкой Любятово 240г,119.98
Лапша овощи и морепродукты Samyang 105г,139.79
Лапша острая курица в томатной пасте Samyang 140г,159.98
Топокки рисовые острый соус O’taste 128г,259.98
Топокки рисовые соус хабанеро O’taste 132г,259.98
Соус густой для мяса и овощей Тонкацу Ikari 300мл,199.98
Соус фруктово-овощной для мяса и овощей Ikari 300мл,209.98
Соус-дрессинг для салата Васаби 180г,539.98
Соус рубленая зеленая перилла и Кисю Ikari 200мл,209.98
Соус сладкий к жареному мясу Ikari 235мл,209.98
Приправа эгейская Just Greece 150г,549.79
Приправа для мяса с гималайской солью Just Greece 130г,549.79
Приправа гималайская соль с паприкой Just Greece 200г,549.79
Приправа гималайская соль розовая Just Greece 200г,549.79
Приправа для курицы Just Greece 110г,549.79
Приправа для риса с лососевыми хлопьями Valor 30г,159.98
Смесь для сочных медальонов из индейки Maggi на второе 30г,79.89
Приправа для риса вкус сушеный омлет Valor 30г,159.98
Соус Клюквенный Darbo Мистраль 400г,439.98
Рис пропаренный Агроальянс Экстра 3кг,449.88
Рис длиннозерный Агроальянс Экстра 3кг,459.85
Крупа гречневая Агроальянс Экстра 3кг,586.98
Паста томатная Кубаночка 500г,176.98
Лапша Mi ABC куриный шашлык 60г,89.98
Соус для мяса с черникой Deroni 305г,149.98
Соус для мяса с клюквой Deroni 305г,149.98
Соус кисло-сладкий Традиционный Deroni 330г,149.98
Соус кулинарный Неаполитанский Deroni 350г,159.98
Соус для барбекю и гриля с грибам Deroni 330г,149.98
Соус для барбекю и гриля острый Deroni 330г,149.98
Макаронные изделия фетучини Pasta Toscana 250г,369.87
Макаронные изделия фарфалле Pasta Toscana 500г,196.97
Макаронные изделия фузилли Pasta Toscana 500г,196.97
Макаронные изделия тортильони органик с льняной мукой Pasta Toscana 500г,249.99
Макаронные изделия фарфалле органик Pasta Toscana 500г,279.88
Макаронные изделия спагеттони Pasta Toscana 500г,196.97
Макаронные изделия фузилли органик Pasta Toscana 500г,279.88
Макаронные изделия спагетти Pasta Toscana 500г,196.97
Макаронные изделия казаречче Pasta Toscana 500г,196.97
Макаронные изделия фузилли с льняной мукой Pasta Toscana 500г,249.99
Макаронные изделия пенне ригате органик с льняной мукой Pasta Toscana 500г,249.99
Макаронные изделия пенне ригате органик Pasta Toscana 500г,279.88
Макаронные изделия лингвини Pasta Toscana 500г,196.97
Макаронные изделия пенне ригате Pasta Toscana 500г,196.97
Аджика из томатов Соленья ДВ 200г,119.99
Масло соевое нерафинированное Приморское 1л,134.98
Макаронные изделия спирали Всегда Добрый день 3кг,169.96
Мюсли фруктовые Всегда Добрый день 350г,79.89
Гречневая крупа Самбери 900г,138.96
Перловая крупа Самбери 700г,47.78
Манная крупа Самбери 500г,54.98
Рис круглозерный Самбери 900г,99.99
Рис длиннозерный Самбери 900г,128.77
Сухой завтрак шоколадные шарики Всегда Добрый день 200г,59.99
Масло оливковое нерафинированное EV Всегда Добрый День 250мл,199.98
Масло оливковое рафинированное Pomace Всегда Добрый День 250мл,149.98
Смесь риса бурый и дикий Самбери 450г,154.88
Сухой завтрак подушечки с молочной начинкой Всегда Добрый День 200г,56.87
Хлопья кукурузные Всегда Добрый день 200г,46.99
Сухой завтрак подушечки с шоколадной начинкой Всегда Добрый День 200г,56.87
Макаронные изделия цельнозерновые пенне Deroni 400г,129.76
Макаронные изделия фузилли Deroni 400г,79.89
Макаронные изделия трехцветные фузилли Deroni 400г,129.76
Макаронные изделия дитали Deroni 400г,79.89
Паста томатная Спасская 370г,99.98
Крупа перловая Агроальянс Классик 700г,56.98
Масло подсолнечное нерафинированное сыродавленное Русска 250г,136.98
Фасоль белая для гарниров и салатов Мистраль 450г,176.77
Приправа для крылышек BBQ Kotanyi 20г,53.98
Соус соевый для суши и сашими Kikkoman 150мл,479.98
Аджика абхазская копченая Амца 200г,249.98
Макаронные изделия свинка Пеппа Melissa 500г,148.79
Крупа пшено золотое Мистраль 5х80г,79.89
Горох желтый колотый Мистраль 900г,109.78
Фасоль красная для супов и гарниров Мистраль 450г,156.97
Смесь для выпечки Кекс лимонный Печем дома 300г,86.68
Соус Четыре перца Heinz 230мл,179.98
Томатная паста Экстра Самбери 1кг,214.98
Фасоль пинто Мистраль 450г,188.69
"Масло подсолнечное рафинированное Кубань 0,71л",94.42
Гречневая крупа Мистраль 900г,229.77
Рис янтарь Мистраль 900г,209.86
Приправа для мяса мельница Самбери 40г,189.96
Каша овсяная Всегда Добрый день Традиционная со сливками 35г,13.99
Гречневая крупа Всегда Добрый день 5х80г,74.67
Сухой завтрак Подушечки с шоколадной начинкой Самбери 250г,99.89
Макаронные изделия рожки Всегда Добрый день 3кг,169.96
Рис круглозерный Всегда Добрый день 3кг,249.78
Рис круглозерный Всегда Добрый День 800г,67.98
Перец черный молотый Всегда Добрый День 100г,59.97
Приправа Итальянские травы мельница Самбери 60г,189.96
Смесь перцев Пикантная мельница Самбери 35г,179.78
Приправа Французские травы мельница Самбери 60г,189.96
Соус Терияки Rfood dv 250г,129.98
Соус Унаги Rfood dv 250г,129.98
Соус Кунжутный Rfood dv 250г,129.98
Кукурузная крупа Всегда Добрый День 700г,44.98
Соус соевый безглютеновый Tamari Kikkoman 250мл,494.87
Рис Кубань Мистраль 900г,166.85
Рис Ориент Мистраль 900г,186.68
Рис Кубань для плова белый круглозерный Мистраль 900г,176.95
Хлопья овсяные Гудвилл 400г,77.87
Геркулес Гудвилл 450г,59.98
Хлопья овсяные 4 вкуса Гудвилл 200г,139.98
Масло авокадо для жарки Avocado Oil №1 500мл,869.98
Соус Острый Чимичурри Heinz 230г,179.98
Соус деликатесный Бальзамик Heinz 230г,179.98
Паста томатная МЖК 500г,137.98
"Масло подсолнечно-оливковое Краснодар 0,8л",139.98
Макаронные изделия перья Всегда Добрый день 3кг,169.96
Макаронные изделия Farfalline Увелка 5х80г,119.98
Макаронные изделия Conchiglie Увелка 5х80г,119.98
Хлопья гречневые 4 вкуса Гудвилл 160г,154.98
Сахарная пудра Всегда Добрый день 200г,58.99
Крахмал картофельный Всегда Добрый день 150г,49.99
Крупа кукурузная Агроальянс Классик 700г,69.98
"Майонез Провансаль Махеевъ 50,5% 650мл",154.99
Перловая крупа Самбери 5х80г,88.77
Ячневая крупа Самбери 5х80г,88.98
Геркулес Всегда Добрый День 400г,33.88
Лапша Chow Mein говядина/пикантный соус терияки 113г,169.78
Смесь для выпечки кекс молочный шоколад Аладушкин 350г,79.98
Смесь для выпечки десертных блинов Аладушкин 350г,86.86
Смесь для выпечки ванильного кекса Аладушкин 350г,96.68
Смесь для выпечки домашних блинов Аладушкин 350г,78.79
Масло оливковое чили EV Cretan Mill 250мл,399.98
Масло оливковое базилик EV Cretan Mill 250мл,399.98
Масло оливковое лимон EV Cretan Mill 250мл,399.98
Рис для каши Агрокультура 800г,68.79
Крупа рис индика белый длиннозерный Мистраль 450г,137.77
Крупа перловая Барли Мистраль 450г,148.89
Чечевица Пардина пестрая Мистраль 450г,218.98
Чечевица Турецкая желтая колотая Мистраль 450г,299.88
Крупа гречневая зеленая Мистраль 450г,189.98
Приправа куриная Dashida CJ 100г,79.98
Крем-суп шпинат и сельдерей Everyday 29г,39.98
Сладкий соус чили Thai Dancer 700мл,289.98
Сладкий соус чили острый Thai Dancer 700мл,289.98
Томаты протертые по-деревенски Alberto Poiatti 690г,219.98
Томаты кусочками Alberto Poiatti 400г,149.98
Томаты протертые по-деревенски с базиликом Alberto Poiatti 690г,219.98
Сухой завтрак Подушечки с молочной начинкой Самбери 250г,99.89
Топокки рисовые сладко-острые Yopokki 120г,179.98
Топокки рисовые соус Джедзян Yopokki 120г,179.98
Топокки рисовые кимчи Yopokki 120г,179.98
Топокки рисовые сырные Yopokki 120г,179.98
Лапша рисовая острая Assi 90г,149.98
Лапша рисовая с кимчи Assi 90г,149.98
Лапша рисовая со вкусом говядины Assi 90г,149.98
Аджика грузинская Кубаночка 260г,86.98
Крем сливочный Preston 70г,96.78
Мак пищевой Primfood 150г,139.99
Крахмал кукурузный Primfood 200г,29.98
Панировочные сухари Primfood 200г,38.79
Крем быстрого приготовления тирамису Preston 70г,96.78
Уксус столовый 9% Всегда Добрый день 500мл,49.98
Овсяная крупа Всегда Добрый день 5х80г,39.67
Соус кисло-сладкий Thai Dancer 300мл,169.98
Приправа пряная/хрустящая Boss He 200г,149.98
Макаронные изделия Фузилли №98 Barilla 450г,125.98
Масло оливковое нерафинированное EV La Rambla 1л,899.98
Смесь для сочного куриного филе 3 сыра Maggi 22г,79.89
Крупа рис жасмин ред Мистраль 500г,298.89
Крупа рис японика Мистраль 500г,245.78
Фасоль Кидни темно-красная Мистраль 450г,249.97
Крупа манная Марка М Ясно солнышко 500г,57.98
Крупа пшеничная Кускус Мистраль 450г,178.79
Крупа манная Семолина Мистраль 450г,139.98
Базилик Приправка 20г,84.98
Макаронные изделия Баветте №13 Барилла 450г,125.98
Лапша Том Ям креветка Yum Yum 70г,84.98
Лапша креветка Yum Yum 70г,84.98
Лапша острая курица Премиум Picnic 90г,119.98
Лапша острый Том Ям Премиум Picnic 90г,119.98
Лапша рисовая со вкусом говядины Cung Ding 68г,89.89
Приправа для кофе и десертов мельница Самбери 48г,269.99
Лапша рисовая со вкусом курицы Cung Dinh 68г,89.89
Сухой завтрак Шарики шоколадные Самбери 200г,84.67
Хлопья кукурузные Самбери 300г,84.67
Манная крупа Всегда Добрый День 700г,42.99
Гранола тропические фрукты East Bali Cashews 125г,249.89
Мята перечная сушеная Приправыч 6г,18.98
Приправа для золотистого картофеля Maggi 20г,54.89
Приправа для ароматной курицы Maggi 20г,54.89
Приправа для сочного мяса и шашлыка Maggi 20г,54.89
Макаронные изделия Chifferi Rigati №41 Barilla 450г,119.77
Майонез Herkkumaa без лактозы/глютена 80% 380г,269.98
Майонез Горчичный МЖК Хабаровск 25% 230г,45.99
Лапша Удон SeiYo 300г,84.99
Укроп зелень сушеный Всегда Добрый День 30г,25.88
Пшеничная крупа Самбери 5х80г,78.88
Пшено Всегда Добрый День 800г,49.99
Соус майонезный Перечный Азия в твоем вкусе 270г,95.89
Соус майонезный Кунжутный Азия в твоем вкусе 270г,79.98
Соус Remia Partysauc Чесночный 250мл,224.98
Соус Remia Partysauc Coctail 250мл,224.98
Майонез ЛУ-КА 60% 700мл,179.99
Мюсли запеченные с тропическими фруктами ОГО! 350г,129.98
Мюсли запеченные с яблоком ОГО! 350г,129.98
Мюсли запеченные с бананом ОГО! 350г,129.98
Мука пшеничная высший сорт Самбери 2кг,134.98
Гречневая крупа Самбери 5х80г,87.99
Рис длиннозерный Самбери 5х80г,98.98
Пшено крупа Самбери 5х80г,94.89
Рис длиннозерный обработанный паром Самбери 5х80г,98.89
Рис круглозерный Самбери 5х80г,89.98
Гречневая крупа Всегда Добрый День 800г,99.99
Ячневая крупа Всегда Добрый День 600г,33.79
Овсяная крупа Всегда Добрый День 700г,44.97
Горох Всегда Добрый День 800г,46.99
Перловая крупа Всегда Добрый День 800г,37.99
Мука пшеничная Всегда добрый день 2кг,86.99
Соус Wok для лапши Uncle Ben's 210г,109.98
Макаронные изделия Пикколини мини Пенне Ригате Barilla 450г,146.78
Приправа смесь перцев горошком Vegeta Natur 15г,34.69
Приправа для салата Vegeta 20г,34.69
Приправа Чили Чипотле Kotanyi 36г,229.98
Приправа Curcuma морковь/имбирь Kotanyi 20г,53.98
Приправа томаты и чеснок Kotanyi 20г,53.98
Анис семена Kotanyi 25г,53.98
Приправа для шашлыка и гриля Kotanyi 80г,229.98
Готовый завтрак шоколадные шарики/маршмеллоу Happy Mallow 240г,249.98
Макаронные изделия спагеттини №3 Barilla 450г,119.99
Макаронные изделия Пикколини мини Фарфале Barilla 400г,136.79
Лапша обжаренная со вкусом соленого яйца KOOL 90г,109.89
Лапша рисовая с темным соевым соусом KOOL 80г,99.89
Лапша обжаренная со вкусом барбекю KOOL 105г,99.89
"Масло подсолнечное рафинированное Всегда Добрый день 4,5л",548.88
Соус Mr.Ricco Песто 210г,84.99
Пшено крупа Экстра Гудвилл 800г,87.77
Рис длиннозерный пропаренный Гудвилл 5х80г,88.67
Макаронные изделия Barilla №30 филини 450г,104.97
Соус для свинины острой по-Корейски Чим-Чим 150г,89.99
Соус для ребрышек по-Корейски Кальби Чим-Чим 150г,89.99
Соус для риса по-Тайски Чим-Чим 90г,61.99
Соус для спагетти креветки/сливки/чеснок Pasta Bar 120г,86.98
Соус для макарон по-Итальянски Pasta Bar 120г,79.98
Соус для пасты курица/сливки/грибы Pasta Bar 120г,79.98
Соус для макарон бекон/сливки/сыр Pasta Bar 120г,79.98
Соль морская мельница Самбери 90г,124.96
Приправа для рыбы мельница Самбери 40г,189.96
Приправа для салатов мельница Самбери 50г,189.96
Соль гималайская мельница Самбери 95г,169.87
Перец черный горошек мельница Самбери 40г,219.79
Томатная паста Экстра Самбери 550г,129.98
Смесь для жаркого по-домашнему Maggi 20г,49.98
Смесь для курицы с картофелем в сливочном соусе Maggi 25г,49.98
Смесь для солянки с капустой и сосисками Maggi 20г,49.98
Смесь для картофеля под сырным соусом с ветчиной Maggi 21г,49.98
"Майонез Махеевъ с кунжутом 50,5% 380г",119.99
Макаронные изделия Спагетти №5 Barilla 450г,125.98
Макаронные изделия Капеллини №1 Barilla 450г,125.98
Рис для плова оригинальный Бахор 700г,129.89
Макаронные изделия Penne Regate №73 Barilla 450г,119.69
Крупа пшеничная Булгур Мистраль 450г,126.98
Майонез Провансаль Всегда Добрый день 50% 200г,59.99
Соус майонезный Классический Всегда Добрый день 15% 200г,39.99
Майонез Провансаль Всегда Добрый день 50% 400г,94.99
Крахмал кукурузный Домашнее Бистро 200г,55.97
"Смесь Maggi на второе для курицы чеснок/травы 30,6г",79.89
Лапша гречневая Соба SeiYo 300г,87.99
Фунчоза SeiYo 200г,94.87
Лапша яичная SeiYo 300г,87.99
Макаронные изделия без глютена Animals MAKFA 300г,168.80
Гранола East Bali Cashews кокос и банан 125г,249.89
Каша овсяная Всегда Добрый день с абрикосом 35г,13.99
Каша овсяная Всегда Добрый день с яблоком 35г,13.99
Каша овсяная Всегда Добрый день персик/сливки 35г,13.99
Макаронные изделия Мир Джунглей Кэмми 250г,63.77
Лапша курица Yum Yum 70г,84.98
Лапша говядина Yum Yum 70г,84.98
Масло подсолнечное рафинированное Доброе Самбери 1л,149.98
Паста для приготовления супа Том Ям Thai Dancer 50г,89.98
Сладкий соус чили острый Thai Dancer 300мл,169.98
"Крупа пшено Prosto 8х62,5г",86.89
Крупа булгур Националь 450г,109.77
Лук зеленый сушеный Всегда Добрый День 5г,10.96
Укроп сушеный Всегда Добрый День 5г,6.99
Перец черный молотый Всегда Добрый День 10г,12.88
Перец черный горошек Всегда Добрый День 10г,10.88
Соус чили Всегда Добрый День острый 200г,28.99
Соус чили Всегда Добрый День жгуче-острый 200г,34.96
Соус чили Всегда Добрый День кисло-сладкий 200г,34.96
Мука рисовая цельносмолотая Образ жизни Огонь 500г,129.79
Мука ржаная цельносмолотая Образ жизни Огонь 500г,79.79
Макаронные изделия из нутовой муки Casarecce Barilla 250г,399.85
Макаронные изделия из чечевичной муки Penne Barilla 250г,399.85
Крахмал кукурузный Preston 200г,49.87
Соус сладкий чили Uncle Bens 210г,109.98
Готовый завтрак LION карамельно-шоколадные зерна 230г,159.99
Сухой завтрак Unicorn Колечки с фруктовым вкусом 195г,179.99
Приправа для узбекского плова Kotanyi 20г,53.98
Сухой завтрак Dinosaurs карамельные лапы 220г,167.98
Смесь для выпечки Хлеб Пряный с чесноком 400г,98.87
Смесь для выпечки Хлеб Зерновой Preston 400г,109.89
Панировочные сухари SeiYo 500г,167.97
Тмин Kotanyi 28г,53.98
Мускатный орех молотый Kotanyi 18г,94.98
Корица целая Kotanyi 17г,68.98
Шафран Kotanyi 12г,94.98
Соль черная мелкая Четверговая 40г,29.98
Черный перец горошек Kotanyi 70г,129.98
Смесь перечная с паприкой Kotanyi мельница 50г,229.98
Чеснок Kotanyi мельница 48г,229.98
Приправа по-провански для курицы Kotanyi 25г,53.98
Приправа с лимоном для рыбы Kotanyi 25г,53.98
Приправа с томатами и травами для омлета/яичницы Kotanyi 20г,53.98
Приправа лук жареный Kotanyi 60г,129.98
Смесь перечная с лимоном Kotanyi 20г,53.98
Смесь перечная с паприкой Kotanyi 20г,53.98
Приправа по-деревенски для картофеля Kotanyi 20г,53.98
Приправа для котлет/тефтелей с копченой паприкой Kotanyi 25г,53.98
Приправа перцы с копченым чипотле Kotanyi мельница 62г,229.98
Приправа Средизеноморская кухня Kotanyi мельница 37г,229.98
Приправа Средиземноморская для картофеля Kotanyi 20г,53.98
Имбирь молотый Kotanyi 15г,53.98
Ароматные травы лук/чеснок Kotanyi 20г,53.98
Приправа для мяса по-домашнему Kotanyi 25г,53.98
Кардамон молотый Kotanyi 10г,94.98
Приправа Итальянские травы Kotanyi 14г,53.98
Лемонграсс нарезанный Kotanyi 15г,53.98
Приправа для тушеных овощей/рагу Kotanyi 25г,53.98
Куркума молотая Kotanyi 20г,53.98
Ваниль бурбонная в стручках Kotanyi 1шт,339.98
Паприка копченая молотая Kotanyi 50г,94.98
Кумин Kotanyi 20г,53.98
Приправа для шашлыка Kotanyi 30г,53.98
Приправа Хмели-сунели Kotanyi 30г,53.98
Перец черный горошек Kotanyi мельница 36г,229.98
Перец душистый горошек Kotanyi 15г,53.98
Панировочные сухари SeiYo 200г,74.97
Лапша пшеничная Удон Чим-Чим 250г,139.79
Лапша гречневая Соба Чим-Чим 250г,135.79
Соус томатный для шашлыка КФХ Федорович 250г,119.99
Перец Чили Приправка 50г,124.98
Кинза Приправка 20г,84.98
Имбирь Приправка 50г,124.98
Сухой завтрак Dinosaurs лапы и клыки шоколадные 220г,167.98
Крупа нут Bravolli 350г,169.79
Агар-агар Всегда Добрый День 6г,44.89
Дрожжи быстродействующие Всегда Добрый день 10г,12.98
Кислота лимонная Всегда Добрый день 10г,16.99
"Ванилин Всегда Добрый День 1,5г",7.99
Разрыхлитель для теста Всегда Добрый День 10г,9.99
Орегано Приправка 35г,124.98
Паприка Приправка 60г,124.98
Куркума Приправка 60г,84.98
Розмарин Приправка 40г,84.98
Заправка для супа Приправыч 60г,67.89
Смесь для макарон сыр/курица/грибы Maggi на второе 30г,69.98
Хлопья овсяные ГОСТ Экстра 500г,67.98
Каша овсяная Всегда Добрый день клубника/сливки 35г,13.99
Каша овсяная Всегда Добрый день с тропическими фруктами 35г,13.99
Мука из красного риса без глютена Garnec 500г,196.79
Мука из семян чиа без глютена Garnec 70г,168.98
Пектин Приправыч 10г,39.89
Приправа для курицы мельница Всегда Добрый День 40г,59.99
Приправа для мяса мельница Всегда Добрый День 40г,59.99
Перец черный горошек мельница Всегда Добрый День 35г,64.79
Приправа чили мельница Всегда Добрый День 40г,59.99
Масло подсолнечное Кубаночка 1л,189.98
Соус соевый цитрусовый Kikkoman 250мл,399.98
Масло кукурузное Кубаночка 1л,259.98
Макаронные изделия Makfa рожки 400г,76.90
Макаронные изделия каннеллони Barilla 250г,237.67
Макаронные изделия Makfa бантики 400г,89.99
Макаронные изделия гнезда тальятелле Makfa 225г,72.77
Макаронные изделия Makfa перья для фаршировки и запекания 300г,88.90
Макаронные изделия спагетти Makfa безглютеновые 300г,168.80
Макаронные изделия Фузилли Makfa безглютеновые 300г,168.80
Макаронные изделия Makfa гребешок 400г,74.98
Соус Mr.Ricco чесночный 310г,104.98
"Сахар рафинад Мон Кафе Чайкофский 0,5кг",96.87
Хлопья овсяные крупные MyllynParas 500г,99.89
Майонез Мировой Провансаль 72% МЖК 770г,209.99
Майонез Мировой 50% МЖК 770г,162.99
Соус Pad Thai Mae Ploy 260г,239.98
Масло оливковое Gran Seleccion EV Ybarra 500мл,549.98
Масло оливковое нерафинированное Olio di Cassa Anfosso 500мл,1019.98
Соус соевый без глютена Pearl River Bridge 150мл,209.98
Майонез Махеевъ с перепелиным яйцом 67% 200г,66.98
Маринад острый для курицы Daesang 270г,119.99
Маринад для курицы Daesang 280г,249.98
Масло оливковое нерафинированное Organic EV La Rambla 500мл,339.99
Масло оливковое нерафинированное Cornicabra EV La Rambla 500мл,359.99
Масло оливковое нерафинированное Arbequina EV La Rambla 500мл,359.99
Масло оливковое нерафинированное Picual EV La Rambla 500мл,359.99
Приправа Чили мельница Мама Сказала! 43г,129.98
Вермишель Роллтон говядина с соусом пикантная заправка 65г,25.98
Вермишель Роллтон курица с пикантной заправкой 65г,25.98
Паста для приготовления Массаман карри Thai Dancer 227мл,229.98
Паста для приготовления блюда Том Кhа Thai Dancer 227мл,229.98
Паста для приготовления супа Том Ям Thai Dancer 227мл,229.98
Хрен столовый Русский аппетит 120г,38.98
Лапша жареная Mi Goreng Indomie 82г,89.99
Бульон грибной Домашний Роллтон 90г,39.98
Бульон говяжий Домашний Роллтон 90г,39.98
Суп морепродукты с креветкой Asian Fusion 12г,58.98
Суп грибной со шпинатом и яйцом Asian Fusion 12г,58.98
Суп с морским гребешком Asian Fusion 12г,58.98
Суп грибной с яйцом Asian Fusion 12г,58.98
Лапша со вкусом овощей Picnic 70г,79.99
Сахар белый кусковой Чайкофский 250г,49.99
Масло семян чиа Радоград 100мл,559.98
Масло расторопши Радоград 100мл,279.98
Масло тыквенное Радоград 100мл,329.98
Масло облепиховое Радоград 100мл,319.98
Масло грецкого ореха Радоград 100мл,336.98
Масло конопляное Радоград 100мл,328.98
Масло льняное и оливковое нерафинированное 100% БО 100мл,79.98
Морская капуста сушеная с васаби BBQ CJ Корея 5г,44.89
Морская капуста сушеная оригинальная BBQ CJ Корея 5г,34.89
Лапша средне-острая морепродукты NeoGuri Nong Shim 120г,99.89
Бульон куриный Домашний Роллтон 90г,39.98
Майонез Heinz Классический 67% 750г,299.99
Майонез Heinz Классический 67% 350г,169.99
Масло оливковое нерафинированное EV Terra Creta 250мл,399.98
Паста из вяленых томатов Pucci 156мл,229.98
Масло оливковое нерафинированное EV Stilla 500мл,699.98
Масло оливковое нерафинированное купажированное EV Stilla 500мл,599.98
Уксус бальзамический Modena La Rambla 250мл,249.98
Паста соевая для Мисо-супа Daesang 450г,328.89
Паста для приготовления Пананг карри Thai Dancer 227мл,229.98
Паста для приготовления Зеленый карри Thai Dancer 227мл,229.98
Соус Worcestershire Lea&Perrins Heinz 290мл,489.98
Масло оливковое Pure La Rambla 1л,939.98
Масло оливковое Pure La Rambla 500мл,599.98
Масло оливковое Pure La Rambla 250мл,309.98
Масло оливковое нерафинированное EV La Rambla 500мл,359.99
Масло виноградное рафинированное La Rambla 500л,349.98
Соус-маринад Якинику премиум Sen Soy 500г,199.98
Приправа для Фахита Santa Maria 28г,68.89
Морская капуста сушеная BBQ CJ Корея 5г,44.89
Майонез Ottogi Провансаль 67% 500г,239.89
Готовая смесь кекс в кружке Красный бархат С.Пудовъ 70г,59.98
Мука овсяная цельносмолотая Образ жизни 500г,98.97
Мука ржаная Алейка 1кг,49.89
Панировачная смесь SnakBar для креветок и кальмаров 240г,109.98
Соус соевый Wok для тушения мяса и рыбы Daesang 260г,348.89
Масло виноградное рафинированное Dongwon 500г,248.89
Масло оливковое нерафинированное чесночное EV Ondoliva 250мл,289.98
Масло оливковое нерафинированное трюфельное EV Ondoliva 250мл,349.98
Масло оливковое нерафинированное EV Terra Creta 1л,1099.98
Масло оливковое нерафинированное EV BIO Terra Creta 500мл,899.98
Масло оливковое нерафинированное EV Terra Creta 500мл,749.98
Масло оливковое нерафинированное нефильтрованное EV Ranieri 750мл,799.98
Масло оливковое нерафинированное раннего урожая EV Esti 500мл,599.98
Уксус столовый для салатов 6% 360мл Краснодарье,49.98
Приправа для курицы Дары Азии 50г,39.99
Приправа для шашлыка Дары Азии 50г,43.89
Приправа Универсальная Дары Азии 50г,43.89
Приправа для плова Дары Азии 50г,39.99
Соль экстра йодированная Усолье 300г,74.98
Макаронные изделия Di Martino Lasagna из твердых сортов пшеницы 453г,258.87
Уксус винный бальзамический Монини 250мл,499.98
Соус-маринад Calbi для свинины Daesang 280мл,189.98
Уксус рисовый Thai Dancer 300мл,199.98
Уксус ананасовый Beksul 800мл,369.98
Соус чили с лаймом и медом Thai Dancer 150мл,159.99
Соус из песчанок Daesang 250г,139.98
Соус соевый Терияки Thai Dancer 300мл,169.98
Сладкий соус чили Thai Dancer 300мл,169.98
Соус для стейков CJ 310г,69.99
Соус BBQ для курицы CJ 290г,119.99
Соус песто классический Filippo Berio 190г,339.98
Масло оливковое Pure Stilla1л,969.98
Масло оливковое нерафинированное Итальянские оливки EV Stilla 1л,1199.98
Масло-спрей оливковое Altaria 250мл,549.98
Масло оливковое Pomace Ybarra 1л,698.98
Масло оливковое нерафинированное Европейские оливки EV Stilla 1л,999.98
Масло оливковое нерафинированное EV Terra Creta о.Крит 250мл,199.99
Масло оливковое нерафинированное EV Terra Creta о.Крит 500мл,749.98
Масло оливковое нерафинированное EV Ranieri 250мл,219.99
Масло оливковое нерафинированное EV Ranieri 500мл,649.98
Масло оливковое нерафинированное EV Stilla 250мл,349.98
Масло рапсовое рафинированное Dongwon 500г,148.98
Масло оливковое Pomace Ybarra 250мл,269.98
Масло каноловое рафинированное Chungjungwon 500мл,219.98
Масло из виноградных косточек рафинированное Chungjungwon 500мл,426.98
Макаронные изделия Пенне Зити Риг томаты и шпинат Divella 500г,199.97
Горчица ядреная Русский аппетит 120г,28.98
Макаронные изделия Фарфалле томаты и шпинат Divella 500г,199.97
Макаронные изделия Фузилли Divella томаты и шпинат 500г,199.97
Макаронные изделия спагетти томаты/шпинат Divella 500г,199.97
Макаронные изделия Фузилли Divella из твердых сортов пшеницы 500г,136.97
Макаронные изделия Di Martino Tortiglioni из твердых сортов пшеницы 500г,236.88
Макаронные изделия Di Martino Penne Mezzani из твердых сортов пшеницы 500г,236.88
Макаронные изделия Di Martino Paccheri из твердых сортов пшеницы 500г,258.87
Макаронные изделия Di Martino Fusilli из твердых сортов пшеницы 500г,236.88
Макаронные изделия Di Martino Tagliatelle из твердых сортов пшеницы 500г,376.86
Макаронные изделия Di Martino Rigatoni из твердых сортов пшеницы 500г,236.88
Макаронные изделия яичные Лазанья Divella 500г,279.97
Макаронные изделия Лазанья Семола Divella 500г,256.97
Макаронные изделия Di Martino Farfalle из твердых сортов пшеницы 500г,236.88
Макаронные изделия Di Martino Conchiglioni из твердых сортов пшеницы 500г,376.86
Горчичный порошок Preston 100г,37.98
Прянности для выпечки и десертов Домашняя кухня 79г,119.79
Приправа говяжья Dashida CJ 300г,199.98
Перец красный молотый острый Орнамент вкуса 7г,9.98
Приправа Овощная универcальная Орнамент вкуса 15г,9.98
Приправа Хмели-сунели Орнамент вкуса 12г,9.98
Лапша с морепродуктами Seafood Noodle Samyang 65г,149.98
Лапша острая курица в соусе карбонара Samyang 105г,179.98
Лапша курица острая Samyang 105г,179.98
Основа для приготовления глинтвейна безалкогольного Костровок 100г,89.99
Дрессинг Remia Dressing сырный 250мл,219.98
Майонез Ряба Оливковый Провансаль 67% 200г,69.99
Масло оливковое нерафинированное EV Ybarra 250мл,299.89
Масло оливковое нерафинированное высшего качества Organic EV Ybarra 500мл,549.98
Масло оливковое нерафинированное Тумаи Anfosso 500мл,1149.98
Смесь для выпечки Кекс в кружке лимонный С.Пудовъ 70г,69.86
Уксус яблочный натуральный Jamar 6% 500мл,86.98
Уксус спиртовой натуральный Jamar 10% 500мл,79.98
Соус устричный Премиум Daesang 260г,289.98
Соус острый/лонган Тайский Thai Dancer 150мл,159.99
Соус Hoisin для утки по-Пекински Thai Dancer 300мл,149.98
Паста для приготовления Пананг карри Thai Dancer 50г,89.98
Паста для приготовления Массаман карри Thai Dancer 50г,89.98
Соус томатный кисло-сладкий Jamar 520г,139.87
Соус устричный острый CJ 350г,349.98
Соус среднеострый для мяса Ikari 235г,209.98
Соус c перцем чили Red Hot Boss BBQ 450мл,329.98
Соус соевый Терияки SanBonsai StirFryWOK 300г,110.98
Соус соевый Терияки SanBonsai 300г,110.98
Масло виноградное Stilla 500мл,389.98
Масло оливковое Pomace Ybarra 500мл,449.98
Масло авокадо со вкусом чеснока Great Hearts of Africa 250мл,579.98
Кетчуп Daesang томатный 300г,149.98
Кетчуп Махеевъ гриль 300г,69.98
Кетчуп Махеевъ острый 300г,69.98
Набор Чим-Чим для приготовления Яки Удон 215г,176.85
Перец чили серрано копченый 14г Королевская коллекция,98.79
Соль розовая крупная Setra 500г,98.89
Приправа Кнорр Классика овощей Универсальная 75г,64.98
Приправа Кнорр лапша по-азиатски с имбирем 30г,94.98
Приправа для рыбы Орнамент вкуса 12г,9.98
Приправа для плова Орнамент вкуса 12г,9.98
Приправа для курицы Орнамент вкуса 12г,9.98
Порошок Вассаби Sen Soy 40г,148.89
Суп Tom Kha Santa Maria 30г,127.98
Крем-суп грибной по-Французски Knorr 50г,94.98
Крем-суп сырный по-Французски Knorr 50г,94.98
Лапша с грибами Jin Ramen Оттоги 120г,93.98
Лапша Мини Вантукон Paldo 80г,109.98
Зеленая гречка для проращивания Образ жизни 500г,169.77
Смесь круп Образ жизни Баланс 350г,95.97
Мука с разрыхлителем без глютена Garnec 600г,196.69
Мука миндальная без глютена Garnec 70г,269.68
Крупа гречка зеленая Образ жизни 350г,176.87
Мука гречневая цельносмолотая Образ жизни 500г,139.97
Мука кукурузная цельносмолотая Образ жизни 500г,96.97
Мука льняная после отжима масла Образ жизни 500г,98.97
Красители пищевые натуральные порошковые Парфе 30г,79.97
Панировачная смесь Snak Bar для острых крылышек 240г,109.98
Панировачная смесь Snak Bar для хрустящей курочки 240г,109.98
Глазурь шоколадная Парфэ 100г,89.97
Лапша курица по-Домашнему Роллтон 85г,33.98
Уксус бальзамический Modena Ondoliva 250мл,219.98
Масло виноградное рафинированное Ondoliva 500мл,329.98
Соус соевый Yamasa 150мл,226.98
Масло оливковое нерафинированное EV Terra Creta о.Крит 1л,1199.98
Лапша со вкусом говядины Picnic 70г,99.89
Соус чили для спринг роллов Thai Dancer 300мл,159.98
Пшеничная крупа Гудвилл 5х80г,85.87
Горох колотый Гудвилл 800г,81.97
Соус анчоусный Daesang 250г,129.98
Соус Классик Тонкацу для свинины Daesang 250г,199.98
Соус Кочуджан Чим-Чим 75г,126.98
Паста для приготовления Красный карри Thai Dancer 227мл,229.98
Паста для приготовления Желтый карри Thai Dancer 227мл,229.98
Паста для приготовления Красный карри Thai Dancer 50г,89.98
Паста для приготовления Зеленый карри Thai Dancer 50г,89.98
Паста для приготовления Желтый карри Thai Dancer 50г,89.98
Соус устричный Абалон CJ 350г,349.98
Паста для приготовления блюда Том Кhа Thai Dancer 50г,89.98
Соус медово-горчичный Daesang 320мл,269.98
Салатная заправка Кунжутная Гурмикс 80г,76.98
Салатная заправка Тайская Гурмикс 80г,76.98
Соус для курицы Чим-Чим в сладком чили соусе 90г,76.98
Макаронные изделия Di Martino Pappardelle 250г,236.88
Макаронные изделия Di Martino Spaghetti из твердых сортов пшеницы 500г,236.88
Набор Чим-Чим для приготовления Яки Соба гречневая лапша 215г,176.85
Лапша Кэмми яичная экслюзивная бабочка 250г,89.79
Макаронные изделия вермишель фунчоза бататная Чим-Чим 200г,146.97
Крупа пшеничная Полтавская Националь 700г,75.97
Смеси круп Образ жизни Интеллект 350г,186.85
Крупа полба резаная Образ жизни 350г,128.86
Чечевица Персидская красная колотая Мистраль 450г,199.68
Геркулес Монастырский Русский продукт 500г,79.97
Перец душистый горошком Восточный базар 10г,17.98
Кориандр целый Магия Востока 10г,18.98
Кислота лимонная пищевая Восточный Базар 10г,19.98
Смесь приправ для дип-соуса Гуакамоле Санта Мария 15г,79.89
Приправа для риса с базиликом и кунжутом Хагоромо 30г,209.98
Приправа для Мантов и Хинкали Магия Востока 15гр,15.98
Приправа для креветок и раков Русский аппетит 15г,19.98
Приправа Чахан для риса со вкусом креветки Япония 21г,269.98
Приправа для свинины Орнамент вкуса 12г,9.98
Приправа для шашлыка Орнамент вкуса 12г,9.98
Приправа для мяса Орнамент вкуса 12г,9.98
Суп-пюре куриный с сухариками Preston 16г,14.98
Суп-пюре гороховый с копченостями и сухариками Preston 16г,14.98
Суп-пюре грибной с сухариками Preston 16г,14.98
Суп мясной с вермишелью Preston 50г,14.98
Суп куриный с вермишелью Preston 50г,14.98
Крем-суп томатный по-Итальянски Knorr 50г,94.98
Лапша с говядиной Роллтон 70г,53.89
Кисель малина Preston 30г,13.98
Суп гороховый с копченостями Preston 60г,14.98
Кисель вишня Preston 30г,13.98
Кисель клубника Preston 30г,13.98
Кисель лесные ягоды Preston 30г,13.98
Лапша с овощами Yum Yum 60г,44.88
Бульон мясной Preston 100г,24.98
Желатин пищевой Восточный Базар 10г,26.88
"Желатин листовой Волшебное Дерево 12,5г",119.79
Семена льна для салатов и проращивания Образ жизни 500г,148.87
Хлопья овсяные №2 Ясно солнышко 500г,89.98
Дрессинг Remia Цезарь 250мл,219.98
Соус Mr.Ricco масло авокадо и кунжут 310г,104.98
Соус Mr.Ricco Бургер 310г,104.98
Хлопья гречневые Ясно солнышко 375г,129.89
Хлопья 5 злаков Ясно солнышко 400г,87.98
Лапша острая Shin Ramyun Nongshim 120г,103.98
Лапша со вкусом креветки Yum Yum 60г,44.88
Лапша со вкусом говядины Yum Yum 60г,44.88
Паста томатная ЭТО 1кг,169.99
Панировочные сухари 200г Брид Грумбс,126.98
Макаронные изделия вермишель Мельник 1кг,52.80
Майонез Мировой Провансаль 72% МЖК 150г,39.99
Желатин пищевой Русский аппетит 50г,99.98
Топпинг шоколад Абрико 600г,199.79
Мюсли Ореховый микс Matti 250г,174.98
Каша овсяная Ясно солнышко черника и молоко 45г,29.98
Каша овсяная Ясно солнышко клубника и молоко 45г,29.98
Сухой завтрак Nesquik подушечки банановые 220г,183.98
Сухой завтрак Nesquik подушечки шоколадные 220г,183.98
Салатная заправка Бальзамик Гурмикс 80г,76.98
Соус сливочный для салата Цезарь Kenko 500мл,566.98
Кетчуп Махеевъ шашлычный 300г,69.98
Кетчуп Махеевъ Лечо 300г,69.98
Кетчуп Махеевъ томатный 300г,69.98
Макаронные изделия клецки по-домашнему Миндаль Кэмми 300г,99.68
Крупка кукурузная Кукурузная манка Garnec 450г,89.79
Лапша с курицей Роллтон 70г,53.89
Смесь на второе для картофеля по-деревенски Maggi 29г,69.98
Смесь на второе для нежной индейки Maggi 30г,79.89
Лапша острая Сута Ramen Samyang 120г,109.98
Лапша Хемуль Рамен морепродукты Paldo 65г,109.98
Лапша со вкусом курицы Yum Yum 60г,44.88
Соус майонезный Ottogi васаби 315г,149.98
"Майонез Махеевъ Ядреный 50,5% 380г",129.98
Смеси круп Образ жизни Иммунитет 350г,188.86
Соус устричный Beksul CJ 350г,298.98
Соус терияки Beksul CJ 325г,329.98
Соус с маракуйей и манго Thai Dancer 150мл,159.99
Соус с мангостином и чили Thai Dancer 150мл,159.99
Соус с шелковицей и корицей Thai Dancer 150мл,159.99
Соус чили Шрирача острый Thai Dancer 300мл,169.98
Соус чили чесночный Thai Dancer 300мл,169.98
Соус сладкий ананас и чили Thai Dancer 150мл,159.99
Геркулес 2кг Россия,127.87
Дрожжи быстродействующие Preston 11г,11.98
Сахарная пудра 50г,22.79
Глазурь сахарная сиреневая Парфэ 120г,86.95
Глазурь сахарная белая Парфэ 120г,86.95
Соус унаги Nice Foods 200г,298.98
Соль экстра Усолье 300г,74.98
Крупа кукурузная Вишневый сад 5x80г,41.87
Аджика Кавказская Русский аппетит 120г,28.98
Соус Кебаб томатный Кинто 310мл,129.98
Соус Кимчи Momoya для мяса 190г,379.98
Соус для приготовления Традиционное Чахохбили Кинто 350мл,166.98
Соус Терияки Heinz 230г,149.98
Соус фруктовый Дикая Ягода Кинто 305г,178.98
Майонез Ряба Провансаль 67% 410г,142.99
Соус WOK кисло-сладкий Чим-Чим 300г,169.98
Соус соевый Премиум Heinz 150мл,329.98
Масло оливковое детское Organic Fleur Alpine 250мл,499.98
Масло оливковое нерафинированное Filippo Berio 250мл,429.98
Масло оливковое нерафинированное EV Ondoliva 1л,899.98
Масло оливковое нерафинированное Clasico EV Ybarra 500мл,549.98
Масло авокадо Great Hearts of Africa 250мл,549.98
Соус сладкий Чили Heinz 230г,179.98
Соус для свинины Galbi CJ 290г,198.98
Соус для говядины Galbi CJ 290г,198.98
Лапша Кэмми яичная эксклюзивная лепесток 250г,89.79
Рис Кубанский элитный Агроальянс 3кг,379.98
Перец черный горошком Восточный базар 50г,73.98
Лапша свинина майонезно-горчичная Якисоба ToyoSuisan 171г,269.98
Горчица Столовая Русский аппетит 120г,28.98
Горчица Баварская Октоберфест Кинто 170г,79.98
Гранола-мюсли с молочным шоколадом Келлогг 300г,489.98
Гранола-мюсли с темным шоколадом Келлогг 300г,489.98
Гранола-мюсли с орехами фруктами и ягодами Келлогг 300г,489.98
Каша овсяная Ясно солнышко лесные ягоды 45г,29.98
Завтрак готовый Cini-Minis 375г,329.98
Приправа Наршараб Мини Кинто 245г,279.98
"Фунчoза 0,8мм Инари 500г",268.77
Масло оливковое нерафинированное EV ESTI 1л,899.98
Масло оливковое нерафинированное EV ESTI 250мл,339.98
Лапша Кэмми яичная эксклюзивная лодочка 250г,89.79
Клецки по домашнему яичнные свистулька Кэмми 300г,99.68
Соус WOK соево-чесночный Чим-Чим 320г,169.98
Хлопья пшенные Экстра Гудвилл 400г,97.68
Соус майонезный Махеевъ сырный 200г,87.98
Соус майонезный Махеевъ цезарь 200г,87.98
Соус майонезный Махеевъ сметанный с грибами 200г,87.98
Петрушка Мастер Дак 75г пакет,48.98
Картофельное пюре с сыром Доширак 40г,49.98
Бульон Магги грибной 80г 6х20,54.98
Соус майонезный Цезарь МЖК 300мл,65.98
Майонез Мировой Провансаль МЖК 500г,149.99
Майонез Мировой Провансаль 72% МЖК 2кг,482.98
Майонез Ottogi оливковый 42% 520г,234.98
Майонез Ottogi Легкий 42% 520г,234.98
Соус майонезный Тартар МЖК 300мл,75.98
Масло оливковое нерафинированное EV ESTI 500мл,599.98
Масло оливковое нерафинированное EV ESTI KALAMATA 500мл,599.98
Масло оливковое рафинированное Pomace Ondoliva 500мл,449.98
Масло оливковое рафинированное Pomace Ondoliva 1л,699.98
Макаронные изделия Шебекинские №517 Лагман-лапша 350г,69.87
Лапша Намчжа Рамён Paldo 115г,99.98
Макаронные изделия Шебекинские №1 Спагеттини 450г,77.98
Макаронные изделия Роллтон гнезда яичные по-домашнему 400г,85.69
Лапша с морепродуктами Квисти 70г,23.98
Лапша с морепродуктами Доширак 90г,54.99
Хлопья Helsinki Mills органические овсяные с пшеничными отрубями 400г,199.96
Хлопья органические 4х зерновые Helsinki Mills 300г,169.88
Хлопья крупные органические овсяные Геркулес HelsinkiMills 400г,199.96
Завтрак готовый подушечки шоколадные Любятово 500г,259.98
Мак Приправыч 40г,39.99
Каша овсяная Ясно солнышко с яблоком 45г,19.68
Каша овсяная Ясно солнышко с молоком 45г,19.68
Каша 7 Злаков Матти варить10 мин 400г,149.68
Соус аджичный на кизиле для мяса Костровок 300г,169.98
Масло подсолнечное нерафинированное Vivid 700мл,187.98
Смесь перцев дробленая Kotanyi 12г,53.98
Кетчуп Томатный Краснодарье 850г,109.98
Кетчуп Острый Краснодарье 850г,109.98
Крупа рис длиннозерный Вишневый сад 750г,89.78
Крупа пшеничная Вишневый сад 600г,43.98
Заправка Премиум для капусты Sen Soy 80г,54.89
Заправка Премиум для баклажанов и грибов Sen Soy 80г,54.89
Соус брусничный для мяса Костровок 285г,144.99
Соус для мяса барбекю/чернослив Костровок 320г,144.99
Аджика с хреном КФХ Федорович 250г,89.99
Аджика с имбирем КФХ Федорович 250г,89.99
Соус соевый майонезный Здоровье Дакгомз 46% 350г,89.99
Паста томатная ЭТО 550г,114.99
Паста томатная ЭТО 270г,59.99
Хлопья кукурузные Любятово 300г,119.99
Завтраки сухие хлопья кукурузные Любятово 600г,239.98
Масло оливковое рафинированное Pomace Ondoliva 250мл,299.98
Фасоль красная Вишневый сад 700г,142.79
Крупа горох Айдахо желтый колотый Мистраль 500г,94.89
Зерна киноа Мистраль 500г,476.89
Семена горчицы Магия Востока 50г,32.98
Крупа Горох Вишневый сад 5x80г,58.87
Каша гречневая мясо Preston 40г,27.98
Каша гречневая грибы Preston 40г,27.98
Соль морская крупная Marbelle 750г,129.98
Соль экстра йодированная Усолье 500г,88.98
Приправа для салата Цезарь Kotanyi 13г,53.98
Приправа для мяса мельница Приправыч 53г,149.98
Смесь на второе Волшебное дерево для шаурмы 32г,59.98
Соль йодированная 1-й помол Тыретски солерудник 1кг,21.98
Смесь салатная с кунжутом 50г Дары природы,54.99
Завтраки сухие шарики шоколадные Любятово 500г,259.98
Шамбала 37г Королевская коллекция,44.98
"Майонез Махеевъ Сметанный 50,5% 400г",119.98
Приправа д/приготов Долмы Магия Востока 15г,15.98
Лапша говядина Cup Noodle Nissin 64г,107.98
Макаронные изделия Makfa спагетти 500г,77.99
Рисовая бумага Aroy-d 454г,314.98
Лапша в соусе из соевых бобов Донсан 96г,123.98
Мука полбяная цельнозерновая Гарнец 500г,128.86
Толокно Гарнец 500г,118.79
Цедра лимона измельченная 15г Котани,49.98
Крупа рис басмати Мистраль 500г,249.89
Смесь для выпечки Кексики с шоколадными каплями Размешайка 200г,78.94
Смесь для выпечки Кекс ванильный С.Пудовъ 400г,159.88
Глазурь Preston 50г,25.88
Глазурь Ваниль Preston 50г,36.87
Сахарная пудра Preston 200г,66.86
Смесь для выпечки Кекс мраморный Размешайка 300г,79.87
Ванилин Приправыч 1г,13.99
Смесь для выпечки Кекс изюминка Preston 300г,88.87
Соус для приготовления фунчозы с говядиной в устричном соусе Чим-Чим 90г,69.98
Смесь для выпечки Оладьи бездрожжевые Preston 300г,66.54
Фасоль Лима белая Мистраль 450г,339.87
Стружка кокосовая цветная Приправыч 25г,23.89
Соль с прованскими травами Гималайская Kotanyi мельница 72г,229.98
Приправа для курицы Kotanyi мельница 52г,229.98
Приправа для мясных блюд Kotanyi мельница 40г,229.98
Приправа для салатов Kotanyi мельница 40г,229.98
Приправа для рыбных блюд Kotanyi мельница 44г,229.98
Лапша со вкусом карри Picnic 70г,79.99
Тимьян измельченный Kotanyi 14г,53.98
Смесь 4 перца мельница Kotanyi 38г,229.98
Приправа чеснок/травы/соль Kotanyi 50г,229.98
Приправа Французские травы Kotanyi 33г,229.98
Приправа Итальянские травы Kotanyi мельница 48г,229.98
Черемша 5г Королевская коллекция,44.98
Чабер 9г Королевская коллекция,34.98
Майоран измельченный Kotanyi 6г,53.98
Карри неострый Kotanyi 27г,53.98
Черемуха молотая сушеная 60г Приправыч,199.89
Сухой завтрак Хрутка 320г,139.98
Суп из чечевицы Yelli Итальянский 250г,236.79
Лапша с креветками Cup Noodle 64г,107.98
Лапша сыр Cheese Bokki Ottogi 95г,125.98
Сухой завтрак Nesquik 375г,287.98
Соус Kikkoman соевый 150мл,296.98
Заправка по-Балкански с орегано для салата 250мл,156.98
Заправка по-Итальянски с вялеными томатами для салата 250мл,156.98
Заправка по-Французски с Дижонской горчицей для салата 250мл,156.98
Кисель персик Сладо 35г,23.98
Кисель черная смородина Сладо 35г,23.98
Пудинг с натуральной ванилью Dr.Oetker 35г,69.98
Паприка молотая Kotanyi 25г,53.98
Перец чили Кайенский Kotanyi 25г,53.98
Рис басмати голд 500г Мистраль 1х12,276.87
Приправа для курицы и индейки Kotanyi 30г,53.98
Приправа для салата Греческая Kotanyi 13г,53.98
Перец черный молотый Kotanyi 20г,53.98
Суп на кокосовом молоке с травами Tom Kha Roi Thai 250мл,159.98
Морская капуста хрустящая Гим Ли Не-Ок 2г,19.99
Приправа для свинины Kotanyi 30г,53.98
Перец чили кайенский 5г Королевская коллекция,43.79
Перец черный горошек Kotanyi 20г,53.98
Нигелла 21г Королевская коллекция,68.79
Можжевеловая ягода 16г Королевская коллекция,59.98
Соус соевый классический Тай Со 250мл,59.98
Маринад для барбекю Махеевъ 300г,99.98
Сухая смесь пряностей Аджика Уляпская 100гр,139.98
Кунжут Парфэ 50г,59.86
Перец чили острый Kotanyi 35г,229.98
Приправа для плова Kotanyi 20г,53.98
Приправа 100 блюд универсальная мельница Приправыч 52г,149.98
Приправа Маласянь 50г,54.98
Смесь 4 перца Kotanyi 20г,53.98
Морская капуста сушеная Дольгим 15г,73.98
Смесь белый хлеб без глютена Гарнец 600г,168.79
Мука кукурузная без глютена Garnec 500г,99.69
Масло кокосовое Delicato 450г,369.99
Булгур с белыми грибами Готовые рецепты Yelli 250г,329.89
Масло конопляное нерафинированное Dial-Export 250мл,499.98
Рисовая бумага Sen Soy 100г,104.89
Хлопья кукурузные Гудвилл Экстра 450г,103.68
Масло хлопковое рафинированное Dial-Export 500мл,279.98
Масло арахиса нерафинированное Dial-Export 250мл,269.98
Горчица классическая Heinz 185г,249.98
Горчица зернистая Ротиссер Kuhne 250мл,336.98
Маринад Традиционный для шашлыка Махеевъ 300г,99.98
Фасоль зеленая маш Мистраль 450г,229.79
Крупа кускус Bravolli 350г,179.79
Набор для приготовления фунчозы в устричном соусе Чим Чим 190г,189.87
Крупа рис нероне черный Браволли 350г,279.88
Крупа рис самарканд Мистраль 500г,129.65
Хлопья овсяные Пассим 350г,59.98
Мюсли банан с шоколадом Матти 250г,174.98
Хлопья овсяные моментальные Увелка 400г,59.99
Геркулес полезный Увелка 400г,58.99
Сухой завтрак Nesquik Duo 700г,429.98
Крахмал 150г Престон,69.76
Агар-агар добавка пищевая Домашнее бистро 6г,46.87
"Крупа рис Краснодарский Агроальянс Экстра 1,5кг",189.98
Смесь Кнорр на второе для цыпленка с чесноком 29г,94.98
Хлопья из морской капусты Гим Ли Не-Ок 30г,127.98
Соль экстра Усольская 1кг,22.98
Кетчуп Острый МЖК Хабаровск 230г,41.98
Морская капуста хрустящая Гим Ли Не-Ок 7г,59.98
Морская капуста хрустящая для суши Гим Ли Не-Ок 25г,123.98
Лавровый лист Мастер Дак 15г,25.89
Лапша по-домашнему курица Роллтон 90г,59.98
Имбирь маринованный Премиум Sen Soy 145г,179.98
Аджика с хреном Соленья ДВ 200г,119.99
Аджика домашняя КФХ Федорович 200г,99.99
Мука гречневая Гарнец 500г,126.98
Мука рисовая цельнозерновая без глютена Гарнец 500г,139.98
Мука универсальная без глютена Garnec 600г,185.96
Мука нутовая Гарнец 500г,129.98
Крупа рис бурый/дикий Браволли 350г,216.89
Мука пшеничная с отрубями С.Пудовъ 1кг,148.96
Мука льняная полуобезжиренная Гарнец 500г,89.98
Мука ржаная цельносмолотая Гарнец 500г,49.79
Мастика сахарная ванильная Зеленая Парфэ 150г,99.99
Мюсли Matti ежевика-малина 250г,174.98
Краситель жидкий красный 25г Парфэ,79.97
Краситель жидкий желтый 25г Парфэ,79.97
Желе для торта Парфэ 8г,16.85
Глазурь кондитерская декоративная белая Парфэ 30г,76.85
Смесь темный хлеб без глютена Гарнец 600г,188.77
"Майонез Провансаль 67% МЖК 1,9кг",469.99
Майонез Балтика 55% МЖК 250г,59.89
Горох целый Агроальянс Экстра 900г,75.98
Смесь для выпечки Шарлотка С.Пудовъ 350г,137.88
Смесь для выпечки печенье овсяное С.Пудовъ 400г,115.85
Горчица Русская Юдинцев 100г,29.99
Горчица Любимая Дакгомз 100г,34.99
Суп Борщ Русский продукт 60г,33.89
Майонез Балтика 55% МЖК,192.99
Суп острый Харчо Дачный Русский продукт 65г,33.89
Суп гороховый бекон и гренки Супер суп 45г,54.98
Смесь для выпечки Кекс шоколадный С.Пудовъ 400г,179.86
Сахар коричневый Мистраль Демерара 500г,149.78
Лапша со вкусом кимчи Оттоги 105г,125.98
Лапша со вкусом грибов Джин Рамен Оттоги 65г,109.98
Крупа рис жасмин Мистраль 500г,198.95
Хлопья овсяные курага Ясно солнышко 300г,98.98
Хлопья овсянные чернослив Ясно солнышко 300г,98.98
Хлопья 7 злаков Ясно солнышко 400г,89.98
Хлопья клюква/яблоко Ясно солнышко 300г,98.98
Соус Классический для стейка Daesang 250г,269.98
Соус Восточный для стейка Daesang 250г,254.89
Соус бальзамический с апельсином и лимоном Delphi 250мл,389.98
Сухой завтрак Nesquik Duo 375г,287.98
Сухой завтрак Хрутка 700г,279.98
Соус по-Тайски Премиум для лапши Sen Soy 80г,69.98
Соус для фунчезы пряный с шиитаке Sen Soy 80г,69.98
Соус с оливками Dolmio 350г,149.98
Хлопья мультизлаковые Любятово 250г,139.98
Соус барбекю Heinz 230г,149.98
"Уксус яблочный натуральный Абрико 6% 0,25л",56.98
Соус Гранатовый Наршараб Гранте 350г,369.98
"Масло соевое Ладица 4,8л",779.98
Масло оливковое нерафинированное EV Ondoliva 500мл,499.98
Масло оливковое нерафинированное EV Ondoliva 250мл,319.98
Масло кукурузное Кубань 710мл,159.98
Набор для салата корейского фунчоза Чим-Чим 160г,199.87
Макаронные изделия Лазанья Barilla 500г,319.79
Чечевица красная футбол Bravolli 350г,169.89
Суп-пюре из гороха с карри Yelli 250г,236.79
Гарнир Кускус с ароматными травами Yelli 250г,239.89
Макаронные изделия Феттучине Barilla 500г,319.79
Масло тыквенное нерафинированное Dial-Export 250мл,579.98
Масло кокосовое рафинированное Roi Thai 1л,509.98
Масло грецкого ореха нерафинированное Dial-Export 250мл,399.98
Перец чили чипотль 15г Королевская коллекция,68.89
Сухой завтрак Kosmostars Звездочки медовые 225г,169.99
Вермишель Sen Soy фунчоза под Китайским устричным соусом 125г,154.89
Вермишель Sen Soy фунчоза под Японским соусом 125г,154.89
Лапша со вкусом морепродуктов Picnic 70г,79.99
Лапша со вкусом курицы Picnic 70г,79.99
Лапша со вкусом креветки Tom Yam Picnic 70г,99.89
Корень сельдерея белый сушеный 20г Королевская коллекция,57.98
Десерт сухой для мороженого шоколад Everyday 55г,74.89
Десерт сухой для мороженого малина Everyday 55г,74.89
Кисель Витаминный форте Рецепт здоровья 20г,44.98
Кисель с лютеином Витаминный для глаз 18г,44.98
Розмарин нарезанный Kotanyi 15г,53.98
Крупа горох турецкий нут Мистраль 450г,216.86
Имбирь кусочками 20г Королевская коллекция,49.89
Пудинг с Бельгийским шоколадом Dr.Oetker 54г,69.98
Смесь для выпечки Плюшки с корицей Размешайка 250г,79.79
Приправа Азиатская кухня Kotanyi 15г,53.98
Приправа Зелень для супа Kotanyi 24г,53.98
Коктейль молочный Ванильный С.Пудовъ 30г,65.98
Приправа Средиземноморская кухня Kotanyi 15г,53.98
Коктейль молочный Клубничный С.Пудовъ 30г,65.98
Фенхель 20г Королевская коллекция,44.98
Шалфей 7г Королевская коллекция,39.89
Смесь для выпечки Кекс с изюмом С.Пудовъ 400г,159.88
Бадьян 10г Королевская коллекция,69.98
Мускатный цвет 7г Королевская коллекция,79.97
Соус Карри для курицы Sen Soy 120г,76.98
Соус с черным перцем Sen Soy 120г,76.98
Соус кисло-сладкий для свинины Чим-Чим 150г,109.98
Кетчуп Лечо МЖК Хабаровск 230г,41.98
Соус соевый Ачим 300мл,119.98
Соус соевый Ачим 500мл,129.98
Кетчуп Heinz томатный 342г,199.98
Маринад крылышки Терияки Костровок 80г,69.98
Маринад крылышки барбекю Костровок 80г,76.98
Масло льняное нерафинированное Dial-Export 500мл,239.98
Соус по-Тайски для овощей Чим-Чим 150г,109.98
"Ассорти Prosto крупа гречневая, пшено, пшеничная, перловая 500г",119.87
Ассорти 4 рис и 4 гречка Prosto 500г,119.88
Крупа рис гигант Националь 800г,159.88
Крупа рис арборио Ризотто Агроальянс Экстра 500г,176.96
Макаронные изделия Шебекинские №191 головоломки 450г,77.98
Фасоль темно-красная Агроальянс 450г,158.87
Крупа рис супер басмати Агроальянс Экстра 500г,187.78
Крупа рис суши для японской кухни Агроальянс Экстра 500г,89.98
Лапша пшеничная Унсон Куксу 500г,135.68
Крупа кускус Агроальянс 450г,148.59
Фасоль белая Агроальянс 450г,162.86
Крупа рис тайский Жасмин Агроальянс Экстра 500г,148.98
Крупа рис бурый/дикий Фитнес Агроальянс Экстра 500г,199.86
Макаронные изделия Техномир Кэмми 250г,89.79
Суп-пюре смесь бобовая Bravolli 350г,139.79
Крупа полента Bravolli 300г,136.89
Смесь круп Дружба Увелка 5х80г,85.99
Крупа булгур Bravolli 350г,129.79
Тимьян Магия востока 7г,17.98
Картофельное пюре Картошечка 450г,197.89
Кисель Слабительный Рецепт здоровья 20г,44.98
Суп дачный Овощной с вермишелью Русский продукт 60г,33.89
Суп дачный Мясной с вермишелью Русский продукт 60г,33.89
Морская капуста Суши Нори Sen Soy 28г,164.98
Макаронные изделия Makfa лазанья с двойной волной 500г,141.89
Хлопья кукурузные На здоровье Кунцево без сахара 325г,104.98
Сухой завтрак медовые хлопья Хрутка 300г,139.98
Суп-лапша с морепродуктами Покемон Daikoku 37г,239.98
Мука пшеничная обойная цельнозерновая С.Пудовъ 1кг,138.98
Сахар кусковой коричневый Демерара тростниковый нерафинированный Мистраль 500г,179.79
Суп куриный и гренки Супер суп 40г,54.98
Хлопья кукурузные медовые Любятово 250г,139.98
Суп Солянка Приправыч 60г,29.98
Паприка копченая молотая Kotanyi 25г,53.98
Адыгейская соль Бжедугская 450г,57.89
Адыгейская соль Абадзехская 450г,57.89
Можжевельник ягода сушеная 5г Магия востока,32.98
Анис Магия Востока 10г,27.79
Хлопья овсяные Нордик 500г вар/1 мин,189.78
Хлопья овсяные с овс отрубями Нордик 600г вар/8мин,214.67
Зира семена Магия востока 10г,16.89
Соль 1 сорт 2-й помол Засолочка Салина 1кг,53.98
Хлопья рисовые Экстра Гудвилл 400г,127.98
Майонез Mr.Ricco оливковый 67% 400мл,134.99
Маринад крылышки медово-горчичный Костровок 80г,69.98
Маринад крылышки чесночные Костровок 80г,76.98
Макаронные изделия вермишель Роллтон 400г,64.97
Макаронные изделия Роллтон спагетти 400г,55.99
Соус соевый с чесноком Ачим 300мл,119.98
Макаронные изделия Роллтон рожки 400г,55.99
Макаронные изделия Роллтон перья 400г,64.97
Соус соевый Чим-Чим 290мл,149.98
Приправа говяжья Dashida CJ 100г,79.98
Макаронные изделия Роллтон спирали 400г,55.99
Рис для плова Националь 900г,139.77
Паста томатная Heinz 310г,249.98
Макаронные изделия Шебекинские №203 рожки рефленые 450г,77.98
Крупа рис круглозерный Увелка 800г,129.99
Горох Увелка дробленый 5х80г,99.88
Крупа рис длиннозерный обработанный паром весовой,120.49
Крупа пшеничная отборная Увелка 650г,109.87
Томаты протертые Pomi 500г,219.98
Кинза зелень сушеная Приправыч 7г,18.98
Хлопья овсяные питательные Увелка варить 5 мин 400г,55.99
Хлопья овсяные быстрые с пшеничными отрубями Увелка 400г,86.98
Разрыхлитель для теста с шафраном Д.Оеткер 12г,39.89
Сахар ванильный Д.Оеткер 40г,39.75
Панировочная смесь 250г Русский продукт,39.98
Желатин пищевой 20г Приправыч,34.88
Разрыхлитель для теста с ароматом ванили Dr.Oetker 16г,39.89
Кунжут кондитерский очищенный Националь 150г,99.79
Смесь Магги на второе для сочной курочки карри 26г,79.89
Приправа Французские травы Kotanyi 17г,53.98
Приправа Кавказские травы Kotanyi 9г,53.98
Прованские травы 9 трав Приправыч 30г,47.98
Лапша Чачжан Мен Доширак 200г,94.98
Лапша с приправами Чан Рамён Доширак 120г,75.98
Лапша курица Чан Рамён Доширак 120г,75.98
Смесь Кнор на второе для куриной грудки в кисло-сладком соусе 28г,94.98
Лапша говядина Квисти 70г,23.98
Лапша со вкусом курицы Доширак 90г,54.99
Соль морская натуральная Marbelle 150г,89.98
Смесь Кнорр на второе для буженины 35г,94.98
"Майонез Ottogi 78,5% 500г",249.99
Смесь Кнорр на второе рыба томатном соусе по-провански 23г,94.98
Соль морская натуральная мелкая Marbelle 500г,167.98
Лапша говядина Доширак 90г,54.99
Приправа для морской рыбы и морепродуктов Kotanyi 30г,53.98
Приправа Тоскана Итальянская кухня Kotanyi 32г,229.98
Приправа для первых блюд Вкусная соль 400г,97.98
Приправа Семь блюд Вкусная соль 400г,97.98
Приправа для  рыбы мельница Приправыч 40г,119.98
Кардамон молотый Магия Востока 10г,51.68
Приправа хмели сунели мельница Приправыч 29г,119.98
Приправа перец чили острый мельница Приправыч 48г,149.98
Смесь для выпечки Шарлотка Размешайка 250г,85.67
Хлопья овсяные Минутка черника/сливки 43г,19.98
Соус Цезарь для салата Kuhne 250г,319.98
Смесь для выпечки Бисквит ванильный Размешайка 300г,77.95
Паста томатная Heinz 70г,79.98
Смесь для выпечки Бисквит лимонный Размешайка 300г,78.95
Смесь для выпечки Торт песочный Русский продукт 400г,89.86
Смесь для выпечки Оладьи Размешайка 200г,48.96
Смесь для выпечки Блинчики Размешайка 200г,47.79
Приправа для холодца и зельца Приправыч 15г,18.98
Сахарная пудра Dr.Oetker со вкусом ванили 80г,65.85
Масло подсолнечное рафинированное Золотая семечка 500мл,89.98
Сахар кусковой коричневый тростниковый нерафинированный Мистраль 500г,256.79
Сахарная пудра нетающая 60г Пудофф,139.86
Сахар кусковой Золотой тростник 400г,136.78
Перец зеленый 18г Королевская коллекция,129.79
"Майонез Ottogi 78,5% 1кг",429.98
Перец чили пасилья 14г Королевская коллекция,89.98
Крупа пшено 1с,44.98
Перец розовый 10г Королевская коллекция,84.89
Кетчуп шашлычный МЖК Хабаровск 230г,41.98
Хрен сливочный Kuhne 250г,339.98
Майонез Mr.Ricco Провансаль 67% 400мл,114.99
Хрен столовый острый Kuhne 250г,339.98
Кетчуп Шашлычный Краснодарье 850г,109.98
Сок лайм Цитрано концентрированный 100г,66.98
Крупа пшеничная Увелка 5х80г,98.78
Крупа пшеничная,36.99
Макаронные изделия Шебекинские №2 спагетти 450г,71.99
Крупа гречневая Гудвилл 5х80г,69.99
Соль Гималайская Kotanyi мельница 88г,229.98
Барбарис Магия Востока 5г,27.98
"Майонез Махеевъ Оливковый 50,5% 800г",219.98
Майонез Махеевъ Оливковый 67% 380г,119.98
Лапша крахмальная 140г КНР,56.88
"Уксус яблочный натуральный Абрико 6% 0,5л",109.98
Уксус бальзамический Модена 6% Кюне 250мл стеклянная бутылка,368.98
Приправа 12 овощей и трав Вкусная соль 400г,97.98
Приправа для плова Приправыч 55г,71.98
Перец чили нью-мексико 14г Королевская коллекция,69.89
Бульон Магги куриный 100г,64.98
Морская капуста хрустящая Гим Ли Не-Ок 20г,107.98
"Морская капуста с кимчи Саккурам 4,5г",59.98
Бульон Магги говядина на косточке 80г в кубиках,54.98
Уксус бальзамический Каламата 250мл,349.98
Паста перцовая с уксусом Daesang 300г,179.98
Соус Чили Шрирача Aroy-d 230г,179.98
Аджика по-домашнему Пиканта 500г,126.98
Сахар Россия 1кг,82.99
Соус-маринад для говядины Пулькоги Daesang 280г,189.98
Маринад для говяжьих ребер Galbi Daesang 280г,189.98
Соус-маринад для свинины Булькоги Daesang 280г,189.98
Маринад соевый соус для мяса Vicenta 320г,99.98
Соус для говядины Bulgogi CJ 290г,119.99
Соус для приготовления Pad Thai Чим Чим 90г,76.98
Заправка корейская для капусты Чим-Чим 60г,53.99
Заправка корейская для хе из рыбы Чим-Чим 60г,66.98
Заправка корейская для кальмаров Чим-Чим 60г,66.98
Заправка корейская для огурцов Чим-Чим 60г,66.98
Заправка Премиум для спаржи Sen Soy 80г,54.89
Заправка для моркови по-Корейски Sen Soy 80г,54.89
Соус для приготовления Яки Удон Чим-Чим 90г,76.98
Соус для приготовления Яки Соба Чим Чим 90г,76.98
Заправка корейская для хе из курицы Чим-Чим 60г,66.98
Глазурь шоколадная Стружка Домашняя кухня 25г,58.79
Сахар кусковой прессованный Русский 500г,65.99
Мука Мельник 2кг,98.98
Соус Болоньезе Barilla 400г,299.98
Соус песто Дженовезе Barilla 190г,419.98
Соус Арраббьята Barilla 400г,299.98
Хрен столовый Махеевъ 100г,44.98
Соус для свинины Bulgogi CJ 290г,198.98
Соус соевый Терияки Премиум Sen Soy 220мл,109.98
Масло горчичное Горлинка 750мл,166.98
Кетчуп Heinz Итальянский 1кг,399.98
Мука пшеничная обойная Гарнец 500г,59.79
Мука овсяная Гарнец 500г,88.78
Мука рисовая Гарнец 500г,99.98
Каша овсяная Био Био с лактобактериями 40г,36.98
Сухой завтрак Kosmostars Звездочки медовые 450г,327.98
Сухой завтрак Gold Flakes с медом и арахисом 300г,287.98
Каша Быстров овсянная ассорти с молоком 6х40г,209.98
Сухой завтрак Nesquik 700г,429.98
Сухой завтрак Fitness 250г,188.98
Макаронные изделия перья Россия,54.99
Дрожжи для сдобы Саф-Момент 12г,29.99
Маринад Кавказский Костровок 80г,76.98
Кетчуп Calve к мясу на углях 350г,89.98
Горчица Русская Махеевъ 140г,46.98
Сухой завтрак Колечки шоколад Хрутка 210г,139.98
Лапша Биг Бон курица с пряным соусом 95г,73.98
Кетчуп Махеевъ шашлычный 500г,119.98
Горчица Русская Махеевъ 100г,39.98
Маринад для мяса Костровок 300г,129.98
Хлопья овсяные Минутка абрикос 37г,16.98
Соус соевый Классический Sen Soy 250мл,79.98
Соус для приготовления Терияки Sen Soy 120г,76.98
Хрен столовый Махеевъ 140г,48.98
Горчица Французская Heinz 180г,249.98
Дым жидкий натуральный Костровок 330мл,109.98
Соус соевый Heinz 150мл,279.98
Маринад с белым вином Костровок 80г,76.98
Квас сухой Домашнее Бистро 84г,87.98
Суп Звездочка Приправыч 60г,34.98
Суп гороховый с копченостями Приправыч 60г,34.98
Суп Азбука Приправыч 60г,34.98
Суп Харчо Приправыч 60г,34.98
Суп перловый с мясом Приправыч 60г,34.98
Сухой завтрак медовые шарики Хрутка 230г,139.98
Соус устричный Pearl River Bridge 510г,339.98
Смесь Магги на второе для плова с курицей 24г,69.98
Горчица зерна Приправыч 20г,18.98
Лук зеленый сушеный Приправыч 5г,18.98
Сахарная пудра рафинадная Приправыч 50г,17.86
Аджика жгучая Сава 280г,79.98
Уксус рисовый для суши Сэн Сой 220мл,119.98
Соус для гриля Якитори Sen Soy 120г,76.98
Картофельное пюре Курица Доширак 40г,49.98
Картофельное пюре Говядина Доширак 40г,49.98
"Приправа Knorr На второе ""Картошка по-деревенски со сливочно-чесночным соусом"" 28г",94.98
Приправа для баранины Приправыч 15г,18.98
Соус горчичный Heinz 230г,149.98
Майонез От Максима Провансаль 55% 350г,167.98
Соус Чесночный Heinz 230г,149.98
"Майонез Махеевъ Провансаль с лимонным соком 55,5% 800г",219.98
Соус Цезарь Heinz 230г,89.99
Соус майонезный Нежный Провансаль 15% 400г,69.99
Соус Сырный Heinz 230г,149.98
Лапша Биг Бон говядина с соусом гуляш 85г,73.98
Готовый завтрак Cini-Minis с корицей 250г,239.98
Смесь Магги на второе для гречки по-купечески томленой со свининой 41г,69.98
Майонез Слобода на перепелиных яйцах 67% 200мл,74.98
Масло льняное нерафинированное Ароматы жизни 250мл,156.98
Масло подсолнечное рафинированное Злато 2л,289.98
Соус Русский Сава 280г,64.98
Кетчуп Махеевъ чили 500г,119.98
Кетчуп Calve Бразильский острый 350г,89.98
Макаронные изделия Шебекинские №230 Русский рожок 450г,77.98
Кетчуп Махеевъ Татарский 500г,119.98
Соус Барбекю Calve 230г,96.98
Кетчуп Махеевъ Краснодарский 500г,119.98
Соус соевый легкий Sen Soy 250мл,59.98
Соус соевый для суши Sen Soy 250мл,79.98
Соус кисло-сладкий Heinz 230г,149.98
Соус Сальса Heinz 230г,149.98
Масло льняное нерафинированное Ароматы жизни 500мл,229.98
Маринад по-Кавказски для шашлыка Костровок 300г,129.98
Маринад для барбекю Костровок 300г,129.98
Маринад Универсальный Костровок 300г,129.98
Соус соевый Оригинальный Heinz 150мл,249.98
Соус соевый Японский Стебель бамбука 300мл,79.98
Соус соевый с чесноком Стебель Бамбука 300мл,79.98
Крупа кукурузная Увелка 5х80г,78.77
Крупа ячневая Увелка 5х80г,64.99
Крупа гречневая зеленая Ярмарка 350г,219.89
Макаронные изделия Cellentani Barilla 500г,109.79
"Крупа гречневая ядрица Гудвилл 1,5кг",268.77
Геркулес Финский варить 12 минут Нордик 600г,197.98
Суп грибной с сухарями Чашка супа 15г,36.98
Суп сырный с гренками Де Люкс Maggi 25г,39.98
Гвоздика целая Приправыч 10г,37.98
Соль 1 сорт 1-й помол Салина 1кг,53.98
Приправа смесь лука и моркови Приправыч 60г,59.98
Майонез Балтика 55% МЖК 150г,34.99
Майонез Провансаль 67% МЖК 150г,37.99
Гвоздика молотая Мастер Дак 10г,30
Маринад для курицы Костровок 300г,129.98
Маринад классический для шашлыка Костровок 300г,129.98
"Майонез Махеевъ Провансаль 50,5% 800г",209.98
"Майонез Махеевъ Провансаль 50,5% 380г",114.99
Майонез Махеевъ с перепелиным яйцом 67% 380г,119.98
Соус песто с базиликом Dolmio 180г,329.98
Суп куриный с сухариками Чашка супа 16г,36.98
Суп куриный с лапшой Чашка супа 13г,36.98
Суп гороховый с сухарями Чашка супа 21г,36.98
"Майонез Махеевъ с перепелиным яйцом 50,5% 800г",219.98
Соус 1000 островов Calve 230г,89.98
Соус соевый Классический Стебель бамбука 300мл,79.98
Бульон Магги говядина на косточке 75г,64.98
Суп томатный с сухариками по-Итальянски Чашка супа 18г,36.98
Суп Рассольник Русский продукт 65г,37.98
Суп куриный с вермишелью Maggi 50г,54.89
Смесь на второе для котлет Магги 54г,69.98
Смесь Зажарка с луком и морковью Магги 60г,64.98
Суп Борщ с сухариками Чашка супа 15г,36.98
Смесь на второе Шаурма по-домашнему с нежным чесночным соусом Кнорр 32г,94.98
Супер приправа Весенняя зелень Магги 75г,64.98
Приправа универсальная Вегета пакет 75г,85.98
Желе яблоко Русский продукт 50г,37.98
Смесь на второе Сочные ребрышки с картошкой по-деревенски Кнорр 23г,94.98
Кисель клюква Русский продукт 220г,57.98
Кисель клубника Русский продукт 220г,57.98
Приправа для салата Цезарь сухарики внутри Магги 30г,49.98
Суп гороховый Maggi 49г,54.89
Суп грибной с вермишелью Приправыч 60г,34.98
Смесь на второе Цыпленок в хрустящей корочке Кнорр 29г,74.98
Желе абрикосовое Приправыч 100г,45.98
Кисель абрикосовый Приправыч 110г,37.98
Кисель черника Приправыч 110г,37.98
Желе клубника Приправыч 100г,45.98
Желе вишня Приправыч 100г,45.98
Смесь на второе Классические наггетсы с соусом по-американски Кнорр 49г,94.98
Смесь на второе Домашние котлеты  Кнорр 44г,64.98
Кисель вишня Русский продукт 220г,57.98
Суп куриный с вермишелью Русский продукт 60г,37.98
Кисель плодово-ягодный Русский продукт 220г,57.98
Соус Терияки для курицы Чим-Чим 150г,109.98
"Универсальная приправа Букет приправ с овощами, зеленью и специями Магги 75г",54.89
Имбирь молотый Мастер дак 10г,14.98
Куркума Приправыч 20г,18.98
Перец черный молотый Мастер Дак 100г,88.89
Базилик Мастер Дак 5г,14.98
Приправа Maggi На второе Для куриных крылышек Барбекю 24г,69.98
Смесь Knorr На второе для приготовления спагетти болоньезе 25г,94.98
Сахар Dr.Oetker ванильный  8г,14.87
Сода пищевая 500г,46.98
Смесь Knorr На второе для приготовления макарон в сливочном соусе с грибами 26г,74.98
"Смесь Maggi ""На второе"" для сочного цыпленка табака 47г",64.99
Сахар прессованный тростниковый Брауни Русагро 500г,126.79
Загуститель Dr.Oetker для сливок 8 г,18.87
Завтраки сухие шарики шоколадные Любятово 200г,109.99
Мука высший сорт Алейка 1кг,54.89
Дрожжи Dr.Oetker быстродействующие 7г,29.99
Мука Мельник 1кг,49.98
Мука кукурузная Гарнец 500г,66.79
Соль морская йодированная мелкая Marbelle 750г,129.98
Соль 1-й помол Тыретски солерудник 1кг,18.98
Соль йодированная Промидекс Валетек 350г,58.98
Лапша курица с соусом сальса Биг Бон 75г,39.99
Суп куриный Дачный Русский продукт 60г,33.89
Суп гороховый Славянский Русский продукт 65г,37.98
Суп гороховый с копченостями Русский продукт 65г,37.98
Суп гороховый Дачный Русский продукт 65г,33.98
Суп грибной с вермишелью Дачный Русский продукт 60г,33.89
Суп Звездочки Maggi 54г,54.89
Соус сухой Maggi Домашняя подлива золотистая 90г,64.98
Смесь Knorr На второе Плов 27г,74.98
Смесь Maggi на второе для жульена из курицы и грибов 26г,69.98
Корица молотая Приправыч 10г,31.88
Кориандр молотый Приправыч 15г,18.98
Зира семена кумина Приправыч 10г,18.98
Приправа Смесь перцев Приправыч 15г,18.98
Сельдерей зелень сушеная Приправыч 7г,18.98
Приправа Хмели-Сунели Приправыч 15г,18.98
Укроп зелень сушеная Приправыч 7г,18.98
Перец чёрный горошек Приправыч 10г,29.98
Перец красный молотый Приправыч 10г,18.98
Перец душистый молотый Приправыч 10г,29.98
Перец душистый горошек Приправыч 10г,18.98
Паприка молотая Приправыч 10г,18.98
Кунжут Приправыч 15г,19.89
Приправа Карри Приправыч 15г,18.98
Приправа для цыплёнка табака Приправыч 15г,18.98
Приправа для пельменей Приправыч 15г,18.98
Приправа для борща Приправыч 15г,18.98
Приправа для гриля Приправыч 15г,15.98
Приправа для шашлыка Приправыч 15г,18.98
Приправа для плова Приправыч 15г,18.98
Приправа для курицы Приправыч 15г,18.98
Приправа для корейской моркови Приправыч 15г,18.98
Приправа для жаркого Приправыч 15г,18.98
Приправа чеснок и зелень Вкусная соль 400г,97.98
Приправа Maggi 10 овощей 75г,64.98
Заправка Maggi для борща 250г,97.98
Кориандр цельный Мастер Дак 10г,9.98
Соус сухой Maggi Домашняя подлива мясная 90г,64.98
Картофельное пюре сухарики Роллтон 40г,47.98
Картофельное пюре мясное Роллтон 40г,47.98
Картофельное пюре курица Роллтон 40г,47.98
Суп сырный с гренками Чашка супа 14г,36.98
Хрен столовый Трофимыч Юдинцев 130г,57.98
Суп куриный с сухариками Maggi 19г,39.98
Суп гороховый с сухарями Maggi 19г,39.98
Разрыхлитель теста Приправыч 10г,15.89
Бульон Maggi Супер золотой с курицей 75г,64.98
Бульон Maggi куриный 80г,54.98
Сухой завтрак Подушечки молочные Любятово 250г,119.99
Мука высший сорт Макфа 1кг,72.99
Хлопья овсяные Минутка персик/сливки 43г,19.98
Хлопья овсяные Минутка малина/сливки 43г,19.98
Хлопья овсяные Минутка яблоко 37г,16.98
Хлопья овсяные Минутка малина 37г,16.98
Хлопья овсяные Минутка земляника 37г,16.98
Хлопья 5 злаков тонкие Увелка 350г,76.98
Масло оливково-подсолнечное Аведовъ 1л,229.98
Сок лимонный Цитрано Lemon Fresh концентрированный 100г пл/б,66.98
Приправа для мясного фарша Приправыч 15г,18.98
Крупа ячневая Агроальянс Классик 700г,39.98
Макаронные изделия Шебекинские №190 звездочки 450г,77.98
Крупа рис бурый Агроальянс Экстра 800г,119.98
Кетчуп Махеевъ Лечо 500г,119.98
Хлопья овсяные Минутка сливки/клубника 43г,19.98
Крупа перловая,39.98
Майонез Провансаль 67% МЖК 500г,129.99
Майонез Провансаль 67% МЖК 250г,75.99
Масло подсолнечное рафинированное Аннинское 5л,779.98
"Майонез Ottogi 78,5% 300г",159.98
Майонез Провансаль МЖК Хабаровск 230г,67.99
Перец черный молотый Приправыч 50г,119.98
Майонез Провансаль 67% МЖК 900г,239.99
Майонез Махеевъ с перепелиным яйцом 67% 770г,209.99
Майонез Махеевъ Провансаль с лимонным соком 67% 380г,119.98
Вермишель Роллтон курица на домашнем бульоне 60г,23.98
Крахмал Картошечка картофельный высший сорт 200г,75.89
Дрожжи Саф-Левюр 100г,69.99
"Смесь Maggi на второе для нежной курицы по-итальянски 30,6г",64.99
Смесь Maggi на второе для сочной курицы с паприкой 34г,79.89
Лапша со вкусом курицы Доширак Премиум 140г,159.98
Лапша Премиум со вкусом говядины Доширак 140г,159.98
Лапша со вкусом курицы Квисти Доширак 70г,23.98
Лапша со вкусом свинины Доширак 90г,54.99
Лапша со вкусом грибов Доширак 90г,54.99
Лапша говядина острая Shin Ramyun Nongshim 86г,123.98
Лапша курица Донсан 86г,123.98
Лапша говядина Донсан 86г,123.98
Лапша со вкусом курицы острая Доширак 90г,54.99
Смесь болгарских перцев 50г Приправыч,79.98
Перец чёрный молотый 10г Приправыч,29.98
Лавровый лист Приправыч 20г,39.98
Приправа универсальная 12 овощей и трав Приправыч 200г,84.98
Приправа универсальная Приправыч 50г,22.98
Смесь на второе сочные крылышки в сочном горчично-медовом соусе 23гр Кнорр,94.98
Приправа 4 перца с кориандром мельница Приправыч 36г,187.98
Перец черный горошек мельница Приправыч 43г,187.98
Смесь на второе для салата Цезарь по-доммашнему 30г Кнорр,94.98
Смесь на второе сочная курица с чесноком и травами 27г Кнорр,94.98
Смесь пять перцев 60г Приправыч,149.98
Укроп зелень сушеная Приправыч 30г,59.89
Лапша Сытный обед со вкусом курицы Доширак 110г,79.98
Лапша Сытный обед со вкусом говядины Доширак 110г,79.98
Смесь на второе Сочные куриные грудки с паприкой Knorr 24г,94.98
Смесь на второе для курицы барбекю 26г Кнорр,94.98
Вермишель говядина Роллтон 60г,21.98
Соль экстра Полесье 1кг,34.89
Макаронные изделия спираль Россия,55.99
Перец черный горошек Приправыч 50г,99.98
Приправа универсальная сто блюд Приправыч 60г,79.98
Заправка корейская для моркови Чим-Чим 60г,53.99
Заправка корейская для фунчозы Чим-Чим 60г,53.99
Геркулес,42.99
Приправа универсальная Деликат 200г Кнорр,99.98
Макаронные изделия Makfa рожки гладкие 400г,71.98
Смесь Maggi на второе для сочной курицы с травами 30г,79.89
Крупа гречневая Увелка 5х80г,104.99
Смесь на второе для сочной курицы с чесноком 38г Магги,64.99
Макаронные изделия Makfa ракушки 400г,74.98
Хлопья 3 злака Царь 400г мягкая упаковка,47.98
Желатин пищевой 50г Магия Востока,116.87
Каша Быстров овсяная ассорти 6х40г,209.98
"Масло подсолнечное рафинированное Золотая семечка 1,8л",279.98
Паста томатная Краснодарие 260г,79.98
Сахар песок белый ГОСТ Русский 1кг,90.85
Сок лимонный Цитрано концентрированный  250г,109.98
Масло подсолнечное рафинированное Злато 5л,729.98
Макаронные изделия ригатони Мельник,49.99
Хлопья гречневые Увелка варить 3 мин 400г,149.98
Панировочный сухарь 300г Волшебное дерево,136.86
Крупа гречневая Увелка 800г,179.99
Геркулес Пассим 400г,59.98
Лапша яичная по-домашнему Роллтон 400г,89.99
Горох колотый Россия,53.98
Макаронные изделия Шебекинские №393 ракушка 450г,77.98
Крупа рис пропаренный Агроальянс Экстра 900г,149.86
Макаронные изделия гнезда Шебекинские №500 450г,83.79
Крупа рис длиннозерный Увелка 5х80г,129
"Крупа рис золотистый Агроальянс Экстра 1,5кг",238.76
Крупа рис жасмин Националь 900г,238.99
Хлопья 5 злаков Царь 400г мягкая упаковка,47.98
Сухой завтрак Nesquik 250г,169.99
Сухой завтрак Nesquik Duo 250г,169.99
Кетчуп Heinz томатный 1кг,399.98
Кетчуп Heinz томатный 570г,279.98
Масло подсолнечное рафинированное Аннинское 900мл,139.98
Крупа перловая Увелка 5х80г,85.96
Крупа рис Краснодарский Националь 900г,136.77
Геркулес Классик  400г Агроальянс,49.98
Макаронные изделия Шебекинские триколор 450г,79.79
Макаронные изделия Шебекинские №400 бабочки 350г,84.98
Макаронные изделия Шебекинские №395 улитка 450г,77.98
Сахар кусковой прессованный Русский 1кг,114.99
Макаронные изделия Шебекинские витой рожок 450г,77.98
Крупа манная Увелка 700г,74.87
Лапша яичная классическая Роллтон 400г,87.95
"Крупа рис длиннозерный Агроальянс Экстра 1,5кг",247.86
Майонез От Максима Провансаль 55% 900г,329.99
Крупа рис круглозерный Гудвилл 800г,136.87
Крупа рис весовой,65.90
Мука высший сорт Макфа 2кг,137.99
"Крупа гречневая Агроальянс Экстра 1,5кг",279.98
Крупа гречневая,104.99
Дрожжи Саф-Момент 11г,19.99
Макаронные изделия спирали Макфа 400г,71.98
Макаронные изделия Makfa улитки 400г,74.98
Макаронные изделия вермишель Makfa 400г,59.99
Крупа гречневая ядрица Гудвилл 800г,146.86
Соус соевый Обок 500мл,146.98
Масло подсолнечное рафинированное Золотая семечка 1л,149.98
Масло подсолнечное рафинированное Злато 1л,144.98
Крупа рис круглозерный Увелка 5х80г,109.99
Макаронные изделия витки Makfa 400г,59.99
Макаронные изделия перья Makfa 400г,71.98
Макаронные изделия Шебекинские №111 вермишелька легкая 450г,77.98
Макаронные изделия Шебекинские №202 рожок полубублик 450г,74.98
Макаронные изделия Шебекинские №366 спирали 450г,74.98
Макаронные изделия Шебекинские №343 перья 450г,77.98
