"Вода Покровская 1,25л минеральная негазированная",69.98
"Вода Медвежка 0,5л минеральная газировнная",35.98
"Напиток Швеппс 0,9л английский тоник",109.98
"Напиток Швеппс 0,9л Рашн ориджинал",109.98
"Вода Газированная Легенда Байкала 0,5л",97.98
"Вода Легенда Байкала 0,5л",97.98
"Напиток кофейный Летс Би латте 0,24л",74.98
"Сок Кубаночка черная смородина 0,75л",169.88
"Сок Sunny Amare кизил 0,75л",229.97
"Напиток Дисней яблоко 0,75л",150
"Напиток Дисней клубника яблоко банан 0,75л",150
"Сок Sunny Amare гранат 0,75л",277.97
"Сок Sunny Amare айва 0,75л",199.88
"Напиток Kinder Land сливочный пломбир 0,75л",100
"Напиток энергетический Adrenaline Rush манго 0,449л",99.99
"Напиток Morning Rice со вкусом злаков 1,5л",219.89
"Напиток Добрый Супер Дринк клубник/киви 0,33л",49.98
"Напиток Добрый Супер Дринк малина/арбуз 0,33л",49.98
"Напиток Добрый Супер Дринк манго/апельсин 0,33л",49.98
"Напиток Bombbar грейпфрут/L-карнитин 0,5л",144.98
"Напиток Bombbar апельсин/L-карнитин 0,5л",144.98
"Напиток Bombbar лайм/мята/L-карнитин 0,5л",144.98
"Сок Добрый Супер Джус яблоко/персик 0,2л",34.98
"Сок Добрый Супер Джус мультифрукт 0,2л",34.98
"Сок Добрый Супер Джус яблоко 0,2л",34.98
"Напиток Монастырский гранат 1,5л",59.98
"Вода газированная Шмаковка №1 0,5л",31.98
"Вода Славда газированная лимон/мята 0,5л",44.98
"Напиток чайный Пи черный с лимоном 0,5л",94.98
Нектар Tipco смесь граната/овощей/фруктов 1л,99.99
Нектар Tipco смесь ягод/овощей/фруктов 1л,99.99
Нектар Tipco смесь яблок/овощей/фруктов 1л,99.99
Компот Самбери яблоко/чернослив 1л,87.98
Сок Агрокомплекс томатный с солью 1л,169.98
Сок Агрокомплекс яблочный осветленный 1л,169.98
"Напиток Love is ананас/апельсин 0,33л",74.98
"Напиток Love is вишня/лимон 0,33л",74.98
Нектар Агрокомплекс морковно-яблочный 1л,169.98
Нектар Агрокомплекс яблочный с мякотью 1л,169.98
Вода Черелия лечебно-столовая 1л,249.98
"Напиток Schweppes биттер лемон 0,25л",89.98
Напиток морсовый клюква Всегда Добрый день 1л,57.79
Морс Самбери брусника 1л,87.68
Компот Самбери курага 1л,87.98
Напиток морсовый брусника Всегда Добрый день 1л,57.79
Морс Самбери малина 1л,87.68
Напиток Добрый манго 1л,117.98
"Сок Кубаночка яблочный 0,75л",184.97
"Сок Кубаночка вишневый 0,75л",184.97
"Сок Кубаночка апельсиновый 0,75л",184.97
"Сок IL PRIMO апельсин 0,2л",59.98
"Сок IL PRIMO яблочный осветленный 0,2л",59.98
"Напиток Гринк TOP Secret 0,5л",45.97
"Нектар IL PRIMO манго с мякотью 0,2л",59.98
"Нектар IL PRIMO вишня 0,2л",59.98
"Напиток Самбери лимонад 1,5л",47.69
"Напиток Самбери дюшес 1,5л",47.69
Нектар Самбери тыква 1л,129.97
Нектар Самбери морковь 1л,129.67
Нектар Самбери тыква/морковь/яблок 1л,129.87
Нектар Самбери тыква/морковь 1л,129.87
"Напиток Grink мандарин/апельсин 0,5л",45.97
"Напиток Монастырский манго/груша 1,5л",59.98
"Нектар Аршани маракуйя/манго 0,25л",67.98
"Вода газированная Borjomi цитрус/имбирь 0,33л",89.98
"Вода газированная Borjomi вишня/гранат 0,33л",89.98
"Напиток Schweppes тоник 0,25л",89.98
"Нектар БиоНерджи облепиха прямого отжима 0,5л",119.97
"Нектар БиоНерджи банан/облепиха прямого отжима 0,5л",119.97
"Напиток MIX Клубничный Самбери 0,5л",34.98
Нектар Сады Придонья Exclusive персик с мякотью 1л,134.97
"Напиток Сангария кола 0,35л",94.98
Сок томатный Самбери 1л,129.87
"Квас Желтая бочка 0,5л",44.98
Сок Сады Придонья виноград 1л,159.97
Нектар Сады Придонья манго 1л,134.97
Нектар Сады Придонья вишня 1л,99.99
Сок Сады Придонья из зеленых яблок 1л,134.97
"Напиток J7 лайм/личи/манго/гуава 0,97л",204.98
"Смузи Сады Придонья груша/смородина/малина/злаки 0,25л",41.98
"Нектар J7 апельсин/манго/маракуйя 0,97л",204.98
"Напиток энергетический Adrenaline Gold Red 0,33л",99.97
"Напиток Любимый клубничная маргарита 0,75л",104.98
"Вода Кармадон лечебно-столовая 0,5л",59.97
"Сок Я апельсин с мякотью 0,2л",89.97
"Сок Я яблоко осветленный 0,2л",89.97
"Сок Я томат с солью 0,2л",89.97
"Сок J7 яблоко осветленное 0,3л",74.99
"Нектар Фруктовый сад яблоко/вишня/рябина 0,95л",119.99
"Нектар Фруктовый сад яблоко/цитрус/груша 0,95л",119.99
"Вода МТаби тип Боржомский 0,45л",77.98
"Напиток Моя Семья ягода-сочнягода 0,175л",24.98
"Напиток Моя Семья манго-тропиканго 0,175л",24.98
"Напиток сокосодержащий Алоэ Вера Тибет 0,525л",69.98
"Напиток сокосодержащий Алоэ Вера Тибет 1,5л",149.98
"Напиток Моя Семья апельсин-вкуснотин 0,95л",74.98
"Напиток энергетический Red Bull кокос с ягодами 0,25л",129.87
"Напиток энергетический Red Bull арбуз 0,25л",129.87
"Напиток Моя Семья ягода-сочнягода 1,93л",149.98
"Напиток Моя Семья манго-тропиканго 0,95л",74.98
"Напиток Моя Семья ягода-сочнягода 0,95л",74.98
"Напиток Моя Семья манго-тропиканго 1,93л",149.98
"Напиток сокосодержащий Rich яблоко/вишня/грейпфрут/черешня 0,33л",84.98
"Напиток сокосодержащий Rich виноград/лимон 0,33л",84.98
"Напиток Алоэ Lotte 0,24л",49.98
"Напиток Алоэ/Манго Lotte 0,24л",49.98
"Напиток кофейный Let's Be с солью 0,24л",74.98
"Напиток чайный зеленый City Drink 0,5л",69.98
Смузи Тонус BioNergy малина/манго/семена чиа 120г,99.97
Смузи Фитнес BioNergy клюква/ананас/семена чиа 120г,99.97
Смузи Детокс BioNergy жимолость/вишня/клубника 120г,99.97
"Нектар SIS яблоко 1,6л",229.98
"Нектар SIS клубника/банан 1,6л",229.98
"Нектар SIS гранат 1,6л",229.98
"Нектар SIS вишня 1,6л",229.98
"Напиток энергетический Solar Power Recovery 0,45л",69.99
"Сок Арарат Премиум апельсиновый 0,75л",159.98
"Сок Арарат Премиум яблочный прямой отжим 0,75л",159.98
"Нектар Арарат Премиум персик с мякотью 0,75л",159.98
"Сок Арарат Премиум гранатовый 0,75л",217
Морс Добрый виноград/клюква 1л,109.99
"Напиток Mountain Dew 1,5л",139.99
"Вода Добрый Доктор минерально-лечебная газированная №17 0,45л",74.98
"Вода Добрый Доктор минерально-лечебная газированная №4 0,45л",74.98
Напиток Pepsi Манго 2л,159.99
Напиток Pepsi Манго 1л,99.99
"Напиток Pepsi Манго 0,5л",79.99
"Напиток MIX Тропический Самбери 0,5л",34.98
"Напиток MIX Цитрусовый Самбери 0,5л",34.98
"Напиток Schweppes Spritz Aperitivo 0,9л",114.98
Напиток Coca-Сola Vanilla 2л,154.98
"Сок Баринофф яблочный осветленный 0,25л",59.87
"Сок Баринофф апельсин с мякотью 0,25л",59.87
"Сок Баринофф гранатовый с сахаром 0,25л",59.87
"Сок Баринофф манго с мякотью 0,25л",59.87
"Сок Фруктовый сад яблоко/персик/нектарин 0,2л",43.98
"Сок J7 апельсин 0,3л",74.99
"Сок Фруктовый сад мультифрукт 0,2л",43.98
Напиток Pepsi Max 2л,159.99
"Вода Добрый Доктор минерально-лечебная газированная №4 1,5л",99.98
"Вода Добрый Доктор минерально-лечебная газированная №17 1,5л",99.98
"Напиток Sanpellegrino клементин/персик 0,33л",124.98
"Напиток Sanpellegrino лимон/малина 0,33л",124.98
"Напиток Бандаберг диетический имбирный 0,375л",249.77
"Напиток Бандаберг имбирный лимонад 0,375л",249.77
"Напиток Бандаберг маракуйя 0,375л",249.77
"Напиток Бандаберг персик 0,375л",249.77
"Напиток энергетический Monster Energy Mango Loco 0,449л",114.98
"Сок J7 мультифрукт 0,3л",74.99
"Сок J7 яблоко персик 0,3л",74.99
"Напиток Всегда Добрый День дюшес 1,5л",34.99
"Напиток Всегда Добрый День лимонад 1,5л",34.99
"Нектар Аршани морковный 0,25л",67.98
"Нектар Аршани тыквенный 0,25л",67.98
"Напиток Lotte персик 0,190л",39.98
"Напиток Lotte яблоко 0,190л",39.98
"Напиток Luck Siam киви/семена базилика 0,29л",99.98
"Напиток Luck Siam личи/семена базилика 0,29л",99.98
"Напиток Luck Siam манго/семена базилика 0,29л",99.98
"Напиток Моя семья яблочный микс 0,175л",24.98
"Напиток Lotte виноград 0,190л",39.98
"Напиток Моя семья мультифрукт 0,175л",24.98
"Напиток Моя Семья яблочно/гранатовый 0,95л",74.98
"Напиток энергетический Burn яблоко/киви 0,449л",149.98
"Напиток чайный Fuze tea зеленый яблоко/киви без сахара 0,5л",79.98
"Напиток энергетический Burn оригинальный 0,449л",149.98
"Напиток чайный Fuze tea улун малина/мятя без сахара 0,5л",79.98
"Напиток энергетический Burn темная энергия 0,449л",149.98
"Напиток чайный Fuze tea улун малина/мята без сахара 1,5л",149.98
"Напиток чайный Fuze tea зеленый манго/ромашка 0,5л",79.98
"Напиток Coca-Cola Orange без сахара 0,9л",84.98
"Сок Кубаночка томатный 0,75л",134.98
"Напиток энергетический Bullit тропик 0,5л",129.98
"Квас Желтая бочка 1,5л",79.87
Сок Сады Придонья яблоко/персик с мякотью 2л,169.98
Сок Сады Придонья яблоко/виноград 2л,169.98
Сок Сады Придонья мультифрукт 2л,169.98
Сок Сады Придонья из зеленых яблок 2л,169.98
"Нектар Rich вишня 0,3л",67.98
Напиток энергетический Flash 1л,87.99
"Напиток энергетический Black Monster 0,449л",114.98
Морс Сады Придонья бруснично-малиновый 1л,99.87
Морс Сады Придонья клюквенный 1л,104.87
"Напиток энергетический Black Monster Energy Ultra 0,449л",114.98
"Напиток энергетический Black Monster Doctor 0,449л",114.98
Напиток Coca-Cola Vanilla 1л,94.98
"Вода негазированная Aqua Minerale Active цитрус 0,5л",59.99
Сок Добрый яблоко/черноплодная рябина/вишня 1л,104.99
Сок Добрый яблоко/черноплодная рябина/малина 1л,104.99
"Сок Я томатный с солью 0,97л",227.98
"Нектар Аршани вишневый 0,25л",67.98
"Сок Аршани яблочный 0,25л",67.98
"Нектар Аршани 0,25л апельсин",67.98
"Сок Аршани томатный 0,25л",67.98
Морс АВС клюква 1л,109.98
Напиток Дэйли Си Витамин Д манго негазированный 140мл,69.98
Напиток Дэйли Си Витамин С лимон негазированный 140мл,69.98
"Напиток кофейный Let's Be Cappuccino 0,24л",74.98
"Напиток Schweppes Биттер Лимон 0,9л",109.98
"Напиток Schweppes Мохито 0,9л",109.98
"Напиток Schweppes Индиан Тоник 0,9л",109.98
Вода Ессентуки №4 газированная 1л,109.98
Вода Ессентуки №17 газированная 1л,109.98
"Вода газированная Кусун Курортная 0,5л",31.97
"Вода Ессентуки №4 газированная 0,45л",79.89
"Вода Ессентуки №17 газированная 0,45л",79.89
Сок гранатовый Самбери 1л,159.77
Сок Сады Придонья тыквенно-яблочный 1л,98.97
Нектар Telli гранат-шиповник 1л,109.78
"Нектар Jumex Кокос-ананас 0,473л",134.98
Вода Donat Mg минерально-лечебная 1л,259.98
"Напиток энергетический Adrenaline Rush Juicy 0,449л",99.99
"Напиток Формэн Сталком Коллекция айва 0,5л",69.98
"Напиток Формэн Сталком Коллекция агава 0,5л",69.98
"Напиток Формэн Сталком Коллекция гуава 0,5л",69.98
"Напиток Страна Лимония дюшес премиум 0,5л",69.98
"Напиток Мум Баи Премиум 0,5л",69.98
"Напиток Страна Лимония классический премиум 0,5л",69.98
"Напиток Coca-cola 0,33л",89.98
"Напиток Sprite 0,33л",89.98
"Вода негазированная Асахи Ванадиум 0,6л",119.78
"Вода негазированная Байкал глубинная 0,85л",84.97
Вода негазированная Славда Курортная 1л,39.97
"Вода негазированная Aqua Minerale Лайм 0,5л",59.99
"Напиток Fanta апельсин 0,33л",89.98
Вода негазированная Асахи Ванадиум 2л,279.88
"Вода МТаби тип Боржомский 1,25л",89.98
"Вода Нагутская-26 лечебно-столовая 1,5л",74.98
"Вода Borjomi лечебно-столовая газированная 1,25л",179.98
"Вода Borjomi лечебно-столовая газированная 0,33л",79.98
"Вода негазированная Aqua Minerale лимон 0,5л",59.99
"Напиток OKF Farmer's Алоэ арбуз 0,5л",79.98
Сок Сады Придонья морковно-яблочный 1л,98.97
"Сок Rich яблоко 0,3л",67.98
"Напиток Моя Семья мультифрукт 0,95л",74.98
"Нектар Любимый яблоко 0,485л",67.98
"Напиток Любимый тропический микс 0,485л",67.98
"Сок Rich манго/апельсин 0,3л",67.98
"Напиток Моя Семья яблоко/персик/абрикос 1,93л",149.98
"Напиток Моя Семья яблочный микс 1,93л",149.98
"Напиток Моя Семья мультифрукт 1,93л",149.98
Смузи Сады Придонья яблоко/киви/виноград/лимон со злаками 250мл,41.98
Смузи Сады Придонья манго/виноград/ананас со злаками 250мл,41.98
Смузи Сады Придонья банан/яблоко/виноград/клубника со злаками 250мл,41.98
"Напиток Иван чай Карельские ягоды 0,33л",59.67
Желе Beautie черная смородина-витамины 150г,79.97
Желе Beautie клубника-коллаген-витамин С 150г,79.97
"Напиток Моя Семья Яблочный микс 0,95л",74.98
Сок Гунай гранат прямой отжим осветленный 1л,229.88
"Нектар Любимый яблоко/персик/нектарин 0,485л",67.98
"Вода газированная Славда Курортная 0,5л",33.97
Сок Tipco манго-смесь фруктов 1л,149.99
"Напиток сокосодержащий Vinut апельсин 0,33л",64.98
"Напиток сокосодержащий Vinut розовая гуава 0,33л",64.98
"Напиток сокосодержащий Vinut личи 0,33л",64.98
"Напиток сокосодержащий Vinut манго 0,33л",64.98
"Напиток сокосодержащий Vinut яблоко 0,33л",64.98
"Напиток сокосодержащий Vinut ананас 0,33л",64.98
Вода Шмаковка минеральная 2л,64.98
"Напиток Coca-Cola Vanilla 0,5л",74.98
"Напиток MIX Клубничный Самбери 1,5л",54.98
"Сок Rich апельсин 0,3л",67.98
"Напиток Добрый Pulpy клубника/арбуз с кусочками алоэ 0,45л",64.99
Нектар Jumex Кокос и Ананас 1л,174.97
"Напиток энергетический Adrenaline Rush Red 0,449л",99.99
"Напиток чайный Вахаха из зеленого чая 0,5л",74.98
"Напиток Монастырский гуава и цветы яблони 1,5л",59.98
"Напиток Chupa Chups газированный клубничный крем 0,345л",84.89
"Напиток Chupa-Chups газированный виноград 0,345л",84.89
"Вода негазированная Славда Курортная 0,5л",33.97
"Вода газированная Aqua Minerale 0,5л",39.99
"Вода негазированная Амут артезианская 0,6л",37.98
"Напиток MIX Цитрусовый Самбери 1,5л",54.98
"Напиток MIX Тропический Самбери 1,5л",54.98
"Напиток энергетический Drive Me Ориджинал 0,449л",59.99
"Напиток энергетический Adrenaline Rush 0,449л",99.99
Напиток 7UP 1л,99.99
"Нектар Фруктовый сад мультифрукт 0,95л",119.99
"Вода негазированная Aqua Minerale 0,5л",39.99
Вода газированная Trivi 1л,47.98
"Вода негазированная Кусун Курортная 1,5л",54.97
"Вода газированная 1,5л",29.99
Сок Добрый яблоко/виноград 1л,104.99
Сок Добрый яблоко/цитрус 1л,104.99
Нектар Jumex Манго 1л,174.97
"Напиток энергетический Adrenaline Game Fuel 0,449л",99.99
Напиток чайный Fuze tea лесные ягоды/гибискус 1л,109.89
"Напиток чайный Fuze tea лесные ягоды/гибискус 1,5л",149.98
"Напиток чайный Fuze tea лимон/лемонграсс 1,5л",149.98
"Вода негазированная Славда Курортная 1,5л",49.97
Вода негазированная Амут артезианская 1л,47.98
"Напиток энергетический Solar Power 0,45л",69.99
"Напиток чайный Fuze tea лимон-лемонграсс 0,5л",79.98
"Напиток Кусун гибискус брусника 1,5л",94.98
Напиток Pepsi 1л,99.99
Напиток Pepsi 2л,159.99
"Напиток Pepsi 1,5л",139.99
Напиток 7UP 2л,159.99
"Напиток Pepsi 0,5л",79.99
Напиток Mirinda 2л,159.99
"Напиток 7UP 0,5л",79.99
"Напиток Mirinda 0,5л",79.99
Напиток Mirinda 1л,99.99
Вода негазированная Aqua Minerale 1л,44.99
"Вода негазированная Амут артезианская 0,3л",29.98
"Вода негазированная Айсис 0,5л",44.68
"Напиток Монастырский 1,5л Слива",59.98
"Вода газированная Славда Курортная 1,5л",49.97
"Вода газированная Шмаковка 0,5л",31.98
"Вода Мухенская-3 газированная лечебно-столовая 0,5л",49.98
"Вода Мухенская-3 газированная лечебно-столовая 1,5л",89.98
"Вода Мухенская-1 газированная лечебная 0,5л",59.98
Нектар Tipco кокос 1л,149.99
"Напиток Клоповка Горная 0,5л",67.98
Напиток Тоник 1л классический пэт,64.98
"Напиток чайный Вахаха лимон 0,5л",74.98
"Нектар Фруктовый Сад апельсин 0,95л",119.99
"Напиток Добрый Pulpy ананас/манго 0,45л",64.99
"Нектар J7 0,97л ананас",204.98
"Напиток Брусника Горная 1,5л",114.97
Сок Гульнар 1л гранат с сахаром,94.98
Напиток Evervess тоник газированный 1л,99.99
"Напиток Coca-cola 0,5л",74.98
"Напиток Любимый тропический микс 0,2л",35.98
"Напиток Любимый тропический микс 0,95л",84.99
"Напиток Любимый тропический микс 1,93л",154.99
"Нектар Любимый виноградный дуэт 1,93л",154.99
"Напиток сокосодержащий Lotte мандарин 1,5л",229.77
Сок Malee манго/смесь фруктов 1л,217.96
Вода негазированная Триви 1л,47.98
"Вода негазированная 1,5л",29.98
"Вода негазированная Байкальская 0,5л",35.98
"Квас Хлебный Леодр 0,5л",89.68
"Квас Хлебный Леодр 1,5л",149.96
"Вода негазированная Триви 0,5л",37.98
"Вода газированная лечебно-столовая Кука-7 1,5л",64.98
"Напиток Спарклинг Яблоко 0,355л",69.98
"Нектар Арарат Премиум 0,97л абрикос т/п",139.98
"Напиток чайный Lipton персик 0,5л",79.99
"Напиток чайный Fuze tea клубника/малина 1,5л",149.98
Сок Сады Придонья мультиовощной с имбирем 300мл,84.98
Сок Сады Придонья морковь/апельсин/манго 300мл,52.98
"Напиток Лаймон Фреш с соком лайма 1,5л",114.98
"Напиток Лаймон Фреш с соком лайма 0,5л",74.98
Сок Tipco киви-виноград 1л,149.99
Сок Tipco гуава 1л,149.99
"Напиток Сангария Сидр 0,350л",94.98
"Напиток Клоповка горная 1,5л газ",129.98
Сок Malee мангостин/гранат/красный виноград 1л,217.96
Сок Malee кокосовая вода 1л,217.96
Сок Malee апельсин Навел с мякотью 1л,189.99
"Нектар Я мультифрукт 0,97л",209.99
"Напиток Спарклинг Виноград сокосодержащий 0,355л",69.98
Сок Сады Придонья мультиовощной со свеклой 1л,98.97
Сок Rich гранат 1л,259.87
Нектар Сады Придонья яблоко/черная смородина 1л,94.97
Сок Сады Придонья томат без соли 1л,98.97
Сок Сады Придонья яблоко/персик 1л,94.97
Сок Сады Придонья мультифрукт 1л,94.97
"Вода негазированная Evian 1,5л",237.98
"Вода негазированная Виттель спорт лок 0,75л",144.97
"Вода негазированная Перье 0,33л",169.97
Напиток Сангария дыня 500мл,164.98
"Вода Старый Источник №4 1,5л",104.98
"Напиток Арарат Премиум банан/клубника 0,97л пэт",129.96
"Вода Старый Источник Элита №17 0,5л",84.97
"Вода Старый Источник Элита №4 0,5л",84.97
"Напиток Милкис 0,25л",49.98
"Вода Donat Mg минеральная природная питьевая лечебная 0,5л",149.98
"Вода негазированная Evian 0,5л",139.98
"Вода газированная San Pellegrino 0,25л",149.89
"Вода газированная Perrier 0,75л",224.87
Напиток Черноголовка Лимонад Буратино 1 литр,107.98
"Напиток Смузи Грин киви, зелёное яблоко, манго 0,5л",117.97
"Напиток Смузи пурпур 0,5л красный виноград/черника/манго",117.97
Сок Malee личи 1л,217.96
Сок Malee гуава прямой отжим 1л,189.99
"Напиток Смузи ред клубника/грейпфрут/манго 0,5л",117.97
Сок Сава 2л томатный с солью,199.98
"Сок Фруктовый сад томат 1,93л",227.98
Нектар ArshAni Премиум гуава 1л,179.77
"Сок облепиховый 0,75л прямой отжим",199.69
"Нектар Я персиковый с мякотью 0,97л",209.99
"Сок облепиховый 0,25л",109.87
"Сок Yan яблоко 0,93л",224.98
"Сок Yan персик 0,93л",224.98
"Сок Yan абрикос 0,93л",224.98
"Нектар Арарат Премиум Гранат 0,97л",179.67
"Напиток кофейный Let's Be Арабика 0,235л",74.98
"Напиток Алоэ Вера 1,5л Лотте",199.79
"Напиток Смузи елоу 0,5л ананас/белый виноград/манго",117.97
"Напиток Алоэ Вера 0,5л Лотте",99.97
"Сок Добрый персик/яблоко 0,33л",49.99
"Вода негазированная Виттель 0,5л",129.67
"Напиток Милкис манго 0,25л",49.98
"Вода Славда негазированная спорт-лок 0,5л",33.98
"Напиток Милкис персик 0,25л",49.98
Сок Malee ананас прямой отжим 1л,217.96
"Вода негазированная Байкал глубинная 0,45л",53.98
"Сок Добрый мультифрукт 0,33л",49.99
"Вода негазированная Виттель 1,5л",219.87
"Напиток Дэйли Си Витамин С 0,1л",49.98
Вода минеральная Новотроицкая 2л,68.98
Сок Добрый Уголки России виноград/гранат 1л,124.96
Сок Rich мультифрукт 1л,149.99
Вода негазированная Триви 5л,97.98
Вода негазированная 5л,69.98
"Сок Yan апельсин 0,93л",224.98
"Сок Yan банановый 0,93л",299.88
"Нектар Любимый яблоко 0,95л",89.98
"Напиток сокосодержащий Lotte манго 1,5л",229.77
"Нектар Lotte виноград 1,5л",279.97
"Сок Фруктовый сад яблоко осветленный 0,95л",119.99
"Сок Добрый апельсин 0,33л",49.99
Нектар Сава яблочно/вишневый 2л,199.98
"Нектар J7 0,97л гранат/черноплодная рябина",184.99
"Нектар Любимый апельсин/манго/мандарин 0,2л",35.98
"Нектар Любимый яблоко/персик/нектарин 0,2л",35.98
"Нектар Любимый томат 0,95л",89.98
"Сок Я яблоко 0,97л",209.99
"Напиток Добрый Pulpy Апельсин 0,9л",79.99
Сок Rich грейпфрут 1л,159.99
Сок Добрый апельсин 1л,117.98
"Сок Я апельсиновый с мякотью 0,97л",209.99
"Напиток спортивный Powerade ледяная буря 0,5л",94.98
"Напиток энергетический Adrenaline Rush 0,25л",74.99
"Морс Фруктовый сад клюква 0,95л",118.68
"Напиток энергетический Red Bull без сахара 0,25л",129.87
Морс Добрый виноград/клюква/брусника/морошка 1л,109.99
"Напиток Любимый яблоко/вишня/черешня 0,95л тетра пак",89.98
"Напиток чайный City Drink черный с лимоном 0,5л",69.98
"Напиток чайный City Drink зеленый с мятой 0,5л",69.98
Сок Добрый томат 1л,117.98
Напиток из Черноголовки тархун газированный 1л,107.98
"Напиток из Черноголовки 0,5л лимонад",69.97
"Напиток из Черноголовки буратино 0,5л",69.97
Напиток из Черноголовки дюшес газированный 1л,107.98
Напиток из Черноголовки 1л лимонад,107.98
"Напиток из Черноголовки 0,5л дюшес",69.97
"Напиток из Черноголовки тархун газированный 0,5л",69.97
"Вода негазированная BonAqua Viva лимон 0,5л",57.98
"Напиток из Черноголовки байкал газированный 0,5л",69.97
Напиток из Черноголовки байкал газированный 1л,107.98
Сок Добрый персик/яблоко 2л,199.98
"Напиток энергетический Bullit 0,25л",79.97
"Напиток Добрый Pulpy Апельсин 0,45л",74.98
"Вода Borjomi лечебно-столовая газированная 0,5л",89.98
"Напиток 0,5л Гринк дерзкая вишня",45.97
"Вода газированная Монастырская 0,5л",33.97
Вода газированная Aqua Minerale 2л,74.99
"Сок Yan гранат 0,93л",334.78
"Вода газированная Монастырская 1,5л",49.98
Сок Rich апельсин/манго 1л,149.99
Сок Добрый красный виноград 1л,117.98
"Сок ФрутоНяня яблоко/вишня осветленный 0,2л",34.99
Напиток чайный Lipton зеленый чай 1л,109.99
"Напиток Любимый апельсин/манго/мандарин 0,95л",89.98
"Сок Любимый томат 1,93л",154.99
"Вода Малкинская №1 лечебная минеральная 1,5л",87.98
"Напиток энергетический Red Bull 0,25л",129.87
Напиток Coca-Cola 1л,94.98
"Напиток Милкис 0,5л",89.98
Вода негазированная Aqua Minerale 2л,74.99
"Вода негазированная BonAqua 0,5л",39.98
"Вода газированная BonAqua 0,5л",39.98
"Напиток Милкис 1,5л",199.89
"Напиток Монастырский Тархун 1,5л",59.98
"Напиток чайный Lipton зеленый чай 0,5л",79.99
"Напиток Pepsi 0,25л",109.98
"Напиток Любимый Земляничное лето 0,2л",35.98
Сок Сады Придонья яблочный прямого отжима 1л,99.98
"Напиток Любимый яблоко/вишня/черешня 0,2л",35.98
"Нектар Фруктовый сад мультифрукт 1,93л",227.98
Нектар Любимый яблоко 200мл,35.98
"Напиток Sprite 1,5л",129.98
"Сок Фруктовый сад яблоко 0,2л",43.98
Напиток чайный Lipton лимон 1л,109.99
Вода негазированная BonAqua 1л,54.98
"Вода газированная Нарзан 1,8л",99.77
Напиток энергетический Drive me Ориджинал 1л,99.99
"Напиток чайный Lipton лимон 1,5л",149.99
Сок Сады Придонья Яблоко-Виноград с 3-х лет 1л,94.97
"Напиток Fanta апельсин 0,5л",74.98
"Напиток Sprite 0,5л",74.98
"Сок Фруктовый сад томат 0,2л",43.98
Сок Rich персик 1л,149.99
Сок Rich апельсин 1л,149.99
"Напиток Sprite 0,9л",94.98
Напиток Fanta апельсин 1л,94.98
"Напиток Милкис клубника 0,25л",49.98
Сок Сады Придонья яблочно-абрикосовый с мякотью 1л,94.97
"Сок J7 яблоко зеленое 0,97л",184.99
"Напиток Pepsi 0,33л",69.98
Нектар Сады Придонья яблоко-вишня 1л,94.97
"Нектар Любимый яблоко/персик/нектарин 0,95л",89.98
"Напиток Монастырский Босфор 1,5л",59.98
Напиток Coca-Cola Zero 1л,94.98
"Сок Фруктовый сад томат 0,95л",119.99
"Нектар Любимый яблоко/персик/нектарин 1,93л",154.99
"Напиток энергетический Bullit 0,5л",129.98
"Напиток Монастырский Лимонад 1,5 л",59.98
"Нектар Фруктовый сад персик/яблоко 1,93л",227.98
Сок Добрый персик/яблоко 1л,117.98
"Сок Добрый яблоко 0,33л",49.99
"Нектар Фруктовый Сад яблоко осветленный 1,93л",227.98
"Нектар Я вишня 0,97л",209.99
Сок Rich яблоко 1л,149.99
Сок Добрый яблоко 1л,117.98
Сок Добрый яблоко 2л,224.99
Сок Добрый томат 2л,224.99
Сок Добрый мультифрукт 2л,199.98
Сок Добрый мультифрукт 1л,117.98
Сок Добрый апельсин 2л,199.98
Сок Добрый ананас 1л,117.98
"Напиток Любимый яблоко/вишня/черешня 1,93л",154.99
Напиток брожения Чайный гриб 1л,109.98
"Квас живой Арсеньевский 1,5л",89.98
"Квас Хлебный Тайга 1,5л",59.98
"Вода газированная Ласточка 1,5л",59.98
"Вода минеральная Медвежка 1,5л",54.98
Сок Сады Придонья апельсин 1л,149.97
Сок Сады Придонья яблоко/груша 1л,94.97
"Вода лечебно-столовая газированная Шмаковка №1 1,5л",51.98
"Напиток Coca-Cola Zero 0,5л",74.98
"Вода лечебно-столовая Боржоми минеральная газированная 0,5л",99.98
"Вода негазированная Триви 0,35л",29.98
"Вода негазированная Триви 1,5л",58.98
"Напиток Монастырский Спорт 1,5л",59.98
"Напиток Монастырский Буратино 1,5л",59.98
"Нектар Фруктовый Сад персик/яблоко 0,95л",119.99
Сок Rich томат 1л,149.99
"Вода лечебно-столовая Боржоми минеральная газированная 0,75л",119.97
"Нектар J7 вишня 0,97л",184.99
"Вода Таежная жемчужина целебная минеральная 1,5л",59.97
"Нектар Фруктовый сад апельсин 1,93л",227.98
"Напиток Алоэ Вера 0,5л Скит",79.97
"Нектар Любимый яблоко 1,93л",154.99
"Сок J-7 Томатный 100% с мякотью 0,97л",184.99
"Сок J7 апельсин 0,97л",184.99
"Напиток энергетический Red Bull 0,473л",188.96
Сок Rich вишня 1л,149.99
Сок Добрый ананас 2л,199.98
"Напиток Любимый земляничное лето 1,93л",154.99
"Напиток Любимый апельсин/манго/мандарин 1,93л",154.99
"Напиток энергетический Red Bull 0,355л",159.98
