Колбаса Пармская для собак Золотая коллекция 80 г,85.89
Лакомство для собак Легкое говяжье 26 г,167.79
Колбаски Миланские для собак Золотая коллекция 75 г,85.89
Лакоство для собак мелкой породы Жевательный снек DENT креветка 37г,59.89
Лакомство для собак Гематоген мясной Classic 36г,56.89
Корм PEDIGREE пауч Паштет с курицей для щенков 80 г,26.79
Корм для кошек WHISKAS паштет говядина индейка 75г,27.99
Лакомство для чистки зубов кошки Хрустящие подушечки мясо утки 60г,120.89
Игрушка для собак Мячик Булавчик,115.79
Игрушка для собак мини пород Мячик Ёжик,115.79
Игрушка для кошек Шарик-мышь,156.89
Корм для чувствительных кошек PERFECT FIT Лосось 75г,31.89
Корм для стерилизованных кошек PERFECT FIT Курица 75г,31.89
Корм для стерилизованных кошек PERFECT FIT  Говядина 75г,31.89
Корм для стерилизованных кошек PERFECT FIT Кролик 75г,31.89
Корм для красивой шерсти и здоровой кожи PERFECT FIT Индейка 75г,31.89
Корм для чувствительных кошек PERFECT FIT Индейка 75г,31.89
Корм для котят PERFECT FIT Курица 75г,31.89
Корм для взрослых кошек PERFECT FIT Говядина 75г,31.89
Корм для взрослых кошек PERFECT FIT Здоровье почек Лосось 650г,309.89
"Корм для взрослых собак средних и крупных PERFECT FIT Курица 1,4кг",572.79
"Корм для взрослых собак мелких парод PERFECT FIT Курица 1,2кг",428.89
Корм для стерилизованных кошек PERFECT FIT паштет Говядина 75г,31.89
Корм для стерилизованных кошек PERFECT FIT паштет Индейка 75г,31.89
Игрушка для кошек Дразнилка Мышка,156.89
Игрушка для кошек Мышь,156.89
Корм для взрослых собак FRISKIES мясо 2кг,365.89
Корм для взрослых собак FRISKIES мясо 500г,137.89
Корм для кошек FELIX Мясные ломтики курица 75г,31.98
Корм для кошек FELIX Мясные ломтики говядина 75г,31.98
Корм для котят желе мясо Мяснофф 85г,22.99
Корм для взрослых кошек FRISKIES соус курица 50г,11.99
Корм для взрослых кошек FRISKIES соус говядина 50г,11.99
Корм для кошек Whiskas Желе лосось 75г,27.99
Корм для кошек старше 7 лет Whiskas Рагу курица 75г,27.99
Корм для кошек старше 7 лет Whiskas Рагу ягненок 75г,27.99
Корм для кошек Whiskas Рагу форель-лосось 75г,27.99
Корм для кошек Whiskas Желе говядина-кролик 75г,27.99
Корм для кошек Whiskas Рагу говядина-ягненок 75г,27.99
Лакомство для кошек Dreamies курица 200г,229.79
Корм для кошек Whiskas Рагу треска-лосось 75г,27.99
Корм для кошек Whiskas Рагу курица 75г,27.99
Корм для кошек Whiskas Желе курица 75г,27.99
Корм для кошек Whiskas Meaty Желе говядина 75г,27.99
Корм для кошек Whiskas Meaty Соус курица 75г,27.99
Корм для кошек Whiskas Meaty Желе кролик 75г,27.99
Корм для кошек Whiskas Meaty Желе лосось 75г,27.99
Корм для кошек Whiskas Рагу индейка-кролик 75г,27.99
Корм для кошек Whiskas Паштет курица-индейка 75г,27.99
Корм для котят Whiskas Желе телятина 75г,27.99
Корм для кошек Whiskas Желе говядина-ягненок 75г,27.99
Корм для кошек Whiskas Паштет говядина-печень 75г,27.99
Корм для котят Whiskas Паштет курица 75г,27.99
Корм Whiskas Prosciutto желе говядина/язык/овощи 75г,27.99
Корм для кошек Whiskas Рагу телятина 75г,27.99
Корм Whiskas Prosciutto рагу утка-печень 75г,27.99
Корм Whiskas Prosciutto сливочный соус лосось-креветка 75г,27.99
Корм для котят Whiskas Рагу ягненок 75г,27.99
Корм для кошек Whiskas Паштет кролик-индейка 75г,27.99
Корм для кошек Whiskas Паштет утка 75г,27.99
Корм для кошек Whiskas желе курица-индейка 75г,27.99
Корм Whiskas рагу курица/утка 75г,27.99
Лакомство Pedigree для взрослых собак средних и крупных пород говядина 68г,248.79
Лакомство Pedigree для взрослых собак мелких пород говядина 68г,248.79
Лакомство для собак Friskies Picnic говядина 42г,66.99
Лакомство для собак Friskies Picnic курица 42г,66.99
Лакомство для взрослых собак Friskies Beggin' Strips 120г,189.99
Корм для кроликов Classic Titbit 500г,165.87
Лакомство для собак Воздушные палочки с говядиной Сrazy Bit 11г,29.99
Корм для морских свинок Classic Titbit 500г,157.87
Лакомство для собак Воздушные палочки с ягненком Сrazy Bit 11г,29.99
Корм для волнистых попугаев Classic Titbit 500г,139.69
Лакомство жевательное для собак Танго с говядиной Сrazy Bit 40г,49.99
Лакомство для собак Мясные палочки с уткой Сrazy Bit 50г,66.79
Лакомство для собак Сэндвич с рубцом говядины Titbit 73г,182.89
Лакомство для собак Хрустящие зернышки с уткой Crazy Bit 65г,54.99
Лакомство для собак колбаски венские с говядиной Titbit 20г,36.89
Лакомство для собак Хрустящие зернышки с телятиной Crazy Bit 65г,66.79
Лакомство для собак хрустящие медальоны с кроликом Сrazy Bit 85г,54.99
Лакомство для собак Лакомый кусочек Трубочки из утки Titbit 80г,165.79
Лакомство для собак Лакомый кусочек Кубики из телятины Titbit 80г,165.79
Лакомство для собак Лакомый кусочек Нарезка из говядины Titbit 80г,165.79
Лакомство для собак Лакомый кусочек Дольки из телятины Titbit 60г,189.79
Лакомство для собак Желудок бараний Б2-L Titbit 22г,137.78
Лакомство для собак Кость узловая №8 с рубцом говяжьим Titbit 94г,259.99
Лакомство для собак колбаски особые с омега Titbit 30г,38.89
Лакомство для кошек Sheba Meaty Stix Лосось 12г,132.89
Корм для кошек Sheba кусочки в соусе ягненок 75г,38.69
Корм для кошек Sheba кусочки в соусе говядина 75г,38.69
Корм для кошек Sheba слайсы в соусе курица 75г,38.69
Корм для кошек Sheba ломтики в соусе лосось 75г,38.69
Корм для собак Cesar говядина/кролик/шпинат 85г,38.89
Наполнитель Neo Loo Life древесный комкующийся 6л,728.89
Корм для кошек Friskies гречка/говядина 75г,18.79
Корм для кошек Friskies гречка/курица 75г,18.79
Лакомство для кошек Dreamies с лососем и сыром 60г,61.89
"Наполнитель Всегда Добрый день силикагель 2,5кг",599.99
Корм для собак Purina One мини утка/паста/зеленая фасоль 85г,30.99
Корм для собак Purina One мини говядина/картошка/горох 85г,30.99
Корм для собак Purina One мини говядина/картошка/морковь 85г,30.99
Корм для собак Purina One мини курица/рис/томат 85г,30.99
Корм для собак мини пород Pedigree паштет с курицей 80г,26.79
Корм для собак Cesar ягненок с овощами 85г,38.89
Лакомство для собак Pedigree Родео с говядиной 123г,181.89
Корм для собак Pedigree говядина и ягненок 85г,22.79
Сено луговое Жорка 3л,85.79
Корм для собак Pedigree курица 85г,22.79
Корм для собак Pedigree говядина 85г,22.79
Корм для собак Pedigree кролик и индейка 85г,22.79
Корм для собак Pedigree желе телятина/печень 85г,22.79
Корм для собак Cesar говядина с овощами 85г,38.89
Корм для собак Cesar жаркое с уткой 85г,38.89
Корм для собак Pedigree ягненок желе 85г,22.79
Корм для собак мини пород Pedigree ягненок с овощами 85г,26.79
Наполнитель Всегда Добрый день древесные гранулы 5л,79.98
Пеленки для животных NekiZoo 45х60см 26шт,635.89
Пеленки для животных NekiZoo 33х45см 50шт,755.89
Корм для кошек Perfect Fit лосось 650г,345.89
Корм для кошек Perfect Fit индейка 650г,345.89
Корм для кошек Мяснофф с бараньим сердцем и печенью 85г,22.99
Корм для кошек Мяснофф рагу с форелью 85г,22.99
Корм для кошек Мяснофф аппетитные кусочки с лососем в желе 85г,22.99
"Наполнитель Всегда добрый день силикагель 1,4кг",399.99
Корм для стерилизованных кошек Whiskas с курицей 5кг,1806.79
Корм для стерилизованных кошек Whiskas с говядиной 350г,129.98
Лакомство для кошек Dreamies с курицей 140г,177.98
Корм для собак рагу с курицей Мяснофф 500г,106.89
Лакомство для собак Pedigree Rodeo 70г,169.79
Лакомство для кошек Dreamies с говядиной 140г,177.98
Корм Purina One для стерилизованных кошек курица и фасоль 75г,35.99
Корм Purina One для кастрированных кошек лосось/пшеница 750г,467.89
Корм Purina One для взрослых кошек говядина с морковью 75г,35.99
Корм Purina One для домашних кошек курица с морковью 75г,35.99
Лакомство для кошек Dreamies говядина-сыр 60г,89.98
Корм для собак Friskies курица 85г,19.99
Корм для собак Friskies говядина 85г,19.99
Корм для собак Friskies ягненок 85г,19.99
Сухой корм для собак мелких пород ONE Мини Чувствительная с лососем и рисом 600г,255.99
Сухой корм для собак мелких пород Purina ONE с говядиной и рисом 600г,255.99
Корм для морских свинок Жорка 400г,99.79
Сухой корм Purina ONE для стерилизованных кошек и котов с говядиной и пшеницей 3кг,1245.99
Сухой корм Purina ONE для домашних кошек с индейкой и цельными злаками 3кг,1245.99
Корм для кошек Felix Sensations c треской в соусе с томатами 85г,31.98
Корм для кошек Friskies лосось 85г,21.98
Корм для кошек Felix Двойная вкуснятина индейка/печень в желе 85г,31.98
Колбаса для собак Мяснофф Эконом 900г,173.89
Корм для собак Мяснофф Гурме мясное ассорти с печенью 95г,85.89
Корм для собак Мяснофф Гурмэ цыпленок с овощами 95г,85.89
Корм для собак Мяснофф Гурмэ телятина 95г,85.89
Совок для лотка Сибирская кошка Экстра,47.99
Лакомство для кошек Dreamies с курицей и мятой 60г,89.98
"Когтеточка Сибирская кошка ковролин 54х11х1,8см",289.98
Корм для кошек Sheba ломтики в желе курица 85г,38.69
Корм для средних и мелких попугаев Жорка Фрукты 500г,118.79
Корм для кошек Sheba Pleasure ломтики в соусе лосось 85г,38.69
Корм для кошек Sheba ломтики в желе кролик 85г,38.69
Корм для крыс и мышей Жорка 500г,109.89
Корм для кошек Felix Sensations лосось и треска 85г,31.98
Корм для кошек Kitekat ягнёнок в соусе 85г,20.99
Лоток для кошек Мяус Сибирская Кошка с сеткой и бортиком,245.89
"Колбаса для собак Мяснофф Эконом 1,8кг",159.99
"Корм Nature's Table для собак с индейкой и овощами 2,3кг",955.79
Корм для собак Мяснофф ассорти 500г,106.89
Корм для кошек PERFECT FIT Adult говядина 650г,345.89
Лакомство для кошек Dreamies с сыром 140г,177.98
Корм для кошек Friskies с индейкой в подливе 85г,21.98
Корм для кошек PERFECT FIT Sensitive с чувствительным пищеварением индейка 190г,114.89
Корм для кошек Nature's Table индейка в соусе 85г,45.89
Корм для кошек Nature's Table говядина в соусе 85г,45.89
"Колбаса для собак Мяснофф мясная с курицей 1,8кг",159.99
Колбаса для кошек Мяснофф мясная с лососем 200г,39.79
Сухой корм Purina ONE для котят с курицей и цельными злаками 200г,158.89
"Корм для стерилизованных кошек Whiskas с курицей 1,9кг",675.79
Корм для кошек Nature's Table лосось в соусе 85г,45.89
Корм для кошек Felix с рыбой 300г,147.79
"Корм PERFECT FIT для взрослых собак мелких пород,курица 2,6кг",1146.89
Корм PERFECT FIT для щенков мелких пород с курицей 500г,246.79
Корм PERFECT FIT для стерилизованных котов и кошек старше 7 лет с курицей 650г,345.89
Корм для хомяков Жорка 400г,99.79
Сухой корм PERFECT FIT Junior для котят с курицей 190г,114.89
Корм для волнистых попугаев Жорка с минералами 500г,118.79
"Корм PERFECT FIT для взрослых собак мелких пород,курица 500г",282.79
Колбаса для собак Мяснофф мясная с курицей 900г,173.89
Колбаса для собак и кошек Мяснофф мясная 450г,115.89
Колбаса для молодых собак Мяснофф 450г,89.99
Колбаса для собак Мяснофф мясо в желе 300г,93.89
Опилки для грызунов Жорка 3л,75.89
Корм для собак Мяснофф курица/овощи 300г,105.79
Сухой корм Purina ONE для взрослых кошек с курицей и цельным злаками 200г,158.89
"Корм для кошек PERFECT FIT Sensitive с чувствительным пищеварением индейка 1,2кг",629.89
Сухой корм Purina ONE для кошек с чувствительным пищеварением с индейкой и рисом 200г,158.89
Сухой корм Friskies для взрослых кошек с мясом и овощами 400г,125.89
Корм для кошек Sheba Ломтики в соусе с форелью и креветками 85г,38.69
Корм для кошек Kitekat Аппетитная телятинка,227.79
"Сухой корм для кошек Kitekat мясной пир 1,9кг",436.79
Сухой корм Friskies для стерилизованных кошек и котов с кроликом и полезными овощами 300г,125.89
Лакомство для кошек Dreamies с курицей 60г,89.98
Корм для кошек Felix с мясом 750г,297.99
Корм для кошек Felix Sensations c говядиной в соусе с томатами 85г,31.98
"Корм для взрослых собак всех пород Pedigree Говядина 2,2кг",546.79
Корм для кошек Felix с птицей 300г,147.79
"Корм для кошек Whiskas с нежным паштетом лососем 1,9кг",675.79
Лакомство для собак Pedigree Markies 150г,119.79
"Корм Pedigree для щенков всех пород с 2 месяцев с курицей 2,2кг",546.79
Колбаса для собак Мяснофф Премиум мясная 450г,89.99
Колбаса для кошек Мяснофф мясная 200г,43.89
Корм для кошек Kitekat аппетитная курочка 800г,189.98
Туалет для кошек Сибирская кошка Евро глубокий,392.89
"Корм для взрослых собак малых пород Pedigree говядина 1,2кг",356.89
"Сухой корм Friskies для домашних кошек с курицей и садовой зеленью 1,5кг",486.79
Лакомство для кошек Dreamies с говядиной 60г,89.98
Сухой корм Purina ONE для стерилизованных кошек и котов с говядиной и пшеницей 750г,467.89
Корм для котят Felix с курицей в желе 85г,31.98
"Корм PERFECT FIT Sterile для стерилизованных котов и кошек курица 1,2кг",629.89
Корм PERFECT FIT Sterile для стерилизованных котов и кошек говядина 650г,345.89
Корм для кошек Felix с птицей 750г,297.99
Корм для собак мелких пород ONE с индейкой и рисом 600г,255.99
Лакомство для собак средних пород Pedigree DentaStix 77г,119.79
Корм для собак Мяснофф говядина/рис 300г,105.79
Лакомство для собак крупных пород Pedigree DentaStix 270г,295.89
Сухой корм для собак Chappi говядина 600г,114.98
Корм для кошек Friskies с курицей и садовой зеленью 300г,125.89
"Колбаса для собак Мяснофф мясная 0,9кг",173.89
Сухой корм для котят Whiskas  с индейкой и морковью 350г,129.98
Сухой корм Purina ONE для кошек с чувствительным пищеварением с индейкой и рисом 750г,467.89
Корм для кошек PERFECT FIT Sensitive с чувствительным пищеварением индейка 650г,345.89
"Колбаса для собак Мяснофф мясная 1,8кг",287.89
Корм для собак Chappi сухой Мясное изобилие,165.79
Лакомство для кошек Dreamies с лососем 60г,89.98
Корм PERFECT FIT Sterile для стерилизованных котов и кошек курица 190г,114.89
Сухой корм для кошек Whiskas Вкусные подушечки с говядиной и кроликом 350г,129.98
Лакомство для кошек Dreamies с сыром 60г,89.98
"Лакомство Biff ""Dent"" со вкусом говядины для собак мелких пород 35 г",56.89
Корм для кошек Gourmet Perle кусочки утки в подливке 85г,38.89
Сухой корм Purina ONE для стерилизованных кошек и котов с лососем и пшеницей 200г,158.89
Корм для кошек Felix желе ягненок 85г,31.98
"Сухой корм для кошек Whiskas Вкусные подушечки с говядиной и кроликом 1,9кг",675.79
Сухой корм Purina ONE для домашних кошек с индейкой и цельными злаками 200г,158.89
Корм для котят PERFECT FIT Junior курица 650г,345.89
"Корм для домашних кошек PERFECT FIT Indoor курица 1,2кг",629.89
Лакомство для кошек Dreamies с уткой 60г,89.98
Корм для кошек Felix с лососем и форелью в желе 85г,31.98
Корм Pedigree для взрослых собак крупных пород говядина 13кг,2936.89
Корм для кошек Friskies с уткой в подливе 85г,21.98
Корм для кошек Felix желе с форелью 85г,31.98
Корм для кошек Felix желе курица 85г,31.98
Корм для кошек Felix желе лосось 85г,31.98
Корм для кошек Felix желе индейка 85г,31.98
Корм для кошек Felix желе с кроликом 85г,31.98
Корм для кошек Sheba Ломтики в соусе с курицей и индейкой 85г,38.69
Корм для кошек Kitekat рыба в соусе 85г,20.99
Корм для кошек Kitekat с говядиной в соусе 85г,20.99
Корм для кошек Kitekat курица в желе 85г,20.99
Наполнитель комкующийся Сибирская Кошка Ультра 5л,236.89
"Сухой корм Friskies для стерилизованных кошек и котов с кроликом и овощами 1,5 кг",486.79
Корм для кошек Friskies с говядиной в подливе 85г,21.98
Корм для кошек Sheba Ломтики в соусе с телятиной и языком 85г,38.69
Корм для кошек Felix Двойная Вкуснятина с ягненком и курицей в желе 85г,31.98
Корм для кошек Felix с говядиной и домашней птицей в желе 85г,31.98
Корм для кошек Felix Sensations утка и шпинат 85г,31.98
"Корм для кошек Kitekat Улов рыбака 1,9кг",436.79
Корм PERFECT FIT Sterile для стерилизованных котов и кошек курица 650г,345.89
Корм для кошек Kitekat в соусе курица 85г,20.99
Корм для кошек Kitekat кролик в соусе 85г,20.99
Корм для кошек Kitekat говядина в желе 85г,20.99
Корм для кошек Felix Аппетитные кусочки с говядиной 85г,31.98
Корм для кошек Kitekat кролик в желе 85г,20.99
"Сухой корм Purina ONE для стерилизованных кошек и котов с лососем и пшеницей 1,5кг",805.79
"Наполнитель для туалета СиСиКэт комкующийся 5,3л",168.89
Корм для кошек KiteKat Мясной пир,227.79
Наполнитель древесный Лесной Сибирская Кошка 5л,175.89
Корм для щенков Pedigree говядина 85г,22.79
"Корм для кошек Kitekat аппетитная телятинка 1,9кг",436.79
"Корм для собак Chappi мясное изобилие 2,5кг",426.79
Корм для кошек старше 7 лет Whiskas с мясом птицы 350г,129.98
Корм для кошек Kitekat аппетитная телятинка 800г,189.98
Корм для кошек Felix Sensations говядина в томатах 85г,31.98
Сухой корм Purina ONE для домашних кошек с индейкой и цельными злаками 750г,467.89
Корм для домашних кошек PERFECT FIT Indoor курица 650г,345.89
"Корм Pedigree для взрослых собак маленьких пород говядина 2,2кг",546.79
"Корм Pedigree для взрослых собак всех пород,говядина 13кг",2875.79
Сухой корм для кошек Whiskas Вкусные подушечки с говядиной и кроликом 800г,277.89
"Сухой корм Purina ONE для домашних кошек с индейкой и цельными злаками 1,5кг",805.79
Корм для кошек Whiskas с нежным паштетом лососем 350г,129.98
"Сухой корм для собак Chappi говядина 2,5кг",426.79
"Сухой корм Darling для собак с мясом и овощами 2,5кг",445.79
Корм для кошек Kitekat Мясной пир 800г,189.98
Корм Pedigree для взрослых собак маленьких пород с говядиной 600г,198.79
Лакомство для собак средних пород Pedigree DentaStix 180г,248.89
Корм для кошек Friskies с ягненком в подливе 85г,21.98
Корм для кошек Friskies с курицей в подливе 85г,21.98
Корм для кошек Felix Sensations курица/морковь 85г,31.98
Корм для кошек Felix Sensations соус утка/морковь 85г,31.98
Корм для кошек Felix Sensations соус индейка-бекон 85г,31.98
