"Грунт Универсаль ""Скорая помощь"" 2,5 л",64.98
"Грунт д/фикусов Скорая помощь 2,5 л",64.98
"Грунт для Герани ""Скорая помощь"" 2,5 л",64.98
"Грунт для Роз ""Скорая помощь"" 2,5 л",64.98
"Грунт для Кактусов ""Скорая помощь"" 2,5 л",64.98
"Грунт для Азалий ""Скорая помощь"" 2,5 л",64.98
Грунт ПРОМИКС- Импульс Роста 5л,99.89
Грунт ПРОМИКС- Зеленая Масса 5л,99.89
Грунт ПРОМИКС- Здоровье Растений 5л,99.89
"Грунт для Лимонов ""Скорая Помощь"" 2,5 л",64.98
"Грунт для Сенполий ""Скорая помощь"" 2,5 л",64.98
Грунт Антистресс Промикс 5л,99.89
Грунт оптимум Промикс 5л,99.89
"Жидкость для розжига 0,5л",89.99
"Мангал разборный 400х250 0,7мм в сумке FIREWOOD",899.99
Зонт микс цветов,850
"Тарелка бессекционная 20,5см 10шт Самбери",68.98
Чашка кофейная 200мл 50шт Самбери,168.97
Фонарь светодионый 2в1 AccuPRO600 USB REV,399.67
Фонарь-подсветка светодиодный Globe 5Вт REV,449.97
"Аккумулятор холода 25х14х1,5см 400мл голубой",119.99
"Аккумулятор холода 21,5х10х4,5см 590мл голубой",199.99
Стул складной 30х27х37см зеленый,349.99
"Коврик для пикника 180х60х0,6см голубой",499.99
"Коврик для пикника 1,5х1,5м микс цветов",499.99
Зубочистки Самбери 100шт,29.98
"Веер для раздувания огня пластик 21х31,5см GRIFON",39.99
Карты игральные классические 36шт,39.99
Приправа для сочного мяса и шашлыка Maggi 20г,54.89
Приправа для шашлыка и гриля Kotanyi 80г,229.98
Термосумка 37х23х25см 20л Файервуд,999.99
Мангал разборный+6 шампуров Firewood,2299.99
Баллон газовый BUTANE 220г,129.99
Зубочистки Самбери 200шт,59.98
Зубочистки Самбери 500шт,139.99
Жидкость для розжига Грифон Premium жидкий парафин 500мл,249.99
Мангал разборный без шампуров 25х24х35см СЗУ,349.99
Приправа для шашлыка Kotanyi 30г,53.98
Набор столовых приборов 5 предметов на 1 персону,19.98
Соус томатный для шашлыка КФХ Федорович 250г,119.99
Матрас надувной для плавания Full BESTWAY,1499.99
Матрас надувной Queen BESTWAY,1699.99
Матрас надувной King BESTWAY,1999.99
Спички Экстрим 20шт (45мм) Охотничьи Евровосток,59.99
Спички Хозяйственные ЛЮКС Евровосток,69.99
Роллы для розжига 2шт Евровосток,39.99
Спички водоветроустойчивые комплект Евровосток,69.99
Спички Хозяйственные 1100шт Евровосток,199.99
Приправа для шашлыка Дары Азии 50г,43.89
"Термос из нержавеющей стали с широким горлом Penguin 0,8л",1499.99
Экспресс-гриль Тропинки 600г,149.99
Приправа для шашлыка Орнамент вкуса 12г,9.98
Жидкость для розжига Тропинки 1л,179.99
"Жидкость для розжига Тропинки 0,5л",149.99
Мангал разборный + 6 шампуров 40х24х40см CЗУ,599.99
Брикет древесно-угольный Тропинки 2кг,249.99
Зажигалка ORS'O Пьезо,47.99
Уголь древесный березовый Тропинки 2кг,149.99
Стакан одноразовый бумажный 200мл 5шт Город,38.89
Стакан одноразовый бумажный 300мл 3шт Вдохновение,51.89
Набор одноразовой посуды на 4 персоны Самбери Банкет,278.89
Термос со стеклянной колбой EXCO 1л,699.99
"Термос из нержавеющей стали с узким горлом Penguin 1,2л",1699.99
Термос из нержавеющей стали с узким горлом Penguin 1л,1599.99
Скатерть одноразовая 120х180см,51.89
Решетка плоская большая 460х270х30мм Тропинки,649.99
"Термос из нержавеющей стали универсальный Penguin 1,2л",1999.99
"Термос из нержавеющей стали с узким горлом Penguin 0,75л",1299.99
Зажигалки Ангара кристалл,24.98
Уголь древесный березовый Тропинки 5кг,449.99
Горючее сухое 10 таблеток Грифон,109.99
Шампур угловой 60см Тропинки,79.99
Решетка глубокая 310х250х60мм Тропинки,449.99
Решетка плоская 310х220х25мм Тропинки,499.99
Горелка газовая Tourist Nano пьезоподжиг,599.99
Коптильня двухъярусная переносная 40х25х18см СЗУ,899.99
Решетка глубокая антипригарная 310х250х60мм Тропинки,699.99
Нож-поплавок для рыбалки RemiLing,399.99
Мангал разборный с ребрами жесткости 50х30х50см FIREWOOD,1099.99
Аккумулятор холода 480-500г Грифон АХ15,250
Шампур плоский 60см Тропинки,79.99
Шампур угловой 45см Тропинки,79.99
Шампур плоский 45см Тропинки,79.99
"Уголь древесный ЭТО 1,2кг",99.99
Баллон газовый для заправки зажигалок Сибиар 100мл,59.99
Горелка газовая Tourist Profil-L большая,349.99
Щепа для копчения Ольха GRIFON 200г,99.99
Скатерть для пикника 180х110см 5шт в рулоне Грифон,239.98
Вилка одноразовая 100шт Самбери,129.98
Рюмка одноразовая 50мл 3шт Самбери,19.98
Ложка столовая одноразовая 10шт Самбери,29.98
Набор одноразовой посуды на 12 персон Самбери,168.89
Ложка чайная одноразовая 100шт Оптиком,68.98
Ложка чайная одноразовая 25шт Самбери,29.98
Рюмка одноразовая 100мл 3шт Самбери,18.98
Фужер 3шт Самбери,66.98
Нож одноразовый 10шт Самбери,25.89
Скатерть для пикника 100х150см GRIFON,79.98
Набор одноразовой посуды на 5 персон кофейный Самбери,69.98
Набор одноразовой посуды на 5 персон Самбери Промо,39.98
Аквафумигатор Раптор система ликвидации насекомых,499.89
Стакан одноразовый 200мл 100шт,98.98
Маринад классический для шашлыка Костровок 300г,129.98
Щепа для копчения Ольха Жарлетто 500г,89.99
Баллон газовый Сибиар 400мл,109.99
