Жир курдючный ягненка Мясновичи,389.97
Окорок говяжий без кости Мясоделов,729.79
Корейка свиная Скиф,439.88
Шея свиная Скиф,449.87
Стейк ЧакАйРолл мраморная говядина Праймбиф 400г,999.68
Стейк Топ-Сирлойн мраморная говядина Праймбиф 400г,899.79
Стейк Яблочко мраморная говядина Праймбиф 400г,949.77
Стейк Топ-Блейд мраморная говядина Праймбиф 400г,1269.99
Яйцо куриное С1 20шт Местное,209.99
Бедро куриное Михайловский бройлер охлажденное,269.67
Филе грудки куриное Михайловский бройлер охлажденное,479.88
Говядина для тушения в маринаде Мясо Есть,799.87
Яйцо куриное СО 10шт Местное,109.99
Фарш Классический из свинины и говядины Слово мясника 400г,199.77
Фарш Любительский свиной Слово мясника 400г,189.78
Сердце говяжье з/м фасованное,399.98
Набор для бульона свиной фасованный з/м,79.99
Ребрышки бараньи Эколь,829.77
Баранина для плова Эколь,429.96
Грудинка баранья Эколь,319.77
Шейка баранья Эколь,789.78
Голяшка баранья Эколь,799.97
Фарш Смешанный баранина/говядина Эколь,429.79
Хрящи свиные на кости,149.78
Голень индейки Краснобор,279.98
Филе бедра индейки Краснобор,549.98
Гуляш из говядины Халяль Мясо Есть,919.87
Филе индейки большое Краснобор,469.99
Печень индейки Краснобор,399.99
Крыло индейки плечевая часть Краснобор,219.99
Фарш индюшиный Красноборский 1кг,159.99
Крыло куриное замороженное,249.99
Стейк из шеи свиной без кости Ратимир,599.79
Фарш куриный Домоседка 500г,119.79
Эскалоп свиной без кости Ратимир,469.98
Цыпленок 1 сорт Михайловский бройлер,227.99
Набор для супа куриный Михайловский бройлер подложка,139.68
Шницель из индейки Индилайт 1кг,599.89
Яйцо куриное С0 15шт Птицефабрика Заря,89.99
Окорочок утенка Озерка лоток,529.99
Тушка утенка 1с Озерка,329.67
Курица суповая 2 категория пакет ПФ Комсомольская,99.98
Стейк Паризьен из мраморной говядины Black Angus Мираторг 290г,569.89
Набор для бульона говяжий Халяль Мясо Есть,139.98
Рагу баранье Халяль Мясо Есть,149.79
Цыпленок 1с Байсад фирменный пакет,239.98
Фарш куриный Карина 500г,179.89
Цыпленок 1 сорт Михайловский бройлер подложка,289.88
Стейк Топ Блейд мраморная говядина Black Angus Мираторг 460г,1099.98
Яйцо куриное С0 Ромашковое поле 15шт,147.99
Мякоть лопатки без кости мраморная говядина Праймбиф 700г,979.98
Стейк Минутка мраморная говядина Праймбиф 400г,749.99
Ребрышки свиные Деликатесные Мираторг,489.98
Шеи цыпленка-бройлера Амурский бройлер 1кг,129.68
Цыпленок Халяль 1сорт Равис,257.97
Филе индейки малое Индилайт 1кг,629.97
Стейк грудки индейки Индилайт 1кг,639.69
Филе бедра индейки Индилайт 1кг,659.97
Филе грудки индейки Индилайт 1кг,629.87
Медальон индейки Индилайт 1кг,499.99
Филей лопаточной части говядины без кости Оренбив,769.78
Говядина мякоть без кости верхняя часть бедра,819.99
Фарш Пикантный из печени Мясное дело 800г,219.68
Цыпленок Халяль 1 сорт ALFOOR,269.78
Стейк из голени индейки Самбери,339.99
Голяшка говяжья без кости Оренбив,689.98
Ребро свиное с корейки Слово Мясника,469.88
Яйцо куриное С1 Белореченское Домашнее 10шт,89.99
Стейк из свинины бескостный Самбери,449.99
Мясо перепелов для жаркого Натуральное Qegg 500г,569.97
Свинина на кости окорок экстра Мясной ряд,359.67
Печень куриная 500г Амурский бройлер,129.87
Окорочок бескостный подложка Приосколье,399.69
Оссобуко из говяжьей голяшки,699.68
Лопатка свиная без кости охлажденная Слово мясника,299.99
Свинина бескостный окорок охлажденный Слово мясника,419.68
Яйцо куриное С0 Белореченское 15шт,182.99
Фарш говяжий 600г Ратимир,379.98
Говядина без кости внутренняя часть тазобедренного отруба,629.99
Стейк из свинины в маринаде Вино/тимьян Мясное дело,599.68
Ноги птицы замороженные,109.87
Голень индейки замороженная,209.99
Колбаски для жарки и гриля с паприкой Доброе дело 350г,239.99
Лопатка баранья без кости в сетке Халяль Россия,1049.96
Свинина без кости шея з/м фас.,539.89
Бедро бескостное полуфабрикат из мяса птицы Амурский Бройлер,499.77
Ножки свиные охл.,126.90
Баранина для плова Халяль Россия,699.99
Ребрышки говяжьи Конфи Россия,599.96
Ребра бараньи на кости Халяль Россия,699.96
Бефстроганов из говядины 400г Надежда-95,429.67
Яйцо куриное С2 15шт Ромашковое поле,109.99
Голень куриная замороженная,279.67
Окорочка куриные (четвертина) фасованные Россия,239.99
Бедро куриное замороженное,209.99
Грудная кость куриная Амурский Бройлер,89.97
Цыпленок 1 сорт потрошеный Амурский Бройлер,239.77
Голень индейки Индилайт,279.87
Головы ЦБ 1кг пакет Амурский бройлер,79.99
Свинина без кости лопатка,399.77
Яйцо куриное С2 10шт Ромашковое поле,77.99
Яйцо куриное С0 10шт Ромашковое поле,107.98
Филе бедра индейки лоток Индилайт,509.78
Свинина без кости мясо котлетное замороженное в/у Слово Мясника,399.79
Окорок без кости,429.99
Корейка свиная бескостная,399.99
Яйцо куриное С0 30шт Ромашковое поле,309.98
Филе цыпленка замороженное Амурский Бройлер,369.99
Половинка цыпленка 1 категория Амурский Бройлер,319.78
Набор куриный для супа Михайловский бройлер подложка,129.89
Яйцо перепелиное 10шт,97.98
Свинина без кости лопатка Слово мясника,419.99
Фарш домашний ГОСТ 600г Ратимир,369.98
Печень говяжья замороженная фасованная,329.99
Набор для первых блюд Амурский Бройлер,89.99
Сердце куриное подложка Приосколье,384.97
Желудки куриные замороженные Приосколье,229.77
Печень куриная замороженная на подложка Приосколье,239.96
Цыпленок 1кат замороженный пакет Приосколье,239.99
Цыпленок 1 категория Халял Приосколье,259.88
Ноги цыпленка бройлера 1кг Амурский Бройлер,104.88
Цыпленок 2 категория замороженный пакет Приосколье,259.98
Толстый филей говяжий Мираторг,1399.69
Желудки куриные охлажденные Амурский бройлер,359.67
Набор для тушения охлаждённый Амурский Бройлер,139.99
Цыпленок 1 категория охлажденный Амурский Бройлер,259.99
Сердце куриное охлажденное Амурский бройлер,509.78
Грудка куриная охлажденная Амурский Бройлер,309.99
"Фарш ""Особенный"" рубленный охлаждённый Амурский бройлер",399.99
Филе грудки куриное охлажденное без кожи на подложке Дальневосточная птица,489.67
Грудка куриная охлажденная на подложке Михайловский бройлер,339.96
Голень куриная охлажденная на подложке Дальневосточная птица,299.99
Бедро куринное охлажденная на подложке Дальневосточная птица,279.89
Яйцо перепелиное 20шт Березовка,159.99
Яйцо куриное С0 10шт Племптицезавод,99.99
Крыло куриное замороженное Амурский Бройлер,269.99
Филе грудки куриное охлажденное Амурский Бройлер,449.97
Голень куриная охлажденная Амурский Бройлер,339.99
Печень куриная охлажденная Амурский бройлер,299.89
Печень свиная замороженная Ратимир,219.97
Свинина без кости окорок экстра замороженная Мясной ряд,369.99
Фарш говяжий замороженный 500г Карина,179.99
Свинина без кости замороженная окорок в/у Слово мясника,439.99
Свинина без кости лопаточная часть экстра замороженная Мясной ряд,379.88
Свинина без кости шея экстра Мясной Ряд,539.99
Фарш домашний замороженный Карина 1кг,329.99
Фарш домашний замороженный Карина 500г,169.99
Печень говяжья замороженная Ратимир,439.87
Яйцо куриное С1 30шт Племптицезавод,257.99
Яйцо куриное С1 10шт Племптицезавод,85.99
Яйцо куриное С1 10шт ПФ Комсомольская,87.99
Голень куриная замороженная на подложке Приосколье,249.99
Бедро куриное замороженное на подложке Приосколье,239.99
Крыло куриное замороженное на подложке Приосколье,274.89
Бедро куриное Михайловский бройлер подложка,249.69
Филе грудки куриное замороженное на подложке Приосколье,399.99
Грудка куриная замороженная на подложке Приосколье,329.88
Грудка куриная Михайловский бройлер подложка,339.97
Яйцо куриное столовое отборное 20шт тепличное Племптицезавод,209.99
Окорочок куриный Михайловский бройлер подложка,279.99
Свинина без кости карбонад экстра Мясной Ряд,449.88
"Свинина (голяшка, рулька) охлаждённая",279.90
Яйцо куриное Деревенское С1 10шт Племптицезавод,99.99
Филе грудки куриное Михайловский бройлер подложка,489.68
Свинина на кости корейка экстра замороженная Мясной ряд,399.96
