Бисквит Чоко Пай Дарк Карамель 12 шт 360г Орион,267.98 
Батончик Фрутилад вишня в шоколаде 40г,49.98 
Батончик марципановый Belmarzipan 40г Центис,99.99 
Шоколад Бушерон горький с коньяком 100г,369.99 
Шоколад Мерси Extra Nut молочный Миндаль 100г,269.99 
Шоколад Мерси Extra Nut молочный Лесной орех 100г,269.99 
Батончик Фрутилад KIDS банан/клубника 25г,49.98 
Печенье слоеное глазированное 135г Marini,169.98 
Палочки сдобные Дарлетто Снежка с земляникой 308г,169.78 
Палочки сдобные Дарлетто Снежка с абрикосом 308г,169.78 
Печенье бисквитное Савоярди 200г,169.98 
Мармелад С апельсином Приморский Кондитер,449.99 
Темный Шоколад с вафельной крошкой Приморский кондитер  100 г,749.99 
Шоколад молочный Nesquik печенье 95г,129.99 
Десерт Бонжур имбирный пряник 232г,139.89 
Мармелад с сахарной посыпкой LOC Keyzz Jouy & Co  225г,129.99 
Мармелад Ягодный 225г Jouy & Co,129.99 
Попкорн POP в сливочной ириске с миндалем 212г,249.99 
Попкорн POP молочный шоколад и соленая карамель 212г,249.99 
Попкорн POP Чикаго 113г,149.99 
Попкорн POP шоколад и морская соль 100г,149.99 
Попкорн POP с сыром пармезан и чесноком 56г,119.99 
Конфеты Метеоритный дождь Нальчик-сладость,499.99 
Сырок глаз 18% 30г вареная сгущенка Серышевский,34.99 
Жевательная резинка Dirol Х-Fresh Черника цитрус 22г,54.99 
"Конфеты Halls мята и ментол 12,5г",59.99 
"Конфеты Halls со вкусом ягод 12,5г",59.99 
Леденцы Halls Оригинальный 25г,47.99 
Паста шоколадно-ореховая манго маракуйя Carna Le Vale 250г,158.98 
Крекер Любятово янтарный с солью 204г,104.79 
Крекер Любятово янтарный с сыром 204г,104.79 
Шоколад темный Pergale манго 100г,109.99 
Шоколад темный Pergale трюфель 100г,109.99 
Шоколад темный Pergale малина 93г,109.99 
Шоколад темный Pergale 100г,109.99 
Шоколад молочный Pergale лесные ягоды 100г,109.99 
Шоколад темный Pergale апельсин 100г,109.99 
Шоколад молочный Alpen Gold Орео и арахисовая паста 90г,79.99 
Шоколад темный Ферреро Роше фундук 90г,264.99 
Конфеты шоколадные Tasty грецкий орех/карамель 150г,219.99 
Конфеты шоколадные Tasty кранч 150г,209.99 
Конфеты шоколадные Tasty со вкусом ликера Бейлис 150г,209.99 
Конфеты шоколадные Tasty со вкусом тирамису 150г,209.99 
Конфеты шоколадные Tasty кокосовая стружка 150г,209.99 
Конфеты шоколадные Tasty макадамия/карамель 150г,399.99 
Конфеты шоколадные Tasty пекан/карамель 150г,299.99 
Конфеты шоколадные Tasty миндаль/карамель 150г,249.99 
Шоколад темный Dark Cherry вишня/клубника/миндаль 100г,169.89 
Шоколад темный Orange цедра лимона/апельсина 100г,129.89 
Печенье Annalù GranTortina Какао и Апельсин 198г,99.99 
Крекер Tuc с сыром 100г,99.79 
Шоколад Бабаевский темнный карамель криспи/кешью 100г,209.99 
Шоколад молочный Strawberry клубника/черника 100г,129.89 
Шоколад молочный Salt соль фундук Simbirsk Atelier 100г,129.89 
"Шоколад темный Dark 54,1% Simbirsk Atelier 100г",129.89 
Конфеты Мерси Black&White 240г,269.99 
Драже M&M's с арахисом 80г,114.99 
Конфеты Fruittella mini мультипак 88г,124.99 
Драже Tic Tac Арбузный Микс 16г,64.99 
Конфеты Snickers белый арахис карамель/нуга,699.99 
Шоколад Аленка Сладкая мозаика разноцветное драже 90г,129.99 
Шоколад Россия Щедрая душа темный с миндалем 82г,129.99 
Печенье сдобное Софийка с кунжутом 250г,119.69 
Шоколад Raffaello ананас/миндаль 90г,264.99 
Шоколад Raffaello кокос/миндаль 90г,264.99 
Шоколад Ferrero Rocher лесной орех 90г,264.99 
Шоколад Россия Щедрая душа Кофе с молоком 82г,129.99 
Шоколад молочный Россия Щедрая душа 82г,129.99 
Шоколад молочный Россия Щедрая душа кокос 82г,129.99 
Конфеты Eco Botanica смузи банан/черника 150г,124.99 
Конфеты Груша шоколадная Кремлина,749.99 
Конфеты Бонфетти нуга с арахисом КДВ,199.99 
Конфета Elle шоколад/орех начинка КДВ,549.99 
Конфета Super нуга с карамелью КДВ,199.99 
Зефир мини с ароматом клубники КФ Нева 270г,119.99 
Зефир мини с ароматом ванили КФ Нева 270г,119.99 
Зефир Doni Zefironi ассорти КФ Нева 315г,129.99 
Конфеты глазированные Игристый Ананас желейная начинка КФ Азовская,299.99 
Пастила ваниль кусочки мармелада КФ Нева 500г,199.99 
Попкорн Всегда добрый день карамель 350г,264.99 
Шоколад Milky Way мультипак 4х26г,84.99 
Конфеты Пирожное Картошка Невский Кондитер,349.99 
Шоколад Alpen Gold Десерт Шарлотка 150г,214.99 
Шоколад Alpen Gold Десерт Ореховый торт 150г,214.99 
Шоколад Россия Щедрая душа горький 70% 82г,129.99 
Конфеты Toffifee Какао 125г,129.99 
Шоколад Россия Щедрая душа темный 82г,129.99 
Печенье сахарное Дальний Восток Злаковое Самбери 230г,79.99 
Печенье сахарное Дальний Восток с какао Самбери 230г,79.99 
Печенье сахарное Дальний Восток Самбери 230г,79.99 
Печенье сдобное с малиной Малиновый десерт 210г,114.77 
Печенье сдобное с кусочками яблок Яблочный десерт 210г,114.77 
Печенье сдобное с овсяными хлопьями Европейское 180г,92.79 
Печенье сдобное клубничный мармелад Бискотти 100г,72.99 
Печенье сдобное вишневый мармелад Бискотти 100г,72.99 
Печенье сдобное апельсиновый мармелад Бискотти 100г,72.99 
Печенье овсяное чернослив и льняные семечки Любятово 182г,149.68 
Печенье овсяное злаки витамины/шоколад/банан Маленькая страна 130г,127.89 
Шоколад Milka печенье Орео клубничная начинка 92г,139.99 
Батончик шоколадный KitKat Chunky Duo 64г,84.99 
Батончик Nesquik клубника 26г,29.99 
Батончик шоколадный KitKat Chunky 40г,59.99 
Конфеты Вдохновение Fruzipan Микс 175г ОБК,649.99 
Конфеты Вдохновение Fruzipan Манго Кокос 145г ОБК,549.99 
Круассаны Cravingz шоколадно-ореховый Jouy&Co 45г,27.99 
Печенье Овсяночка медовая Крафт 500г,199.97 
Печенье Нежное Радуга Вкусов апельсин в шоколаде 340г,177.78 
Конфеты Крем-де-Паризьен куантро КФ ФинТур,399.99 
Конфеты Крем-де-Нуазон крем-брюле КФ ФинТур,399.99 
Конфеты Вай-фай кокос/молочная начинка КФ ФинТур,399.99 
Конфеты Крем-де-Паризьен амаретто КФ ФинТур,399.99 
Конфеты Крем-де-Паризьен бейлис КФ ФинТур,399.99 
Печенье Нежное Радуга Вкусов зеленый чай 340г,177.78 
Печенье Нежное Радуга Вкусов шоколадное 340г,177.78 
Шоколад Мерси темный c цельным миндалем 100г,269.99 
Конфеты Дольче Мио помадка Эссен,299.99 
Конфеты Белый Мишка жевательные молочные Эссен,349.99 
Конфеты Руа помадка с какао Эссен,299.99 
Шоколад Бабаевский апельсиновый брауни/цельный фундук 165г,274.99 
Шоколад Бабаевский вишневый брауни/цельный фундук 165г,274.99 
Печенье сдобное Koon brother черника 108г,114.99 
Печенье сдобное Koon brother клюква/ананас 108г,114.99 
Печенье сдобное Koon brother шоколад 100г,84.99 
Печенье сдобное Koon brother арахис/шоколад 100г,79.99 
Печенье сдобное Koon brother сырное 100г,84.99 
Печенье сдобное Almento Koon brother миндальное 96г,84.99 
Печенье сдобное Koon brother манго 108г,114.99 
Печенье сдобное Bellco Koon brother шоколад 120г,87.99 
Печенье сэндвич FURUTA шоколадое 116г,209.96 
Печенье сэндвич FURUTA зеленый чай Матча 116г,209.96 
Печенье GLICO с кремом 60г,184.88 
Печенье сэндвич FURUTA шоколадная крошка 116г,209.96 
Печенье затяжное Мария Любятово 156г,77.99 
Шоколад молочный Lotte Crunky 45г,169.99 
Вафли Happy Pocket шоколад/арахис 100г,209.97 
Батончик Snickers Super 80г,94.99 
Карамель Ribon молочная начинка 66г,199.99 
Карамель Meito витамин С 80г,199.99 
Карамель Meito йогурт 70г,199.99 
Мармелад Meiji клубника 51г,169.99 
Печенье с кусочками шоколада Lazzaroni 100г,179.99 
"Набор Шоколад Юный кондитер Чоко Кит 46,3г",129.99 
"Резинка жевательная Dirol Тропический коктель 13,6г",45.99 
Суфле со вкусом манго в шоколаде 150г,219.79 
Батончик Milka молочная карамель/арахис/воздушный рис 37г,54.99 
Шоколад Milka молочный пористый банан/йогурт 92г,154.99 
Шоколад Milka молочный пористый капучино 92г,154.99 
Шоколад Milka молочный пористый кокосовая начинка 92г,154.99 
Суфле Палочки Fini 80г,149.99 
Резинка жевательная Мячики мини Fini 100г,149.99 
Суфле Палочки Бело-розовые Finn 80г,149.99 
Резинка жевательная Orbit Refreshers Мята 16г,49.99 
Мармелад жевательный Красные и черные ягоды в обсыпке Fini 100г,149.99 
Мармелад жевательный Зубы Fini 100г,149.99 
Мармелад жевательный Палочки разноцветные в сахаре Fini 100г,149.99 
Мармелад жевательный Палочки клубника Fini 100г,149.99 
Суфле Палочки разноцветные Fini 80г,149.99 
Мармелад жевательный Кола бутылочка в сахаре Fini 100г,149.99 
Мармелад жевательный Акулы Fini 100г,149.99 
Батончик KitKat Senses Deluxe Coconut Duo 58г,84.99 
Драже Skittles Фрукты 140г,124.99 
Снэк-рожок Пороро со вкусом банана 54г,199.67 
Курага в горьком шоколаде Live Sweets 140г,149.78 
Пастила Белевская без сахара классическая 180г,184.97 
Пастила Белевская без сахара 100г,119.96 
Зефир Белевский ванильный в шоколаде 250г,179.99 
Зефир Белевский Зефирное детство 250г,139.99 
Зефир Белевский Антоновка 250г,139.99 
Конфеты Good Milk со вкусом молока 80г,57.89 
Конфеты тоффи Sofee покрытые шоколадом 150г,139.98 
Конфеты Chew Milk со вкусом молока и дыни 80г,57.89 
Зефир маршмеллоу Гуанди косички апельсин 500г,354.87 
Зефир маршмеллоу Гуанди косички фруктовый 500г,354.87 
Зефир маршмеллоу Гуанди спиральки клубника/ваниль 200г,177.67 
Печенье сахарное Всегда Добрый день 390г,79.99 
Хворост Джаганнатха кунжут Гончарук 100г,99.79 
Хворост Джаганнатха кунжут Гончарук 100г,89.79 
Маффины Самбери шоколадные со вкусом пломбира 360г,169.99 
Конфеты Шоко-соль пралиновые с соленым печеньем КФ Алтай,599.99 
Конфеты глазированные Резеда КФ Алтай,399.99 
Мармелад Bitey клубника с 2х лет 20г,79.98 
Мармелад Bitey черная смородина с 2х лет 20г,79.98 
Мармелад Bitey малина с 2х лет 20г,79.98 
Шоколад Milka молочный дробленый фундук/изюм 85г,94.99 
Шоколад Milka молочный с ореховой начинкой 85г,154.99 
Шоколад Milka молочный 85г,154.99 
Шоколад Milka молочный цельный фундук 85г,169.99 
Конфета неглазированные Мартик Sweet life,299.99 
Конфета неглазирированные Ерошка Моркошка Sweet life,299.99 
Конфеты неглазированные Йогуртесса Sweet life,299.99 
Конфеты глазированные Супер мышь Sweet life,299.99 
Конфеты Ярче нуга семечки подсолнуха КДВ,349.99 
Конфеты глазированные Лунный кот Sweet life,299.99 
Печенье OREO Mini какао/ваниль 100г,179.99 
Печенье OREO Mini Golden ваниль 100г,179.99 
Печенье Milka Mini с кусочками шоколада 100г,179.99 
Печенье PANGOLI Lazzaroni лимонная начинка 100г,119.99 
Печенье FIOR DI FRUTTA Lazzaroni абрикос 100г,119 
Печенье LIMONELLI Lazzaroni с орехами 100г,179.99 
Печенье PANGOLI Lazzaroni шоколадная начинка 100г,179.99 
Драже сахарное с ароматом лимона КФ Нева 300г,89.99 
Драже Арахис в сахарной глазури аромат ванили 150г,64.99 
Драже Изюм в сахарной глазури аромат винограда 150г,64.99 
Печенье CABARET Lazzaroni карамель/шоколад 90г,179.99 
Печенье HAVANA Lazzaroni шоколадная глазурь 90г,99.99 
"Конфеты жевательные Мамба Классика 79,5г",119.99 
"Конфеты жевательные Мамба кола и фрукты 79,5г",119.99 
Пирожное кольцо с орехами КФХ 80г,37.99 
Пастила Брусника-мед Фрукдоза 30г,179.99 
Пастила Облепиха Фрукдоза 30г,179.99 
Пастила Клюква-мед Фрукдоза 30г,179.99 
Пастила Клубника Фрукдоза 30г,179.99 
Пастила Вишня Фрукдоза 30г,179.99 
Пастила Яблоко Фрукдоза 30г,179.99 
Пряник Самбери Шоколад с апельсином 400г,119.99 
Драже Skittles Кисломикс 70г,84.99 
Драже Skittles Фрукты 70г,84.99 
Палочки шоколадные Sunyoung с миндалем 54г,109.99 
Конфеты Супер Конти микс Конти,449.99 
Резинка жевательная Орбит Тропический Рефреш 16г,49.99 
Печенье Юбилейное молочное с глазурью 116г,64.69 
Торт Мечта Мерси 600г,459.79 
Торт Шоколадная симфония Мерси 600г,459.79 
Конфеты шоколадные с ореховой начинкой Pralicreme Vergani 150г,219.99 
Вата сладкая в ассортименте Mateo 20г,57.99 
Печенье сахарное Шоколадное Любятово 304г,139.97 
Печенье овсяное Классическое Традиционное Любятово 200г,144.79 
Печенье сдобное Любятово лимон/мята 200г,144.79 
Шоколад Аленка Хрустящая сказка 90г,154.99 
Печенье Дино мини в молочной глазури Kellogg's 50г,74.89 
Зефир Маршмеллоу BEBETO Rainbow twist 60г,84.99 
Печенье Оттимини классическое 400г,179.87 
Печенье сахарное Любятово Топленое молоко 356г,139.97 
Зефир Zefirium в глазури со вкусом апельсина 390г,149.97 
Конфеты Крем-Йогурт микс Конти,449.99 
Конфеты Шокотель клубника-сливки Конти,449.99 
Конфеты Эсферо Люкс микс Конти,649.99 
Конфеты АктивФит микс Конти,379.99 
Шоколад Приморский кондитер молочный,749.99 
Шоколад Приморский кондитер молочный с кунжутом,749.99 
Шоколад Приморский кондитер темный,749.99 
Яйцо шоколадное Простоквашино 20г,69.99 
Печенье слоеное Puffitto черная смородина 125г,49.99 
Печенье овсяное с кусочками шоколада 250г,109.97 
Печенье овсяное с изюмом 250г,109.97 
Печенье слоеное Лимоньерки 300г,149.79 
Печенье овсяное Классическое 250г,129.79 
Печенье слоеное Лимоньерки яблоко/корица 300г,149.79 
Пирожное HIPPOBO банан 32г,22.97 
Пирожное HIPPOBO вареная сгущенка 32г,22.97 
Вафли Яшкино Голландские карамель 36г,19.97 
Панкейк Basker Wheels вареная сгущенка 36г,22.97 
Вафля Yota в глазури 40г,32.97 
Пирожное HIPPOBO малина 32г,22.97 
Вафли Say cheese сыр 48г,28.99 
Панкейк Basker Wheels малина 36г,22.97 
Ирис Меллер соленая карамель 38г,89.99 
Конфеты шоколадные с ромовой начинкой Vergani 130г,199.99 
Конфеты шоколадные Ассорти Roxy Vergani 150г,219.99 
Конфеты шоколадные с кофейной начинкой Pralicreme Vergani 150г,219.99 
Конфеты шоколадные с молочно-ореховой начинкой Vergani 130г,229.99 
Драже шоколадное Bind Банан в шоколаде 100г,269.99 
Печенье песочное Вечерок Амурский 400г,274.96 
Печенье Слоюшки с маком 300г,162.79 
Вафли Праздничные Денисовы пекарни 420г,209.79 
Шоколад Бабаевский темный груша/миндаль 100г,159.99 
Печенье Орешки на сливочном масле Самбери 300г,199.88 
Шоколад молочный Красный октябрь фундук 90г,159.99 
Шоколад молочный Milka ореховая паста/миндаль 85г,94.99 
Пирожное Choco Pie яблоко/корица Orion 360г,249.99 
Шоколад молочный Красный октябрь гранулы капучино 90г,159.99 
Печенье Milka Sensations какао/молочный шоколад 156г,229.99 
Шоколад молочный со сливочной начинкой Nelino KIDS 100г,89.99 
Конфеты шоколадные O'Zera трюфель/молочный шоколад 140г,209.99 
Шоколад молочный Milka миндаль/лесные ягоды 85г,154.99 
Шоколад молочный Milka с фундуком 85г,94.99 
Шоколад молочный Milka клубника/сливки 85г,154.99 
Конфеты шоколадные Ассорти Vergani 150г,219.99 
Конфеты шоколадные/начинка ликер Лимончелло Vergani 130г,199.99 
Конфеты шоколадные O'Zera пралине/цельный фундук 230г,289.99 
Конфеты Kinocorn со вкусом попкорна ОБК,149.99 
Шоколад Snickers мультипак 4х40г 160г,144.99 
"Шоколад Bounty мультипак 6х27,5г 165г",174.99 
Шоколад Twix мультипак 3х55г 165г,144.99 
Шоколад Mars мультипак 4х40г 160г,189.99 
Шоколад Snickers Криспер мультипак 4х40г 160г,174.99 
Торт Ерофей Новоторг 400г,379.79 
Мармелад с апельсиновым соком Приморский Кондитер,759.99 
Мармелад с ананасом Приморский Кондитер,449.99 
Мармелад с грушевым соком Приморский кондитер,759.99 
Шоколад Milka молочный с цельным миндалем 85г,169.99 
Конфеты Родные просторы фундук 180г,359.99 
Конфеты Родные просторы кокос 172г,359.99 
Шоколад молочный Alpen Gold инжир/кокос/крекер 85г,109.99 
Конфеты Родные просторы вафельная крошка 180г,359.99 
Карамель на палочке Вкус детства Бушуев 40г,58.99 
Бисквит Kinder Delice Кокос 37г,74.99 
Конфеты помадные с желейной начинкой глазированные Дольче груша,299.99 
Конфеты Хо-Хо-Чу с соленой карамелью Невский кондитер,149.99 
Конфеты Тести чернослив/арахис в молочном шоколаде Гудвин,649.99 
Конфеты ДаЁжъ карамель/сливки/криспи,449.99 
Конфеты ДаЁжъ карамель/арахис/криспи,449.99 
Печенье Коровка топленое молоко с глазурью,377.87 
Печенье затяжное CRACK-IT кокосовое 72г,74.89 
Печенье затяжное CRACK-IT сливочный 80г,74.89 
Печенье затяжное CRACK-IT сливочное 160г,137.89 
Крекер Любятово томат и травы 150г,179.69 
Вафли FunBanan 35г,27.99 
Шоколад O'Zera Dark 55% горький 90г,62.99 
"Шоколад O'Zera Bitter 77,7% горький 90г",69.99 
"Резинка жевательная Dirol Фруктовый Рандом 13,6г",45.99 
Драже Арахис в цветной глазури крапинка КДВ 70г,46.99 
Шоколад белый O'Zera Caramel 90г,67.99 
Шоколад O'Zera Milk & Orange 90г,94.99 
Батончик Сникерс Арахисовый крем 73г,94.99 
Печенье Любимое со сгущенным молоком 347г,119.97 
Конфеты Финиксы с Черносливом 180г,199.99 
Конфеты Северная Аврора Славянка 200г,94.99 
Мармелад жевательный Чупа Чупс Кислые бомбсы 120г,199.99 
Конфеты Ferrero Rocher молочный шоколад 75г,319.99 
Конфеты Фруттелла мини 11г,29.99 
Мармелад Свитбокс Вспышка с игрушкой Конфитрейд 10г,199.99 
Мармелад Свитбокс Бэтмен с игрушкой Конфитрейд 10г,199.99 
Конфеты микс Co barre de Chocolat мультизлаковые,549.99 
Конфеты Co barre dе Chocolat кешью/миндаль/грецкий орех,649.99 
Корж вафельный Всегда Добрый день 140г,49.99 
Конфеты Степ MIX Славянка,549.99 
Шоколад Аленка с миндалем 90г,154.99 
Печенье Коровка топленое молоко,289.97 
Печенье сахарное Традиционное к чаю Любятово 280г,147.67 
Печенье Юбилейное молочное с глазурью 232г,89.99 
Печенье Юбилейное с глазурью 232г,89.99 
Крекер Тук краб 100г,99.79 
Печенье сахарное Классическое клюква Приморский кондитер 400г,139.99 
Печенье сахарное Классическое Приморский кондитер 400г,104.99 
Пирожное Милка двухслойное кусочки шоколада 140г,159.99 
Шоколад Milka молочный шоколад/молочная начинка/печенье 300г,399.99 
Шоколад Alpen Gold клубника/йогурт 85г,109.99 
Шоколад БэбиФокс молочный с молочной начинкой 47г,47.99 
Конфеты Коркунов Коллекция с орехом 110г,324.99 
"Резинка жевательная Дирол кокос/клубника 13,6г",45.99 
Шоколад Alpen Gold молочный соленый миндаль/карамель 80г,109.99 
Батончик Milka Oreo 37г,59.99 
Шоколад Alpen Gold темный с фундуком 80г,79.99 
Батончик Степ MIX вафельный изюм/арахис/карамель 44г,34.99 
Шоколад Alpen Gold темный 80г,79.99 
Зефирные палочки со сгущенным молоком в темной глазури ПК,699.99 
Конфеты Белая черемуха КДВ,249.99 
Конфета Шантарель со вкусом айриш крим КДВ,199.99 
Яйцо пластиковое игрушка/мармелад Конфитрейд 10г,174.99 
Крекер Cheese сыр Kokola 400г,399.99 
Вафельные трубочки Majorico шоколад Kokola 120г,109.99 
Шоколад Бабаевский фундук ОК 100г,149.99 
Шоколад Alpen Gold темный с изюмом и миндалем 80г,109.99 
Шоколад Шокомонстрики с печеньем на палочке 24г,49.98 
Палочки кукурузные Самбери 140г,79.99 
Палочки кукурузные Самбери 90г,54.99 
Печенье Коровка с какао,229.97 
Конфеты Ferrero Collection 109г,379.99 
Кекс с изюмом Денисовы Пекарни 500г,204.99 
Карамель леденцовая Кэнди Лейн кислая вишня 200г,146.76 
Карамель леденцовая Кэнди Лейн лайм и мята 200г,146.76 
Карамель леденцовая Кэнди Лейн клубника/черная смородина 200г,128.89 
Карамель леденцовая Кэнди Лейн гранат 200г,146.76 
Карамель леденцовая Кэнди Лейн клюква 200г,146.76 
Шарики шоколадные Вспыш и Чудо-машинки с 3Д игрушкой 50г,209.99 
Зефир Маршмеллоу Канди мини цветные 200г,169.99 
Шоколад KitKat Senses Gold 112г,199.99 
Конфеты Сгущенка с кокосом в шоколадной глазури,599.99 
Конфеты Вареная сгущенка с кокосом в шоколадной глазури,599.99 
Конфеты Лакки Чакки микс Коммунарка,249.99 
Мармелад жевательный Бон Пари Кошмарики 75г,99.99 
Мармелад жевательный Бон Пари Единорожка 100г,149.99 
Карамель Funny Boom мини микс с начинкой 120г,48.99 
Батончик злаковый Nesquik Duo 23г,64.87 
Конфеты Дыня в шоколадной глазури 200г,249.99 
Мармелад Бон Пари Машины 75г,99.99 
Маффины Самбери ванильные с вареной сгущенкой 450г,169.99 
Карамель Бон Пари Капучино Фундук 65г,54.99 
Мармелад жевательный Бон Пари Фламинго 100г,149.99 
Батончик KitKat Senses Gold Duo 58г,89.99 
Мармелад жевательный Bebeto Fast Food 25г,44.99 
Шоколад молочный Milka клубничный чизкейк 300г,399.99 
Мармелад жевательный Bebeto лимон/клубника/апельсин 70г,84.99 
Мармелад жевательный Bebeto Peach Rings вкус персика 70г,84.99 
Суфле Маршмеллоу Bebeto вкусом арбуза 60г,84.99 
Суфле Маршмеллоу Bebeto Cola сo вкусом колы 30г,49.99 
Суфле Маршмеллоу Bebeto ваниль/клубника 30г,49.99 
Пирожное бисквитное Fudo шоколад 18г,24.99 
Пирожное бисквитное Fudo банан 18г,24.99 
Батончик Двойная радость печенье/карамель 50г,37.87 
Шоколад Schogetten молочно-ванильный крем/печенье/какао 100г,98.87 
Конфеты Звездный дождь РотФронт,219.99 
Печенье Рогалик с черносливом Вешки-Свит 400г,209.98 
Пахлава Арабская Вешки-Свит 450г,209.98 
Пахлава Чешская Вешки-Свит 500г,234.87 
Печенье Колосок с маковой начинкой Вешки-Свит 450г,259.97 
Шоколад Приморский кондитер темный с морской солью 15г,39.99 
Шоколад Alpen Gold МаксФан имбирь/арахис/корица 150г,146.96 
Пастила фруктовая ассорти 1шт,14.99 
Мармелад Свитбокс с игрушкой Леди Баг 10г,199.99 
Мармелад Свитбокс с игрушкой 44 Котенка 10г,199.99 
Шоколадные шарики Буба с игрушкой 50г,150 
Шоколад Риттер Спорт темный миндаль/апельсин 100г,139.99 
Шоколад Бабаевский мандарин и грецкий орех 100г,149.99 
Зефир Вдохновение грушевый десерт в темном шоколаде 245г,384.99 
Конфеты Merci шоколадный мусс 210г,239.99 
Шоколад Волшебные краски Волшебница 100г,129.99 
Конфеты Приморские классические Приморский кондитер 270г,299.99 
Зефир Ванильный в шоколадной глазури 340г,149.99 
Торт вафельный Бабаевская Белочка ореховый 250г,199.99 
Печенье Oreo начинка со вкусом клубники 228г,169.67 
Нуга Столичные штучки сорехами и цукатами 60г,42.99 
Шоколадно-молочная паста Gusto Pasta 350г,219.98 
Бисквит Choco Pie Cherry Orion 12шт 360г,249.99 
Конфеты зефирные Haribo Шамеллоус Барбекю 90г,119.87 
Шоколад Аленка с фундуком и изюмом 90г,119.99 
Шоколад Alpen Gold молочный с дробленым фундуком 85г,109.99 
Шоколад Alpen Gold молочный фундук/изюм 85г,109.99 
Шоколад Alpen Gold молочный черника/йогурт 85г,109.99 
Шоколад Alpen Gold молочный соленый арахис/крекер 85г,109.99 
Шоколад Alpen Gold молочный арахис/кукурузные хлопья 85г,109.99 
Шоколад Alpen Gold молочный 85г,109.99 
Шоколад Alpen Gold МаксФан молочная карамель/мармелад/печенье 150г,214.99 
Печенье Юбилейное светлая глазурь 121г,69.69 
Конфеты Чернослив шоколадный Кремлина,399.99 
Конфеты Манго шоколадное Кремлина,799.99 
Конфеты Курага шоколадная Кремлина,649.99 
Конфеты Инжир шоколадный Кремлина,399.99 
Конфеты Апельсин шоколадный Кремлина,799.99 
"Жевательная резинка Ментос пур фреш Виноград 15,5г",44.99 
Пастила Ванильная Сладком 350г,107.99 
Пастила в кокосе Сладком 350г,107.99 
Вафли Milka какао 30г,49.97 
Печенье Milka с овсяными хлопьями 42г,49.97 
Шоколад Ritter Sport молочный кокосовое пирожное 100г,129.89 
Мармелад жевательный Маяма желейная начинка малина и черная смородина КДВ,309.99 
Торт Чизкейк Ассорти Новоторг 700г,1099.98 
Печенье O&T клубника 120г,144.97 
Капкейк Игрушка 260г,237.97 
Зефир Белуччи ванильный КДВ 260г,129.99 
Зефир Денисовы Пекарни Бабл Гам на агаре 340г,144.99 
Шоколадная паста Bombbar с фундуком 150г,339.98 
Паста арахисовая Bombbar натуральная хрустящая 300г,429.98 
Паста арахисовая Bombbar натуральная 300г,429.98 
Вафли Всегда добрый день со вкусом шоколада 200г,69.99 
Вафли Всегда добрый день со вкусом сгущенного молока 200г,69.99 
Вафли Всегда добрый день со сливочным вкусом 200г,69.99 
Вафли Всегда добрый день со вкусом шоколада 500г,139.99 
Пряник Самбери мятный 400г,99.99 
"Батончик Nesquik молочная начинка 20,5г",29.99 
Печенье сахарное Савоярди Форно Бонами 200г,169.98 
Конфеты Птичье молоко Зея 300г,279.99 
Резинка жевательная Корис Фруктовое ассорти 38г,169.99 
"Резинка жевательная Marukawa Крейзи Фиш ассорти 4 вкуса 12,6г",55.97 
Пирожное Choco Pie Смородина Orion 360г,249.99 
Пирожное Choco Pie Манго Orion 360г,249.99 
Яйцо шоколадное Монстры на каникулах 3 20г,77.89 
Конфеты Звонкое лето желейные вкус абрикоса,199.99 
Конфеты Матрёшка с ореховым вкусом,449.99 
Резинка жевательная Mentos PURE FRESH Арбуз 54г,199.99 
Резинка жевательная Mentos PURE FRESH виноград 54г,199.99 
Леденцы Холлс кола 25г,47.99 
Шоколад Alpen Gold горький 80г,79.99 
Шоколад Alpen Gold МаксФан ягоды/рисовые шарики/карамель 150г,214.99 
Шоколад Alpen Gold МаксФан фрукты/рисовые шарики/карамель 150г,189.99 
Шоколад Золотая марка карамель/арахис 92г,259.99 
Шоколад Alpen Gold белый миндаль/кокосовая стружка 85г,109.99 
Шоколад Alpen Gold МаксФан мармелад/кола/попкорн/карамель 150г,189.99 
Батончик Твикс Соленая карамель 55г,59.99 
Резинка жевательная Дирол Икс Фреш Арбузный лед 64г,189.99 
Конфеты Золотая марка карамель/арахис 184г,529.99 
Печенье OREO праздничное Вкус Веселья 176г,169.67 
Печенье O&T яблоко 120г,144.97 
Печенье O&T кофе 105г,129.97 
Печенье O&T черника 120г,144.97 
Печенье O&T лимон 105г,129.97 
"Резинка жевательная Dirol уголь/мята 13,6г",45.99 
Карамель на палочке Lolly Box для мальчиков 50г,154.99 
Мармелад жевательный Haribo Червячки Вуммис 80г,63.76 
Мармелад жевательный Haribo Червячки Вуммис 155г,107.76 
Мармелад жевательный Haribo Золотые мишки 80г,63.76 
Карамель на палочке Lolly Box Любимые Герои 40г,154.99 
Мармелад жевательный Haribo Золотые мишки 155г,107.76 
Мармелад жевательный Haribo Хэппи кола 80г,63.76 
Яйцо Fruitls Maxi мармелад Конфитрейд 10г,239.99 
Яйцо Fruitls Toy мармелад Конфитрейд 10г,119.99 
Мармелад Свитбокс Буба Конфитрейд 10г,219.99 
Конфеты Глэйс со сливочным вкусом КДВ,299.99 
Мармелад Свитбокс Микс Конфитрейд 10г,219.99 
Конфеты Raffaello с миндальным орехом 70г,189.99 
Шоколад Приморский кондитер темный мята/какао 100г,134.99 
Вафли Любимые со сливками,367.78 
Конфеты Птичье молоко Зея 200г,239.99 
Шоколад Приморский ванильно-лимонный 100г,124.99 
Печенье Творожное Аквариум 250г,134.67 
Печенье сахарное/сбивная начинка Ассорти КФ Сибирь 900г,309.87 
Хворост Лисички Денисовы Пекарни 190г,187.88 
Трубочки вафельные с вареной сгущенкой 700г,339.88 
Печенье Чокочип с кусочками темного шоколада 120г,159.99 
Бисквит Чоко Пай Чокочип апельсин и шоколад 6шт,137.68 
Жевательный мармелад Конфитрейд Ми-Ми-Мишки Vitafruit 65г,84.99 
Шоколадные чипсы 24 Chocola’s Crispy Cacao 80г,150 
Яйцо шоколадное Шоки-Токи для девочек с игрушкой 20г,109.99 
"Конфеты Halls цитрусовый пунш 12,5г",59.99 
Мармелад Свитбокс Сказочные зверята с игрушкой 5г,219.99 
Десерт Кидсбокс Премьер с подарком 20г Конфитрейд,109.99 
"Яйцо DISNEY FRUITLES в ассортименте 12,5г Конфитрейд",89.99 
Конфеты Belucci с шоколадным вкусом КДВ,399.99 
Конфеты Belucci с лимонным вкусом КДВ групп,269.99 
Печенье Мария Всегда добрый день 500г,109.99 
Крекер Стайка рыбок Всегда добрый день 200г,54.99 
Пряники Клюква Ветли 350г,107.96 
Шоколад Приморский кондитер темный кайенский перец/соленый миндаль 100г,124.99 
Шоколадный батончик Snickers Stick 20г,34.99 
Шоколад Приморский кондитер ламинария и морской еж 100г,159.99 
Шоколад Приморский кондитер с морским гребешком 100г,179.99 
Мармелад Фруттелла Молочные коровки 138г,129.99 
Мармелад Фруттелла Йогуртовые Червячки 138г,129.99 
Конфеты Лунные дольки микс помадные неглазированные 250г,129.99 
"Конфеты Fruit Sticks чернослив,грецкий орех и изюм 175г",299.99 
Конфеты Кедровая комета классическая 120г,297.89 
Конфеты Кедровая комета с сосновой шишкой 120г,297.89 
Конфеты ПоДАрИ трюфель печенье макарон/малина 160г,239.79 
Резинка жевательная Juicy Fruit Фруктовый Микс Minis 14г,41.99 
Конфеты жевательные Мамба Волшебный твист 150г,169.99 
Драже жевательное Ментос Кола 37г,84.99 
Драже Миндаль в шоколаде Алмонд Чокоболс Lotte 42г,84.87 
Пастила со вкусом апельсина СЕ-КА 85г,99.99 
Пастила со вкусом абрикоса СЕ-КА 85г,99.99 
Пастила со вкусом граната СЕ-КА 85г,99.99 
Палочки кукурузные сладкие 50г,29.89 
Зефир Черничная поляна с ягодами черники 310г,143.89 
Конфеты Пралиновые 250г ПК,179.99 
Печенье затяжное сэндвич клубничный КДВ,299.89 
Печенье затяжное сэндвич сливочный КДВ,299.89 
Печенье Демидовское с цукатами 350г,139.99 
Вафли с карамелью глазированные КДВ,579.79 
Пирожное Медвежонок Барни малина-кокос 150г,149.98 
Вафли КДВ сливочные,314.89 
Конфеты Milka с ореховой начинкой 110г,249.99 
Конфеты Milka с молочной начинкой 110г,249.99 
Конфеты Yoyo желейные ассорти 80г,179.99 
Карамель Раковые шейки 250г Красный Октябрь,169.99 
Пряник Шоколадный Самбери 400г,99.99 
Пирожное Язык слоеный Чашка Чая 64г,32.98 
Конфеты Merci ассорти Подарок 200г,199.99 
Печенье Золотое решето сахарное 200г Алешина,69.98 
Пряник Тульский смородина 140г,49.99 
Пряник Тульский апельсин и корица 140г,69.98 
Печенье сдобное Палочка с изюмом 700г,224.96 
Печенье Ушки слоеные Денисовы Пекарни 450г,174.88 
Крекер Гутэ Орион 72г,99.79 
Печенье сдобное Валентинки 430г,227.99 
Пирожное с шоколадной начинкой 30г КДВ,18.97 
Вафли с вишневым джемом 40г КДВ,26.97 
Батончик Snickers Crisper 60г,71.99 
Батончик ФИ Крупской шоколадная начинка 50г Славянка,39.99 
Бисквит Аленка шоколадный крем 200г,194.89 
"Шоколад Аленка с гранолой, фундуком и изюмом 90г",154.99 
Шоколад Золотая марка дуэт с фундуком 85г,169.99 
"Шоколад M&M's молочный,фундук и драже 122г",214.99 
Шоколад M&M's молочный миндаль/драже 122г,214.99 
Шоколад M&M's молочный c драже 125г,214.99 
Крекер Butter кофе с молоком 70г,59.99 
Карамель Anytime Plum & Peach Лотте 74г,96.87 
Конфеты с игрушкой вентилятор Щенячий Патруль,359.99 
Крекер Французский Всегда Добрый день 210г,59.99 
Печенье затяжное Мария Всегда Добрый день 230г,59.99 
Шоколадная паста Bounty 200г,299.87 
Пирожное Топленое молоко суфле Хлебный дом 110г,74.97 
Конфеты Киви в бело-темной шоколадной глазури Микаелло,499.99 
Десерт Степ с печеньем Славянка,229.99 
Конфеты Несквик Нестле,1149.99 
Конфеты Фараделла Акконд,449.99 
Конфеты Коровка в глазури Вольский кондитер,549.99 
Конфеты Глейс с шоколадным вкусом КДВ,299.99 
Конфеты Джетс с печеньем КДВ,249.99 
Конфета Трицветик ассорти Сибирь,349.99 
Конфеты желейные Савинов микс,199.99 
Конфеты Отломи Акконд,599.99 
Конфеты Джоли-рэй микс Акконд,399.99 
Конфеты Бонифати клубника Акконд,549.99 
Карамель шипучки Жили Были Богатырь,199.99 
Карамель леденцовая Пчёлка микс Би-энд-Би,299.99 
Конфеты Фруззи Дуо микс Би-энд-Би,349.99 
Конфеты Трюфели с ромом 180г Победа,169.89 
"Резинка жевательная Ментос Pure White клубника 15,5г",44.99 
Конфета-гель Кислая Атака 45г,97.99 
Конфеты Васильки,549.99 
Печенье Юбилейное злаковое с яблоком 171г,139.78 
Печенье Юбилейное злаковое 171г,139.78 
Бисквит Аленка 200г,169.99 
Бисквит Аленка вареная сгущенка 200г,139.99 
Батончик Финиковый с арахисом 42г,39.89 
Шоколад Риттер спорт темный 74% какао 100г,149.99 
Батончик злаковый Fitness банан 24г,64.87 
Шоколад Риттер спорт темный 61% какао 100г,149.99 
Шоколад Milka Chips Ahoy молочный 100г,119.99 
Шоколад Milka Raspberry Cream молочный 100г,119.99 
Шоколад Риттер спорт молочный 55% какао 100г,149.99 
Мармелад жевательный Чупа-Чупс Мини трубочки 70г Ван Мелле,114.99 
Шоколад Milka White Chocolate 100г,119.99 
Мармелад Апельсиновый в темном шоколаде 175г Милано,196.67 
Мармелад ассорти глазированный 225г КФ Нева,89.99 
Конфеты Золотой Степ арахис и карамель 192г,119.87 
Конфеты КитКат темные 169г,259.99 
Конфеты КитКат молочные 169г,259.99 
Конфеты Какао-помадные 250г ПК,154.99 
Конфеты United кофейные 140г,159.99 
Пирожное OH YES 280г,329.99 
"Конфеты Halls мини мята 12,5г Мон делиз",59.99 
Мармелад Чупа Чупс Кислые фансы 150г,179.99 
Карамель Чупа Чупс тропический 15г,49.99 
Шоколадное яйцо Шоки-Токи Для Мальчиков с игрушкой 20г,109.99 
Пастилки Свитбокс DISNEY ТАЧКИ FRUITLES с игрушкой 5г,199.99 
Десерт Кидсбокс для мальчиков с подарком 20г,109.99 
Конфеты Nesquik мини 171г,249.99 
Пирожное Медвежонок Барни сэндвич темный шоколад 180г,150.99 
Пирожное Блинное 90г КФХ,97.97 
Пирожное Оригинальное Мерси 400г,197.99 
Печенье Сказка Оленёнок Рот-Фронт,239.98 
Печенье Любятово Мюсли яблоко и корица 120г,167.79 
Бисквит Dream Cake какао 6шт Лотте,169.89 
Бисквит Dream Cake крем 6шт Лотте,169.89 
Конфеты United cливочный шотландский скотч 140г,159.99 
Конфеты 1 2 3 Za! MIX 330г,389.99 
Карамель Клубника со сливками Бабаевский,219.99 
Пирог Бейкер Хаус морковный 350г,224.96 
Печенье-сэндвич FORSITE шоколадно-сливочный вкус 208г,79.96 
Печенье-сэндвич TONDI шоколадный вкус 182г,77.96 
Печенье-сэндвич TONDI шоколадно-сливочный вкус 182г,77.96 
Печенье Twix top 21г Марс,37.87 
Печенье-сэндвич FORSITE кокос 208г,79.96 
Печенье-сэндвич FORSITE шоколадно-ореховый вкус 208г,79.96 
Крекер Яшкино с сыром 135г,57.89 
Крекер Классический КДВ 350г,122.99 
Крекер Яшкино с солью КДВ 125г,49.98 
Батончик Джетс карамель с печеньем 42г КДВ,22.99 
Шоколад O'Zera Dark&Extra апельсин 40г КДВ,65.99 
Шоколад O'Zera Dark&Red ягоды 40г КДВ,65.99 
Батончик вафельный Зебра с молочной шоколадной глазурью 40г КДВ,29.99 
Батончик вафельный Джумка с воздушной кукурузой 37г КДВ,29.99 
"Шоколад Степ арахис,карамель 100г",59.99 
Шоколад Белочка горький с цельным миндалем 100г,144.99 
Печенье Чоко-бой карамель 45г,67.99 
Крекер ТUC МИНИ сыр 100г,109.89 
Шоколад Золотая марка дуэт белый карамельный с печеньем 85г,169.99 
Резинка жевательная Mentos PURE WHITE нежная мята 54г,199.99 
Резинка жевательная Дирол Икс Фреш вкус мандарина 16г,54.99 
Конфеты Мишка на севере 200г КФК ГОСТ,169.99 
Мармелад Свитбокс Enchantimals с игрушкой 10г,219.99 
Десерт Кидсбокс Для Девочек с подарком 20г,109.99 
Конфеты Хэппи Бокс с игрушкой Три кота 18г,209.99 
Шоколад Белочка молочный с цельным фундуком 100г,129.99 
Мармелад жевательный Фруттелла 35г Ван-Мелле,74.99 
Конфеты Shokovita кокосовая стружка 180г,79.79 
Конфеты Кедровый трюфель 115г,339.99 
Конфеты Кедровый грильяж с клюквой в шоколаде 120г,349.88 
Конфеты Сливочно-помадные 250г ПК,164.99 
Конфеты Батончики с крошкой печенья 250г ПК,109.99 
Конфеты Кедровый грильяж в шоколаде ассорти 120г,368.96 
Конфеты карамель сливочная Вертерс 50г,89.99 
Конфеты Сакара молочные с кальцием 90г,139.99 
"Леденцы Halls арбуз 12,5г",59.99 
"Резинка жевательная Ментос Пур фреш тутти-фрутти 15,5г",44.99 
"Резинка жевательная Ментос Пур Фреш свежая мята 15,5г",44.99 
"Резинка жевательная Дирол Мята 13,6г",45.99 
"Резинка жевательная Дирол Отбеливающая Клубничная поляна 13,6г",45.99 
Бисквит Dream Cake крем 12шт,299.89 
Печенье Овсяное 330г,118.96 
Круассаны с шоколадным кремом 350г,229.89 
Карамель на палочке Вкус Детства 13г Бушуев,12.99 
Резинка жевательная Fini Дыня 100г,149.99 
Драже Степ арахис 45г,34.99 
Драже Белочка фундук в молочном шоколоде 45г Славянка,49.99 
Яйцо шоколадное Барбоскины 20г,97.99 
Конфеты Happy Box с игрушкой Пушистые лапы 18г,145.99 
Конфеты Happy Box с игрушкой Подводный мир 32г,97.99 
Драже Tic Tac ягодный микс 16г,64.99 
Драже Tic Tac фруктовый микс 16г,64.99 
Шоколад Бушерон горький 100г,344.99 
Шоколад Кит Кат молочный и темный с вафлей 112г,199.99 
Пирожное Медвежонок Барни молочная начинка 240г,224.79 
Печенье сахарное Ароматный миндаль 280г Любятово,147.67 
Печенье Твикс Топ 126г Марс,224.97 
Бисквит Аленка пломбир 175г,167.98 
Пирожное Медвежонок Барни шоколадная начинка 240г,224.79 
Мармелад Бон Пари Кислые змейки 120г,149.99 
Мармелад Бон Пари Забавный Медвежонок 120г,149.99 
Пирожное Choco Pie Dark Orion 360г,249.98 
Конфеты Вдохновение Ла Примьер с орехом 170г ОК,399.99 
Печенье Грибочки в шоколаде с сюрпризом 42г Конфитрейд,129.99 
Палочки кукурузные сладкие разноцветные 110г,55.98 
Палочки кукурузные сладкие 500г,179.79 
Вата сахарная 30г Богачок,74.99 
Печенье Уральское 350г,124.89 
Печенье Нежность Аквариум 200г,107.87 
Кулич творожный Колос-пром 300г,97.99 
Печенье Внучка глазированное Сладкая Слобода,569.98 
Печенье сахарное Лимонное 280г Любятово,147.67 
Пирожное Десертное 85г КФХ,47.99 
Пирожное Тортинки набор Аквариум 210г,179.89 
Бисквит Чоко Пай апельсин и шоколад 12шт Орион,249.99 
Шоколад Milka молочный арахис и карамель 90г,154.99 
Мармелад Sweet Box Мини Мишки 10г Конфитрейд,209.99 
Мармелад жевательный Мамба Фрукты и йогурт 140г,199.99 
Мармелад жевательный Мамба Фруктовый микс 140г,199.99 
Карамель Чупа Чупс Лав ми 12г,22.99 
Мармелад Fruittelа Cool Mix жевательный 150г,179.99 
Карамель Чупа Чупс Мини пакет 90г,99.99 
"Конфета жевательная Мамба 26,5г",54.99 
"Жевательная резинка Dirol White мята 13,6г",45.99 
Резинка жевательная Mentos PURE WHITE клубника 54г,199.99 
Зефирная косичка Зефирка 40г Конфитрейд,79.99 
Пирожное Черемушки Новоторг 85г,154.89 
Пирожные Чизкейк 210г Сюита,144.79 
Кекс Фантазия с изюмом Мерси 90г,35.99 
Кекс Фантазия творожный Мерси 90г,45.99 
Пирожное Мозайка 75г КФХ,59.99 
Шоколадно-ореховая паста Густо Пасто 350г,219.98 
Зефир клубничная начинка EIWA 90г,209.99 
Печенье Посиделкино колечки с кусочками шоколада 180г,89.96 
Печенье Посиделкино колечки с кокосом 180г,89.96 
Печенье Oreo двойная начинка 170г,169.67 
Круассаны со сгущенным молоком 350г,229.89 
Печенье Milka овсяные хлопья 168г,217.89 
Шоколад Приморский кондитер молочный 100г,134.99 
Шоколад Кит Кат молочный карамель/капучино 112г,199.99 
Пряники Молодежные 500г Колос Пром,99.97 
Печенье сдобное Гранола шоколад апельсин 150г Келлогг,249.99 
Печенье сдобное Гранола шоколад карамель 150г Келлогг,249.99 
Шоколад Золотая марка дуэт клубничный 85г,169.99 
Попкорн Шоколад стакан 110г Левада,109.89 
Пряники Любимые классические 400г ОБК,89.99 
Шоколад Золотая марка дуэт молочный 85г,169.99 
Кекс бакинский восточный Сулейманов 300г,92.79 
Карамель Лимончики,299.99 
Карамель Дюшес РотФронт,249.99 
Конфеты Тайна Южанки,299.99 
Печенье сахарное Благовещенское 500г Зея,174.99 
Пирожное Медвежонок Барни DUO ваниль клубника 150г,149.98 
Шоколад Milka молочный карамель/фундук 300г,399.99 
Шоколад Милка молочный вкус ваниль/печенье Орео 300г,399.99 
Торт Зимняя Вишня Новоторг 900г,954.78 
Шоколад молочный фигурный на палочке в ассортименте 24г МОК,49.99 
Печенье Посиделкино сдобное творожное с изюмом,107.98 
Печенье Посиделкино сдобное творожное апельсиновые цукаты,107.98 
Пирожное Медвежонок Барни DUO орех шоколад 150г,149.98 
Печенье Любятово Шоколадное со злаками 114г,67.89 
Набор коржей Келби 85г,119.89 
Корж фигурный Келби 90г,119.77 
Мармелад жевательный Червячки в сахаре Fini 100г,149.99 
Шоколад Голд горький с апельсином 100г,249.89 
Вафли мягкие Яшкино вареная сгущенка 120г КДВ,69.99 
Мармелад жевательный Йогурт фрукты Fini 100г,149.99 
Мармелад жевательный Бобы Fini 90г,149.99 
Мармелад жевательный Банан Fini 100г,149.99 
Шоколад Голд горький 72% 100г,249.98 
Крекер Хайтай Сыр 172г,239.87 
Торт бисквитный Baker House кармельон 350г,229.99 
Крекер Забавные животные вес ОК,299.97 
Вафли мягкие Яшкино с шоколадным кремом 120г,69.99 
Вафли мягкие Яшкино с вишневым джемом 120г КДВ,69.99 
Круассан 7 Дней Сингл Фундук с какао 3+1 260г Чипита,154.99 
Батончик Ярче 50г КДВ,20.99 
"Вафли Твист 22,5г КДВ",19.99 
Батончик Супер степ нуга арахис карамель 65г Славянка,44.99 
Шоколад Приморский кондитер темный какао бобы 100г,134.99 
Крем Буренка шоколадно сливочный 100г,58.98 
Торт Богема 700г КФХ,659.98 
Пирожное Птичка шоколадная Мерси 100г,44.99 
Трубочка с белковым кремом Чашка чая 65г,39.99 
Пирожное Барселона 100г Новоторг,154.97 
Попкорн Шоу тайм 92г оригинал,49.99 
Шоколад Приморский кондитер морская капуста 100г,134.99 
Шоколад Приморский кондитер темный морская соль 100г,134.99 
Соломка соленая для папы 200г завод Алёшина,77.89 
Пирожные Бэкер Хаус мини Нежный трюфель 240г,147.87 
Рулеты мини Яшкино клубника 35г КДВ,10.99 
Конфеты Твикс минис Марс,949.99 
Бисквит Choco Pie банан 12шт Lotte,169.99 
Конфеты Птичье молоко сливочно/ваниль 200г ОК,289.99 
Пирожное Бейкер Хаус Птифур трюфельный крем 255г РКК,224.96 
Вафли Яшкинские халва 300г КДВ,99.99 
Конфеты Красная шапочка 250г Красный Октябрь,359.99 
Рахат-лукум ассорти 200г,53.97 
Карамель Choko Chimba вкус мята и шоколад 250г ОК,79.99 
Пряник Джин-джин вареная сгущенка 350г Контех,152.97 
Конфеты Птичье молоко три вкуса Зея 160г,199.99 
Пирог с вишней,274.50 
Бисквит на сметане,409.90 
Карамель Леденцовая Энитайм лимон 74г Лотте,96.87 
Драже M&M's с соленым арахисом 45г,74.99 
Мармелад жевательный Черепа с начинкой Fini 100г,149.99 
Конфеты Raffaello с цельным миндальным орехом 500г,1899.99 
Пирожное Эклер со взбитыми сливками 60г Чашка чая,46.77 
Пирожное Эклер со сливочным кремом 60г Чашка чая,46.77 
Пирожное Эклеры с вареной сгущенкой 300г Радуга вкусов,187.99 
Пирожное Профитроли творожные 350г КФХ,219.77 
Пирожное Эклер с белковым кремом 60г Чашка чая,39.99 
Пирожное Заварное со сливками 70г Мерси,42.97 
Круассаны 7 Дней ваниль 65г 3+1 Чипита,154.99 
Карамель Леденцовая Энитайм 74г в ассортименте Лотте,96.87 
Конфеты Ассорти Букеты 300г,469.99 
Конфеты шоколадные Ассорти 220г Рот Фронт,259.99 
Конфеты Бабаевские ореховый крем-цельный фундук 200г ОК,649.99 
Мармелад жевательный Пластинки Фантазия Fini 100г,149.99 
Мармелад жевательный Спагеттини Fini 90г,149.99 
Пастила кусочками мармелада 200г Кондитерская Фабрика Нева,89.99 
Конфеты Нива 250г Красный Октябрь,244.99 
Конфеты Аленка крем-брюле 250г Красный Октябрь,214.99 
Конфеты Райские облака суфле сливочное 200г,109.89 
Суфле со вкусом банана в шоколаде 150г,219.79 
Конфеты Вдохновение мини десерт 165г,379.99 
Конфеты вафельные Коровка шоколадная 250г РотФронт,169.99 
Карамель Птичье молоко 250г РФ,144.99 
Ирис Золотой ключик 250г Красный Октябрь,154.99 
Вафли Мягкие с вареной сгущенкой 40г КДВ,26.97 
Печенье Деревенское с кунжутом весовое Сладкая Слобода,299.88 
Конфеты Буревестник 250г Красный Октябрь,179.99 
"Конфеты желейные в глазури ""Оле оле Желе"" 250г Азовская",74.67 
Конфеты Коровка Любимая 250 РотФронт,229.99 
Батончик Корни злаки Милк 30г,64.97 
Батончик Корни злаки лесной орех 50г,64.97 
Ирис Аленка шоколадный вкус 100г Зея,49.99 
Зефирная косичка Маша и Медведь 45г,65.98 
Зефир Воздушный поцелуй в глазури 180г Зея,149.99 
Конфеты Eco Botanica с экстрактом имбиря и витаминами 200г,119.99 
Торт Школадное танго половинка 460г Новоторг,459.68 
Торт Черный принц половинка 460г Новоторг,509.98 
Торт Медовик со сметанным кремом Мерси 500г,349.89 
Торт Блинный сметанно-ягодный 900г ФК,1229.78 
Торт Блинный вишневый 1кг КФ Хабаровская,757.97 
Торт Белоснежка-1 350г Сюита,267.97 
"Торт порционный Ришелье 1,5кг клубника ФК",1849.89 
"Торт Бьюти 1,2кг Мерси",749.98 
Торт Старая Рига мини 500г Чашка чая,447.99 
Торт Соблазн 1кг Мерси,819.98 
Торт Черничный КФХ 600г,479.97 
Торт София 900г Мерси,574.97 
Торт Нежность 900г Мерси,587.89 
Торт Жемчужина 1кг Мерси,759.96 
Чурчхела с фундуком Эковита 85г,159.99 
Пастила с ароматом ванили 200г КФ Нева,99.99 
Эклеры Белый танец со сливками 230г Радуга вкусов,139.96 
Корж молочный 75г Колос Пром,42.98 
Пирожное Машенька набор Сюита 270г,212.97 
Пирожное вафельное мягкое Хоттабыч 300г Радуга вкусов,187.97 
Пирожное Профитроли сгущенное молоко и сливки 350г КФХ,219.77 
Пирожное Профитроли творожно кофейные 350г КФХ,219.77 
Торт Птичье молоко 900г Мерси,669.98 
Печенье Лотте Сенд ананас 100г Лотте,122.96 
Конфеты Грильяж в шоколаде 200г РФ,289.99 
Мармелад Фруктовый рулет,449.99 
Мармелад Сказка Трехслойный 350г Благовещенск,199.99 
Конфеты Красный октябрь с цельным и дробленым фундуком 200г КО,469.99 
Конфеты Трюфель ШикоВладный 200г ПК,169.99 
Конфеты Дальневосточный мишка с вафельной начинкой 200г ПК,189.99 
Карамель Мятная 250г РФ,69.99 
Конфеты Желейные клубника со сливками 250г КО,129.99 
Конфеты Уссурийский мишка с вафельной начинкой 200г ПК,179.99 
Конфеты Марс Минис 182г Марс,237.99 
Печенье Сочень Пируэтто с творогом 350г Радуга вкусов,237.68 
Печенье Юбилейное овсяные хлопья 313г Монделиз,104.99 
Печенье Любимое со вкусом сливок весовые РотФронт,259.69 
Шоколад Милка с карамельной начинкой 90г,94.99 
Вафли Артек весовый,397.88 
Шоколад Особый пористый 80г Славянка,89.99 
Галеты весовые Зея,284.98 
Печенье Орешки 500г Цатурова,294.98 
Печенье Чак-чак с кунжутом 200г Цатурова,184.77 
Мармелад Цитрусовые мармеладки 400г ПК,224.99 
"Конфеты Ферреро Роше 37,5г",114.99 
Печенье Коровка вкус топленое молоко 42г РФ,24.98 
Рулет Домашний клубника джем декор шоколадной глазури 150г РКК Трейд,69.78 
Мини рулеты Домашние джем лесные ягоды в глазури 150г РКК Трейд,74.99 
"Резиновая жевачка Дирол клубника/черешня Для нее 13,6г",45.99 
Батончик мюсли клубника/йогурт 30г,29.99 
Резиновая жевачка Джуси Фрут Клевая кола 14г Марс Ригли,49.99 
Печенье Милка с кусочками шоколада 168г Монделиз,217.89 
Вафли Артек плюс 70г Зея,42.96 
Батончик мюсли вишня в  йогурте 30г,29.99 
Торт Бэйкер Хаус бисквитный Шварцвальд 350г,229.99 
Пирог Бейкер Хаус шоколад 350г РКК Трейд,224.96 
Бисквит Чоко бой 100г Орион,134.76 
Вафли Южные Зея 300г,142.89 
Конфеты Амурские Чернослив в шоколаде Зея 300г,579.99 
Шоколад горький 72% 25г Победа,45.96 
Печенье сахарное Аленка вкус молочный шоколад витамин 190г ОК,74.99 
Батончик Чио Рио мягкая карамель в глазури 30г КДВ,18.99 
Шоколад Особый темный 90г,119.99 
Печенье Аленка вкус любимое молоко витамин 190г,74.97 
Печенье Любятово Мюсли Шоколад 120г,167.79 
Печенье Любятово Мюсли Клюква и Изюм 120г,167.79 
Печенье Коровка сахарное с какао 375г РФ,144.99 
Мармелад Апельтини апельсиновые палочки в шоколаде 160г Ударница,209.99 
Пирожное Картошка-крошка 90г Мерси,24.99 
Пирожное Черепашка 150г КФХ,139.97 
Пирожное Иринка Мерси 400г,187.99 
Кекс бакинский Сулейманов 250г,97.79 
Пирожное Сметанное Мерси 400г,187.99 
Печенье Орео 228г,169.67 
Паста шоколадно-арахисовая Мр Креамис 340г,257.97 
Печенье Чик Чок с шоколадом Lotte 90г,184.97 
Печенье сдобное Дженс КДВ 180г,109.89 
Карамель Снежок РотФронт,449.99 
Карамель Раковые шейки,599.99 
Карамель Столичная любимая,399.99 
Ирис Нота Бум с ореховой начинкой КДВ,399.99 
Вафли Kinder Bueno White 39г,84.99 
Кармель Миньон РотФронт,299.99 
Карамель Мечта весовые РотФронт,399.99 
Вафли Сказка 80г Благовещенск,52.99 
Конфеты Желато Мармелато ОК,299.99 
Зефир кремовый ваниль Маршмеллоу Флаф 213г,259.69 
Конфеты желейные Живинка микс Конти,349.99 
Конфеты Очумелый шмелик ОК,99.99 
Печенье Воздушное Шоколадное 200г Любятово,144.96 
Конфеты Крокант грильяж с миндалем 180г КДВ,97.97 
Печенье Юбилейное торжество молочное 380г Сладкая Слобода,124.89 
Крекер Хайтай Оригинал 172г,214.99 
Печенье овсяное 5 злаков 250г Полет,126.87 
Крекер Яшкино Классический 180г КДВ,62.99 
Шоколадное драже Грильяж в глазури 200гр ОК,144.99 
Пастила Нева с ароматом ванили двухслойная с мармеладом 240 грамм,89.99 
Кексы Фирменные с изюмом 400г Контех,164.97 
Шоколад Merci горький 72% 100г,249.99 
Шоколад молочный “Остров Рикорда” с вафельной крошкой 160 грамм,189.99 
Вафли Сказка в шоколадной глазури 240г Зея,149.87 
Milka шоколад молочный с карамельной начинкой с арахисом и с воздушным рисом и кусочками арахиса,399.99 
Шоколад темный Пролив Босфор Восточный с фундуком 160г,189.99 
Шоколад Аленка Молочный порционный 100г,144.99 
Вафли Южные Зея,399.79 
Бисквит Чоко пай клубничный 6шт Лотте,124.98 
Бисквит Choco Pie клубничный 12шт Lotte,169.99 
Нуга Столичные штучки миндаль клюква в шоколадной глазури 60г,42.99 
Торт Британия трюфельный 950г Новоторг,919.69 
Пирожное Заварное со сливочным кремом 70г Мерси,42.97 
Пирожное Заварное с шоколадным сливками 70г Мерси,42.97 
Конфеты Плотник Вася/Колхозница Глаша/Кочегар Петя,649.99 
Пирожное Заварное с белковым кремом 70г Мерси,42.97 
Конфеты Леди ночь с кокосом Акконд,449.99 
"Торт Сказка 1,2кг Мерси",749.98 
Набор пирожных Эклер ванильные 150г Чашка Чая,169.87 
Торт Сказка 900г Мерси,587.89 
Конфеты Белуччи со сливочным вкусом КДВ,399.99 
Конфеты Укус женщины/Милому созданию Атаг,799.99 
Мармелад К чаю 200г ПК,99.99 
Мармелад Фруттела звери  микс 70г Ван Мелле,94.99 
Конфеты МегаФишка ПК 200г,179.99 
Конфеты Соната шоколадные с лесным орехом и кремом  200г Победа Вкуса,124.79 
Конфеты Школьные молочные 250г,99.99 
Конфеты Очумелый шмелик 250г РотФронт,109.99 
Конфеты Тоффи де люкс классик 250г ОК,189.99 
Торт Банановый десерт 900г Новоторг,944.89 
Конфеты Желейные барбарис 250г. Красный Октябрь,129.99 
Конфеты Милки Вей Минис 176г Марс,237.99 
Конфеты Фестиваль микс пленка 250г в/з Приморский Кондитер,129.99 
Соломка соленая Печки-лавочки 40г,22.97 
Конфеты Цитрон 250г Красный Октябрь,189.99 
Карамель Черная смородина 250г Красный Октябрь,114.99 
Конфеты Пилот 250г Благовещенск,139.96 
Конфеты Коровка топленое молоко 250г РотФронт,259.99 
Ирис тиражный шоколад 140г АКФ,67.96 
Карамель Москвичка 250г РотФронт,119.99 
Конфеты Васильки 250г ОК,169.99 
Конфеты БуриВестник 250г Благовещенск,159.97 
Резинка жевательная Орбит сладкая мята 34г пакет,61.87 
Карамель Мисс Ягодка со сливками 250г РотФронт,74.99 
Ирис тираженный Сливочный 140г КДВ,67.96 
Конфеты Ласточка вестница весны 250г Благовещенск,149.97 
Зефир со вкусом капучино 180г Приморский Кондитер,159.99 
Шоколад Ореховый 60 грамм,89.99 
Карамель Цитрусовая фантазия микс 250г РотФронт,84.99 
Пряники Яшкино мятные 350г КДВ,129.77 
Торт вафельный Мишка косолапый 250г КО,169.99 
Ирис Кис-кис 250г КО,154.99 
Конфеты Вдохновение Ла Примьер трюфельный крем 170г ОК,399.99 
Батончики рот фронт с орехом 250г РФ,209.99 
Ирис тиражный арахис 140г АКФ,67.96 
Конфеты Eco Botanica с экстрактом зеленого чая 200г,99.99 
Торт Барселона десерт Новоторг 1кг,1299.99 
Торт Душистый черемухово-сметанный 1кг ФК,1349.99 
Торт Монмартр творожно/шоколадный 1кг ФК,1329.99 
Торт Славянский Новоторг 900г,799.99 
Пирог Наполеон со сливками 400г КФХ,269.89 
Пирожное Наполеон 4х85г Сюита,272.97 
Пирожное Трубочка слоеная с масляным кремом 80г Мерси,36.99 
Пирожное Кольцо заварное с вареной сгущенкой 80г Мерси,32.99 
Пирожное Кольцо заварное с творогом 80г Мерси,42.97 
Торт Черепаха Новоторг 1кг,1479.98 
Торт Мелодия 700г Сюита,459.77 
Торт Блинный со сметанным кремом 1кг Новоторг,1429.98 
Торт Черный принц Новоторг 950г,889.69 
Вафли Коровка глазированные топленое молоко 50г РотФронт,34.99 
Мармелад жевательный Бегемотик Бонди 70г,39.98 
Шоколад пористый Хорошая компания 80г ОК,29.99 
Вафли глазированные Яшкино с орешками 200г КДВ,87.99 
Пирожное Медовое Мерси 400г,187.99 
Пирожное Профитроли сливки 350г КФХ,219.77 
Торт Шоколадное танго 950г Чашка чая,847.98 
Набор пирожных Графские развалины 2х45г Новоторг,169.97 
Торт Машенька 1кг Сюита,569.99 
"Батончик злаковый Fitness карамель 23,5г",64.87 
Конфеты Ласточка 250г Красный Октябрь,144.99 
Торт Машенька 500г Сюита,359.99 
Торт Ниигата 800г Аквариум,499.99 
Набор пирожных Картошка 5х90г Новоторг,469.88 
Резинка жевательная Dirol ассорти мятных вкусов 19г,54.99 
Пирожное Черепаха Новоторг 90г,192.98 
Рулет с маком 100г Давлат,39.98 
Торт вафельный Коровка ассорти топленое молоко 200г,174.97 
Печенье Орео 38г,29.99 
Вафли Артек плюс 300г Зея,147.99 
Конфеты Обыкновенное чудо сливочное 55г Славянка,39.99 
"Набор конфет Бабаевский ""Вдохновение"" Mini Cupcakes 165 грамм",199.99 
Конфеты Raffaello 40г,109.99 
Гематоген Народный с витамином С 40г,17.97 
Шоколад Воздушный белый пористый 85г,114.99 
Корж Невский темный 400г,119.88 
Рахат-лукум классический 300г,76.97 
Печенье Orion Choco Boy 45 грамм,74.99 
Печенье сахарная глазурь Коровка со сливочным маслом 115г Рот Фронт,49.99 
Печенье Сказка моей бабушки с изюмом 360г Зея,147.89 
Шоколад горький Бабаевский 20г Объединенные кондитеры,44.99 
Мармелад Фрутелла Медвежата 70г,94.99 
Пирожное Медвежонок Барни варенная сгущенка 150г,149.99 
Жевательная резинка Орбит Белоснежный ХХL 20г Ригли,74.99 
Зефир Ванильный 180г ПК,159.99 
Конфеты Родные просторы вафельная крошка 125г,279.99 
Резинка жевательная Джуси Фрут Клубничная лента 30г,79.99 
Пряники Яшкино вареная сгущенка 350г КДВ,117.98 
Конфеты батончики Рот-фронт 250г РФ,139.99 
Зефир Сладкие истории с клубникой 250г,174.99 
Пряники Яшкино классические в сахарной глазури 350г КДВ,129.77 
Шоколад темный Остров Русский 160г Приморский Кондитер,189.99 
Конфеты Raffaello с цельным миндальным орехом 200г,639.99 
Жевательная резинка Орбит Белоснежный Баблминт 14г,39.99 
Конфеты Белочка Бабаевский 200г,289.99 
Козинак арахисовый 60г,34.99 
"Леденцы Холлс Экстра стронг 24,5г",47.99 
Конфеты Рот Фронт Маска с хрустящими вафлями 300г,429.99 
Конфеты Вдохновение 215г ОК,369.99 
"Пряники Рот Фронт ""Коровка"" вкус Вареная сгущенка, 300г",114.96 
Конфеты Сникерс Минис 180г,237.99 
Мармелад Свитбокс Фиксики 10г,219.99 
Мармелад жевательный Мамба Фруктовый микс 72г Шторк,109.99 
Мармелад жевательный Мамба Фрукты и йогурт 72г Шторк,109.99 
Конфеты Кара-Кум 250г КО,319.67 
Конфеты Курага Петровна с миндалем в шоколадной глазури Озерск,849.99 
Конфеты вафельные Аленка 250г КО,359.99 
Карамель Малютка карамельное ассорти 250г РотФронт,124.99 
Конфеты Морской бриз 250г Благовещенск,149.97 
Конфеты Чернослив с грецким орехом в шоколаде 130г Приморский кондитер,459.97 
Шоколад Шогеттен молочный 100г,124.78 
Конфеты Амурские ананасовые Зея 180г,149.87 
Конфеты Merci ассорти 400г,829.99 
Зефир Сладкие истории вкус крем брюле 250г,174.99 
Шоколад Коммунарка элитный трюфельный 200 г,167.87 
Карамель Дюшес 250г РотФронт,99.87 
Шоколад Шогеттен Дарк темный 100г,119.78 
Зефир Белые ночи 180г Петербургский КондитерЪ,89.89 
Конфеты Raffaello с цельным миндальным орехом 40г,139.99 
Конфеты Raffaello с цельным миндальным орехом 90г,269.99 
Конфеты Dove Promises Ассорти шоколад 118г,384.99 
Конфеты Merci ассорти с миндалем 250г,479.78 
Шоколад Алёнка 20г,19.99 
Шоколад Пикник 38г,57.99 
Резинка жевательная Дирол ассорти фруктовых вкусов без сахара 19г,54.99 
Конфеты Raffaello с цельным миндальным орехом 240г,659.99 
Шоколад темный со вкусом рома и миндаля 100г Приморский кондитер,134.99 
Конфеты Merci ассорти молочный 250г,479.78 
Шоколад Kinder Chocolate Maxi 84г,129.99 
Конфеты вафельные Мишка косолапый 200г Красный Октябрь,319.67 
Конфеты Коркунов Ассорти из темного и молочного шоколада 192г,559.99 
Конфеты Коркунов Ассорти из темного и молочного шоколада 110г,299.99 
Конфеты Коркунов Ассорти из молочного шоколада 192г,539.99 
Конфеты Коркунов ассорти из темного шоколада 192г,539.99 
"Пирожное Milka бисквитное с шоколадной начинкой и кусочками молочного шоколада, 175г",159.99 
Мармелад жевательный Мамба Сочный центр 70г,109.99 
Конфеты Вдохновение в коробке 400г Объединенные кондитеры,674.99 
Конфеты Коркунов ассорти из молочного шоколада 110г,299.99 
Шоколад Бабаевский темный с черносливом 100г,169.99 
Драже M&M Криспи 36г Марс шоколад,64.99 
Шоколад Ritter Sport темный с мятной начинкой 100г,139.99 
Палочки с ореховой пастой Нутелла 52г Ферреро,144.99 
Конфеты Красный мак 250г,259.96 
Шоколад Пикник с грецким орехом 52г Крафт,74.99 
Соломка соленая 500г Каролина,139.97 
Вафли Коровка с шоколадом 300г,99.99 
Яйцо Kinder Сюрприз 20г,119.99 
Печенье Внучка шоколадное с банановым кремом Сладкая слобода,389.96 
Печенье сахарное Коровка вкус топленое молоко 375г,129.99 
Жевательная резинка Орбит ХХL Белоснежный сочное яблоко 20г,74.99 
Печенье несладкое классическое Приморский Кондитер,224.86 
Печенье классическое шоколадное 400г Приморский Кондитер,117.99 
Печенье на молочке с топленого молока 300 Приморский Кондитер,89.99 
Конфеты Ломтишка в глазури Акконд,699.99 
Шоколад молочный Dove с цельным фундуком 90г,164.99 
Мармелад жевательный Фрутелла Звери микс 70г Ван мелле,94.99 
Жевательная резинка Орбит XXL Сладкая Мята 20г,74.99 
Печенье Бельвита утреннее витаминизированное фундук мед 225г,149.89 
Конфеты Маска 250г РотФронт,209.99 
Шоколад Милки Вей 26г,34.99 
Печенье Орео со вкусом шоколада 95г Монделиз,79.99 
Печенье Бельвита утреннее витаминизированное со злаковыми хлопьями 225г,149.89 
Печенье Вечерние Зори с черемухой 500г Лихачевский Кондитерский Комбинат,209.89 
Конфеты Трюфель Моне микс Конти,649.99 
Печенье Юбилейное темная глазурь 116г,69.69 
Конфеты Мишка косолапый медовый грильяж,599.99 
Печенье Трюфельное классическое 300г Приморский Кондитер,87.96 
Печенье Амурское к чаю 450г Зея,144.96 
Конфеты Аленка крем-брюле (купол) Красный Октябрь,699.99 
Печенье Злаковое овсяное П 300 Приморский Кондитер,87.97 
Шоколад Ritter Sport молочный миндаль Экстра 100г,149.99 
Батончик Nesquik цельные злаки 25г,64.87 
Печенье Орео со вкусом шоколада 228г Монделиз,169.67 
Печенье Милка с молочным шоколадом 200г Монделиз,159.99 
Печенье Бельвита утреннее сэндвич витамины какао 253г,187.89 
Печенье Бельвита утреннее сэндвич злаки йогурт 253г,187.89 
Крекер Тук сметана и лук 100г,99.79 
Конфеты Марс минис,949.99 
Печенье классическое с изюмом 400г Приморский Кондитер,129.97 
Печенье Трюфельное классическое Приморский Кондитер,259.79 
Печенье Oreo 95г,79.99 
Конфеты Черноморочка Красный Октябрь,499.99 
Печенье Зоологическое 400г Ветли,99.99 
Печенье Зея декорированное глазурью 400г,199.87 
Конфеты Баунти,949.99 
Печенье Овсяночка с посыпкой Мирослада,259.98 
Торт Прага Чашка чая 950г,894.87 
Вафли Kinder Bueno с молочно-ореховой начинкой 129г,209.99 
Батончик Corny Big злаковый Кокос с молочным шоколадом 50г,64.97 
Corny Chocolate-Banana батончик злаковый с бананом и молочным шоколадом 50г,64.97 
Драже Рот Фронт изюм в шоколаде 200г,144.99 
Карамель Chupa Chups со вкусом мороженого 12г,22.99 
Пряники заварные глазированные Шоколадные Колос Пром 500г,139.89 
Мармелад Sweet BOX ПУШИСТИКИ КОТЯТА с игрушкой (коллекция 2) 10 грамм,199.99 
Шоколад Кит Кат 87г,129.99 
"Шоколад Kinder Chocolate со злаками 23,5г",59.99 
Конфеты жевательные Ментос фрукты 37г Ван Мелле,89.99 
Вафли с арахисом в карамельной глазури Знак Вкуса 213г,97.88 
Леденцы Холлс Ассорти 25г,47.99 
Драже Tic Tac апельсин 49г,154.99 
Конфеты шоколадные Ассорти Подмосковные вечера 200г Рот Фронт,289.99 
Крекер Любятово Янтарный с солью 500г,214.86 
Круассан Яшкино шоколадный крем 45г,34.98 
Круассан Яшкино сливочный крем 45г,34.98 
Круассаны 7 Days мини с кремом какао 105г,79.78 
Круассаны 7 Days мини вареная сгущенка 300г,159.69 
Круассаны 7 Days мини ваниль 300г,159.69 
Круассаны 7 Days мини крем какао 300г,159.69 
Попкорн для микроволновой печи со вкусом сливочного масла Джоли Тайм 99 г,104.99 
Вафли Яшкино Шоколайт 180г,119.99 
Круасаны мини с шоколадным кремом Яшкино КДВ 180г,114.89 
Печенье Чак-чак Вкуснотеев 200г,144.89 
Круассан мини Яшкино со сливочным кремом 180г,114.89 
Десерт Бонжур суфле классика Конти 232г,139.89 
Батончик Cini-Minis цельные злаки 25г,64.87 
Печенье Твикс Минис карамель в молочном шоколаде 190г,237.99 
Бисквит Чоко пай Какао Лотте 6шт 168г,104.79 
Пирожное шоколадное 30г Медвежонок Барни,27.99 
Пирожное Фанни Банни с шоколадной начинкой 150г,147.77 
Бисквит Чоко Пай какао 336г,209.98 
Бисквит Чоко Пай Лотте мини 4шт,79.79 
Батончик с клюквой и малиной 30г Фрутилад,49.98 
Батончик Фрутилад Джунгли в шоколаде 40г,49.98 
Батончик Фрутилад с апельсином и брусникой 30г,49.98 
Батончик Фрутилад с бананом и клубникой 30г,49.98 
Шоколад Nesquik 43г,62.99 
Батончик Спринт 50г КДВ,34.99 
Шоколад молочный Коркунов с цельным фундуком 90г,219.99 
Батончик марципановая буханка Центис 100г,149.99 
Мармелад Fruittella Звери Mix 150г,179.99 
Шоколад Nesquik с молочной начинкой 100г,129.99 
Жевательный мармелад Fruittella «Медвежата» 150г,179.99 
Мармеландия Фруктовый коктейль 250г Ударница,209.99 
"Шоколад ""Коркунов"" молочный 90г",219.99 
Мармелад Чудо Ягода малина/брусника/черная смородина 250г,99.99 
Шоколад Аленка с фундуком Красный Октябрь 200г,314.99 
Шоколад Вдохновение Mini Dessert/Шоколадный брауни 100г,189.99 
Шоколад Остров Рейнеке молочный 160г,189.99 
Шоколад Merci молочный кофе и сливки 100г,249.99 
Шоколад Merci молочный 100г,249.99 
Шоколад Ritter Sport молочный с кокосом 100г,99.99 
Шоколад темный с апельсиновыми кусочками и миндалем 100г Бабаевский,149.99 
Шоколад Гвардейский 90г,149.99 
Шоколад молочный Ritter Sport ром-изюм-орех 100г,99.99 
Шоколад темный люкс Бабаевский 100г,199.99 
Шоколад Ritter Sport молочный клубника/йогурт 100г,99.99 
Халва РотФронт глазированная 400г,299.99 
Шоколад темный 85г Воздушный,114.99 
Шоколад горький 90г Коркунов,219.99 
Шоколад Воздушный молочный пористый 85г,114.99 
Шоколад горький 90г А.Коркунов,219.99 
Мармелад Рот Фронт Акварель 250г,89.99 
Шоколад Вдохновение классический 100г,189.99 
Рулет Аленка молочный шоколад 200г,109.98 
Шоколад горький с цельным миндалем 200г Бабаевский,349.99 
Батончик Твикс 55г,59.99 
Шоколад Mars 50г,59.99 
Торт Фруктово-сметанный 950г Чашка чая,709.99 
Торт Старая Рига 950г Чашка чая,894.77 
Карамель Chupa Chups XXL 4D 29 г,49.99 
Батончик Миньоны карамель и орехи МОК 30г,45.99 
Батончик Миньоны Лесные ягоды МОК 30г,45.99 
Печенье классическое сахарное с черносливом Приморский Кондитер 400г,114.97 
Шоколад Приморский молочный ванильно-сливочный 100г,134.99 
Конфеты вафельные Коровка молочная 250г,169.99 
Мармелад Бон Пари Джамбл 40г,64.99 
Пряник Домино 350г Контех,114.79 
Батончик вафельный молочный шоколад в глазури 16г Импульс,15.99 
"Крекер Яшкино Французский хрустящий с кунжутом, 185г КДВ",57.99 
Крекер Янтарный с сыром 500г,214.86 
Пряники Яшкино Шоколадные 350г КДВ,114.99 
Печенье Кико в глазури с вишневой начинкой 1200г,397.89 
Пряники Кокосик 350г Контех,124.79 
Карамель Рот Фронт  Лимончики 250г,69.99 
Шоколад Натс мегабайт 66г,77.99 
Шоколад Милка молочный с печеньем 87г,139.99 
Карамель Гусиные лапки РотФронт,399.99 
Конфеты Нильс карамель жевательная с фруктово-ягодной начинкой,299.99 
Шоколад Бабаевский элитный 75% 200г ББ,319.99 
Чурчхела с грецким орехом Ekovita 85г,129.99 
Печенье затяжное 182г Яшкино сливочный крем КДВ,64.99 
Крекер Tuc копченые колбаски 100г,99.79 
Батончик Twix Extra 82г,94.99 
Халва с арахисом Дружба 250г Рот Фронт,159.99 
Шоколад молочный Алёнка 60г,69.99 
Батончик Picnic Big с арахисом 76г,84.99 
Шоколад молочный Dove с фундуком 90г,164.99 
Шоколад Kinder Maxi 20г,39.99 
Шоколад молочный Dove с фундуком и изюмом 90г,164.99 
Пирожное Медвежонок Барни банан/йогурт 150г,149.99 
"Набор конфет Ferrero Collection 172,2г",624.99 
Пряник Тульский с фруктовой начинкой 140г,49.99 
Соломка сладкая для дочки Алешина завод 200г,69.89 
Fruittella Змеи XXL жевательный мармелад 70г,94.99 
"Шоколадный батончик Сникерс 50,5г",59.99 
Батончик Mars Max 81г,94.99 
Конфеты Ромашка Зея 250г,169.89 
Резинка жевательная Mentos PURE FRESH свежая мята 100г,339.99 
Резинка жевательная Эклипс Ледяная свежесть Орбит 14 г,51.99 
"Жевательная резинка Orbit Белоснежный Нежная мята без сахара 13,6г",39.99 
Резинка жевательная классический Детский Орбит 10 г,44.99 
Леденцы Halls со вкусом меда и лимона 25г,47.99 
Пряник Тульский с начинкой вареная сгущенка 140г,44.99 
Пряники Невские 500г Колос Пром,129.96 
Пряники Зебра лебедевская 350г Контех,114.79 
Печенье овсяное Посиделкино с шоколадными кусочками 310г,109.89 
Яйцо Kinder Сюрприз для девочек 20г,119.99 
Кулич Волжский Колос-Пром 300г,97.99 
Пирожное Ниигата 140г Аквариум,99.99 
Печенье Посиделкино овсяное классическое 320г,97.98 
Жевательная резинка Dirol X-Fresh Арбузный лед 18 грамм,54.99 
Шоколад Ritter Sport белый орех/хлопья Экстра 100г,149.99 
"Печенье Юбилейное с кусочками клюквы, 112 грамм",64.99 
Вафли в глазури Сказка Зея,519.96 
Крекер TUC оригинальный c солью 100г,99.79 
Крекер TUC со вкусом Пицца 100 грамм,99.79 
Яйцо Kinder Joy с игрушкой 20г,129.99 
Шоколад Kinder с молочной начинкой 50г,79.99 
"Драже ""Шоколадные Шарики"" Maltesers 37г",94.99 
"Драже в сахарной глазури Skittles ""2 в 1"" 38г",59.99 
Пирожное Медвежонок Барни бисквитное с молочной начинкой 30г,27.99 
Шоколад Алёнка с начинкой варёная сгущёнка 48 гр.,54.99 
"Драже в сахарной глазури Skittles ""Кисломикс""  38г",59.99 
"Жевательная резинка Dirol Маракуйя 13,6г",34.99 
"Освежающие конфеты Rondo с сахаром ""Арбуз"" 30 г",49.99 
Резинка жевательная Орбит XXL Клубника- Банан 20г,74.99 
Пирожки сдобные с вишней 90г пленка Колос,32.99 
Мармелад жевательный Кислые червячки Бон Пари 75г,99.99 
Набор пирожных Корзинка с белковым кремом 150г Новоторг,144.97 
Конфеты глазированные пралиновые с карамельной прослойкой и воздушным рисом Чио Рио КДВ,449.99 
Конфеты Сникерс Минис,949.99 
Пирожное Orion ChocoPie 360г,189.99 
Конфеты Халва в шоколаде РФ,699.99 
Конфеты арахис в мягкой каремели Ярче КДВ,349.99 
Батончик Банановое суфле Миньоны 30г,45.99 
Конфеты помадно-халвичные с какао и фундуком Бабаевские ОК,399.99 
Конфеты в грильяжном корпусе с миндалем Крокант КДВ,449.99 
Леденцы Сочный арбуз Orbit 35г,74.99 
Леденцы лимон/мята Orbit 35г,74.99 
Драже M&M's с арахисом 45г,74.99 
Попкорн со вкусом сыра Jolly Time 99г,104.99 
Резинка жевательная Wrigley`s Juicy Fruit 13г,36.99 
"Жевательная резинка Dirol Морозная Мята 13,6г",45.99 
Конфеты Детский сувенир Славянка,499.99 
Конфеты желеобразные с карамельной начинкой Левушка Славянка,449.99 
Конфеты мягкая карамель с орехом Степ золотой Славянка,499.99 
Конфеты Красный мак Красный Октябрь,899.99 
Батончик Milky Way 1+1 52г,59.99 
Рулет «Яшкино» с вареной сгущенкой 200г,89.99 
Конфеты Ласточка Красный Октябрь,549.99 
Конфеты на сливках ассорти Вольский кондитер,399.99 
Яйцо шоколадное Kinder Сюрприз 3*20г,309.99 
Печенье сдобное Яшкино КДВ клубника 137г,72.88 
Печенье сдобное Яшкино КДВ апельсин 137г,72.88 
Конфеты с мягкой карамелью Наслаждение ОК,149.99 
Конфеты суфле Птица дивная Акконд,649.99 
Драже М&М's шоколад 45г,74.99 
Карамель Chupa Chups фруктовая с соком и колой ассорти  12г,22.99 
Конфеты освежающие мятные Rondo 30г,49.99 
Конфеты жевательные Skittles фрукты 38г,59.99 
Мармелад Забавный медвежонок Бон Пари 75г,99.99 
Ирис Кис-Кис Красный Октябрь,499.99 
Шоколад Красный Октябрь Аленка со злаками 45г,54.99 
Батончик MilkyWay Клубничный коктейль шоколадный 26г,34.99 
Конфеты жевательные мятные Mentos 37г,89.99 
конфеты жевательные Fruittella Йогурт 41г,89.99 
Драже Tic Tac мята 16г,64.99 
Конфеты Медунок грильяж с орехом Славянка,399.99 
Рулет Яшкино черничный 200г КДВ,89.99 
Карамель Chupa Chups Fruittella ассорти 17г,39.99 
Галеты Любятово классические 185г,104.98 
Бисквит Choco Pie 6шт Lotte,114.99 
Конфеты суфле сливочно-ванильное Птичье молоко РотФронт,649.99 
Соломка сладкая для дочки Алешина Завод 300 г,99.87 
Хворост хрустящий со сгущеным молоком Алешина Завод 450 г,234.89 
"Хворост ""Хруст Хвороста"" 350г",179.99 
Печенье бисквитное в темной глазури Кико в с абрикосовой начинкой 1200г Кинельский кондитер,397.89 
Мармелад Сочная долька вкус лимона и апельсина 350г,249.99 
Печенье глазированное дно Зея 400 г,199.87 
Вафли Яшкино голландские с карамельной начинкой 290г,104.97 
Шоколад молочный Dove 90г,164.99 
"Жевательная резинка Клубника-Банан Орбит 13,6 г",39.99 
"Конфеты набор Ferrero Collection 269,4г",1279.99 
Драже Tic Tac клубничный микс 16г,64.99 
Шоколад Бабаевский горький 100г,149.99 
Печенье глазированное 400г Зея,229.87 
"Резинка жевательная Dirol арбузная свежесть 13,6г",45.99 
"Резинка жевательная Dirol арбузно-дынный коктейль 13,6г",45.99 
Конфеты Ferrero Rocher 200г,589.99 
Пряники Яшкино с вишнёвой начинкой 350г КДВ,119.89 
Конфеты Raffaello с цельным миндальным орехом 100г,369.99 
"Печенье Юбилейное традиционное, 112г",24.99 
Драже M&M's арахис 360г,374.99 
Конфеты Маска РотФронт,699.99 
Конфеты Батончик Ореховая роща,299.99 
Паста ореховая Nutella 180г,229.98 
Конфеты батончики Рот Фронт,649.99 
Карамель в шоколаде Москвичка РотФронт,549.99 
Кондитерская плитка Хорошая компания молочная с вафельной крошкой 80г РотФронт,37.99 
Кондитерская плитка Хорошая компания молочная с арахисом 80г РотФронт,37.99 
Конфеты Джаззи нуга/карамель/арахис,249.99 
Конфеты Жаклин французский зефир клубника в шоколаде Славянка,399.99 
Жевательная резинка Орбит Сладкая мята 14г,39.99 
Жевательная резинка Эклипс Ледяная Вишня 14г,51.99 
Жевательная резинка Орбит Винтефреш 14г,39.99 
"Жевательная резинка Орбит Белоснежный Освежающая мята 13,6г",42.99 
Корж Невский светлый 400г,119.88 
Конфеты Timi суфле ассорти Конти,449.99 
Конфеты Морские Красный октябрь,499.99 
Конфеты Золотая Лилия Конти,399.99 
Конфеты Птичье молоко со сливочным вкусом Зея,799.99 
Карамель Барбарис РотФронт,299.99 
Карамель Взлет Бабаевский,349.99 
Паста шоколадная Nutella 630г,669.98 
Яйцо Kinder Сюрприз для девочек 20г 3шт,309.99 
Конфеты Ромашки,599.99 
Конфеты Конфежель ассорти Кондитерская фабрика Сибирь,399.99 
Конфеты глазированные вафельные Мореход,249.99 
Зефир Сливочный ароматизированный 310г Петербургский КондитерЪ,139.97 
Зефир Бело-розовый Петербургский кондитер 310г,139.97 
Конфеты желейные со вкусом барбариса,449.99 
Конфеты Toffifee 250г,459.99 
Паста арахисовая с арахисом Мр Креамис 340 грамм пластиковая банка,238.98 
Батончики шоколадно сливочный вкус Рот Фронт,749.99 
Резинка жевательная Файв Арбузный шквал Орбит 30 г,119.99 
Шоколад Аленка в стиках с вареной сгущенкой Красный Октябрь 100г,189.99 
Шоколад Аленка молочный пористый Красный Октябрь 95г,129.99 
Конфеты шоколадные с суфле РОТ ФРОНТ «Птичье молоко» сливочно-ванильные 225 г,234.99 
Мармелад Цитрусовые мармеладки 300г,224.99 
Печенье Молочное на сметанке Сладкая слобода 420 г,144.99 
Пряник Арахисовый 350г Контех,114.79 
Шоколад молочный Kinder со злаками с молочно-злаковой начинкой 94г,209.99 
Зефир в шоколаде классический Шармэль 250 г,379.99 
Вафли Коровка вкус топленое молоко 150г РотФронт,99.79 
Вафли Яшкинские шоколадные КДВ 300г,99.99 
Драже с апельсиновым вкусом Тик-Так 16 г,64.99 
"Шоколад молочный ""Аленка"" Красный Октябрь 200г",309.99 
Ирис с шоколадом Меллер Ван Мелле 38 г,89.99 
Резинка жевательная Mentos тутти-фрутти 54г,199.99 
Шоколад темный с цельным фундуком 200г Бабаевский,299.99 
Резинка жевательная Файв Мятный разряд Ригли 30 г,119.99 
Печенье Колечко белая ночь глазированное 415г Сладкая слобода,469.96 
Конфеты Merci ассорти 8 видов шоколада 250г,479.78 
Торт Гусиные лапки Чашка чая 800г,894.88 
Торт Черемуха 1300г Аквариум,959.89 
Пирожки сдобные с брусникой 90г пленка Колос-пром,32.99 
Набор пирожных Корзинка с белковым кремом Новоторг 400г,384.96 
Яйцо Kinder Joy 20г,129.99 
Торт Сысоевский Аквариум 1кг,839.88 
Вафли Kinder Bueno 43г,79.99 
Шоколад Kinder с молочной начинкой 100г,139.99 
Конфеты Ferrero Rocher Бриллиант 300г,1049.99 
Конфеты Raffaello с цельным миндальным орехом 240г,559.99 
Конфеты Raffaello с цельным миндальным орехом 150г,379.99 
Батончик Snickers с лесным орехом 81г,94.99 
Яйцо Kinder Сюрприз 20г,119.99 
Пирожное Медвежонок Барни молочная начинка 150г,149.99 
Конфеты Ferrero Rocher 125г,389.99 
Конфеты Приморские Кофейно-сливочные 400г,369.99 
Пирожное Медвежонок Барни шоколад 150г,149.99 
Пирожное бисквитное Kinder Delice 156г,239.99 
Шоколад элитный 100г Бабаевский,169.99 
Паста шоколадная Nutella 350г,409.98 
Конфеты Приморские 400г,389.99 
Чупа-Чупс шоколадный шар в ассортименте 20г,149.99 
Пирожное бисквитное Kinder Delice 39г,74.99 
Конфеты Toffifee 125г,129.99 
Бисквит Choco Pie 12шт Lotte,189.99 
