Kофе Черная Карта Голд  растворимый 95г,239.99 
Чай черный Richard Королевские птицы лист 480г,299.99 
Чай Ричард Роял Лав черный листовой с добавками 80г,300 
Чай ассорти Richard Royal Tea Collection 120 сашет,409.99 
Чай ассорти Curtis Spicy Men's Tea 20 сашет,144.99 
Чай ассорти Richard Royal Gardens 9 сашет,99.99 
Кофе в капсулах STARBUCKS LatteMacc DolcGust 12шт,639.99 
Чай черный Greenfield Ванилла Крэнберри 25п,134.99 
Кофе Bourbon Original 100г,359.99 
"Кофе молотый Эйванс Маилд Бленд дрип 18х7,5г",479.99 
"Кофе молотый Эйванс Мока Бленд дрип 18х7,5г",479.99 
Кофе зерно Caffè Excelsior 100% Арабика 250г,769.99 
Кофе молотый Caffè Excelsior Эспрессо 100% Арабика 250г,400 
Кофе зерно Арабика Московская кофейня на паяхъ 1000г,1799.99 
Кофе зерно Espresso Московская кофейня на паяхъ 500г,999.99 
Чай зеленый Curtis Beauty Tea 15 пирамидок,129.99 
Чай зеленый Richard Royal Melissa 100 пакетиков,429.99 
Кофе зерно Coffesso Espresso 250г,489.99 
Чай зеленый Saito Extra Moisture 15 пирамидок,169.99 
Чай черный Curtis Elegant Earl Grey 100 пакетиков,349.99 
Чай черный Curtis Delicate Black 100 пакетиков,349.99 
Чай зеленый Saito Fujian Green листовой 80г,169.99 
Чай зеленый Saito Rose Glow 15 пирамидок,169.99 
Чай зеленый Lipton мята 25 пакетиков,149.99 
Чай зеленый Lipton аромат цитруса 25 пакетиков,149.99 
Кофе зерно Ambassador Blue Label 200г,439.99 
Кофе зерно Ambassador Black Label 200г,439.99 
Кофе молотый King coffee Expert Blend 2 500г,400 
Кофе молотый King coffee Expert Blend 3 500г,839.99 
Кофе зерно King coffee Da Lat 340г,999.99 
Кофе растворимый King coffee черный 15шт,200 
Кофе растворимый King coffee 3в1 10шт,200 
Кофе растворимый Mr Viet 3в1 17г,39.99 
Кофе молотый Mr Viet устройство для заваривания 250г,400 
Кофе растворимый Mr Viet 2в1 17г,39.99 
Кофе в капсулах Julius Meinl Lungo Arabica 10шт,439.99 
Какао-напиток растворимый Nesquik 500г,439.99 
Какао-напиток растворимый Nesquik 500г,249.99 
Какао-напиток растворимый Nesquik 250г,169.99 
Какао-напиток растворимый Nesquik карамель 250г,289.99 
Какао-напиток растворимый Nesquik 128г,189.99 
"Какао-напиток растворимый Nesquik 13,5г",24.99 
Какао-напиток растворимый Nesquik 1кг,659.99 
Какао-напиток растворимый Nesquik 135г,119.99 
Какао-напиток растворимый Nesquik 250г,209.99 
Кофе зерновой Carraro Arabica 100% 250г,489.99 
Чай черный Saito манго/клубника 100 пакетиков,529.99 
Чай черный байховый Индия Азерчай 90г,169.99 
Чай черный байховый Шри-Ланка Азерчай 90г,169.99 
Чай травяной Добрыня ромашка/мята 20 пакетиков,79.99 
Чай травяной Добрыня Успокаивающий 20 пакетиков,79.99 
Чай травяной Добрыня ромашка/мёд 20 пакетиков,79.99 
Чай травяной Добрыня Общеукрепляющий 20 пакетиков,79.99 
Чай травяной Добрыня имбирь/корица 20 пакетиков,79.99 
Чай травяной Добрыня Витаминный 20 пакетиков,79.99 
Кофе зерновой Самбери Колумбия Атьокия 1кг,1879.99 
Кофе зерновой Самбери Бразилия Суль-де-Минас 1кг,1759.99 
Чай зеленый ITOEN Matcha Organic Premium 10 пакетиков,517.99 
Чай зеленый ITOEN Matcha Green Tea жасмин 20 пакетиков,517.99 
Чай зеленый ITOEN Хоум Сайз с жареным рисом 300г,519.99 
Чай зеленый ITOEN Хоум Сайз 150г,497.99 
Чай зеленый ITOEN Matcha Green Tea 20 пакетиков,517.99 
Чай зеленый ITOEN OI Ocha 20 пакетиков,317.99 
Сироп топинамбура Домашний погребок 330г,289.98 
Чай черный Acteav Life Energy Tea 25 пакетиков,129.99 
Чай черный Svay Цейлонский клубника 20 пирамидок,229.99 
Чай черный Svay Кенийский 20 пирамидок,229.99 
Чай черный Svay Цейлонский апельсин/чабрец 20 пирамидок,229.99 
Напиток имбирный Gold Kili 20 пирамидок,479.79 
Напиток имбирный Gold Kili лимон 20 пирамидок,479.79 
Чай черный Ahmad Индийский 25 пакетиков,119.99 
Чай черный Ahmad смородиновый взрыв 25 пакетиков,174.99 
Чай Ahmad Милк Улун 75г,279.99 
Чай зеленый Ahmad мелисса/мята/лимон 75г,279.99 
Чай черный Ahmad Магия Манго 25 пакетиков,174.99 
Чай черный Ahmad персик/маракуйя 25 пакетиков,149.99 
Чай зеленый Ahmad мята/мелисса 25 пакетиков,174.99 
Напиток Матча Латте 10шт,469.98 
Напиток Матча Латте имбирный 10шт,469.98 
Кофе молотый Черная Карта Crema 200г,329.99 
Кофе молотый Черная Карта Греция 200г,289.99 
Кофе молотый Черная Карта Марокко 200г,289.99 
Кофе зерновой Чёрная Карта Crema 1кг,1869.99 
Чай Tess Get Relax 20 пакетиков,119.99 
Чай черный Tess Get IQ 20 пакетиков,119.99 
Чай зеленый Tess Get Detox 20 пакетиков,119.99 
Чай Tess Get Energy 20 пакетиков,119.99 
Сироп Миндаль Proff syrup 250мл,269.98 
Сироп Ирландский крем Proff syrup 250мл,269.98 
Сироп Ваниль Proff syrup 250мл,269.98 
Сироп Клубника Proff syrup 250мл,269.98 
Сироп Шоколадное печенье Proff syrup 250мл,269.98 
Чай черный Curtis Delicate Black 25 пакетиков,119.99 
Чай черный Curtis Elegant Earl Grey 25 пакетиков,119.99 
Чай зеленый Curtis Fresh Green 25 пакетиков,99.99 
Чай Таёжный Травы и Пчёлы 80г,159.87 
Чай Кавказский Травы и Пчёлы 40г,109.99 
Чай Алтайский Травы и Пчёлы 40г,109.99 
Чай Крымский Травы и Пчёлы 40г,109.99 
Чай Таёжный Травы и Пчёлы 40г,109.99 
Кофе зерновой Jardin Cafe Eclair 1кг,1999.99 
Бекон сырокопченый нарезка Самбери 200г,209.99 
Кофе MacCoffee Cappuccino Dolce Vita 24г,19.99 
Чай Lipton Африканский ройбуш яблоко/корица 20 пакетиков,159.99 
Кофе растворимый Porto Rosso Speciale 75г,239.99 
Кофе растворимый Porto Rosso Original 75г,279.99 
Кофе растворимый Porto Rosso Oro 75г,239.99 
Кофе зерновой Porto Rosso Original 220г,429.99 
Кофе молотый Porto Rosso Original 220г,249.99 
Кофе зерновой Жокей Традиционный 900г,1099.99 
Кофе зерновой Жардин Кафе Эклер 250г,499.99 
Кофе растворимый MacCoffee Favorite 2г,8.99 
Чай черный Curtis ORANGE SPRITZ COCKTAIL 10 пирамидок микс,199.99 
Кофе молотый Бразилия Серрадо 250г,319.99 
Кофе зерновой Самбери Колумбия Атьокия 250г,499.99 
Кофе зерновой Самбери Бразилия Суль-де-Минас 250г,469.99 
Кофе растворимый Jardin Deep Dark 95г,359.99 
Кофе растворимый Jardin Gold 95г,359.99 
Цикорий растворимый Самбери с шиповником 100г,99.99 
Цикорий растворимый Самбери классический 100г,89.99 
Цикорий растворимый Самбери с черникой 100г,99.99 
Кофе растворимый Nescafe 3в1 Классик 10шт,159.99 
Кофе растворимый Жокей Мокка 70г,199.99 
Кофе Nescafe Gold Barista растворимый 85г,589.99 
Кофе Nescafe Classic Crema растворимый 95г,309.99 
Кофе Coffesso Classico Italiano 45г,199.99 
Кофе Coffesso Crema Delicato 45г,139.99 
Чай Greenfield Earl Grey Fantasy черный листовой с ароматом бергамота 200г,329.99 
Кофе молотый Starbucks Medium House 200г,599.99 
Кофе в капсулах Starbucks Blonde Nespresso 10шт,509.99 
Кофе молотый Starbucks Dark Caffe Verona 200г,599.99 
Кофе в капсулах Starbucks Verona Nespresso 10шт,509.99 
Кофе зерновой Starbucks Dark Espresso 200г,599.99 
Кофе в капсулах Starbucks Pike Place Nespresso 10шт,509.99 
Кофе зерновой Starbucks Blonde Espresso 200г,599.99 
Кофе зерновой Starbucks Medium Pike Place 200г,599.99 
Кофе в капсулах Starbucks Espresso Nespresso 10шт,509.99 
Кофе молотый Starbucks Blonde Veranda 200г,599.99 
Чай черный листовой Tess Sunrise 100г,149.99 
Чай черный гранулированный Принцесса Гита Медиум 100г,49.99 
Чай черный листовой Принцесса Нури 250г,209.99 
Чай черный листовой Tess Pleasure 100г,149.99 
Кофе растворимый MAXIM GOLD 70г,569.99 
Кофе растворимый AGF Luxury 135г,779.99 
Кофе раствориый Nescafe Classic 190г,429.99 
Кофе растворимый Egoiste Noir 70г,349.97 
Чай черный Tess Sunrise 25 пакетиков,119.99 
Чай черный Tess Sunrise 100 пакетиков,299.99 
Кофе молотый Montaro Tokyo Blend дрип-пакет 8шт,269.99 
"Кофе растворимый Nescafe 3в1 Крепкий 14,5г",21.99 
"Кофе растворимый Nescafe 3в1 Мягкий 14,5г",21.99 
"Кофе растворимый Nescafe 3в1 Классик 14,5г",21.99 
"Кофе растворимый Nescafe 3в1 Карамель 14,5г",21.99 
Кофе молотый Жокей Крема 230г,299.99 
Кофе молотый Жокей Эспрессо 230г,299.99 
Кофе растворимый Жокей Мокка 130г,349.99 
Кофе зерно Жокей Эспрессо 230г,249.99 
Чай зеленый Всегда Добрый день 25 пакетиков,59.99 
Чай зеленый Всегда Добрый день лимон 25 пакетиков,59.99 
Чай Richard Royal Orange & Cinnamon черный 25 пакетиков,139.99 
Чай черный Richard Royal Black Jasmine 25 пакетиков,139.99 
Чай Richard Royal Raspberry 25 пакетиков,139.99 
Кофе молотый Coffesso Classico 250г,419.99 
Кофе зерновой Coffesso Classico 250г,519.99 
Кофе молотый Coffesso Crema 250г,489.99 
Чай черный Lipton чабрец 25 пакетиков,129.99 
Чай черный Lipton смородина и мята 25 пакетиков,119.99 
Чай черный Lipton виноград и липа 25 пакетиков,129.99 
Чай черный Lipton апельсин и розмарин 25 пакетиков,129.99 
Чай черный Бета Королевское качество 100 пакетиков,339.99 
Чай черный Индус Крепкий 100 пакетиков,189.99 
Чай черный Бета Королевское качество 25 пакетиков,119.88 
Чай черный листовой Азерчай Premium Букет 100г,219.99 
Чай цейлонский крупнолистовой черный Бета 100г,139.96 
Чай черный Saito Orange&Linden 25 пакетиков,169.99 
Чай зеленый Saito Jasmine&Pineapple 25 пакетиков,169.99 
Кофе растворимый Nescafe Gold Бариста 120г,609.99 
Кофе растворимый Ambassador Platinum 150г,589.99 
Кофе зерно Черная Карта 1кг,1399.99 
Kофе растворимый Черная Карта Exclusive Brasilia 95г,389.99 
Кофе молотый Черная Карта 250г,299.99 
Кофе молотый в капсулах Porto Rosso Espresso 10шт,169.99 
Чай черный Saito Rose&lychee 25 пакетиков,159.99 
Чай черный Saito Mango&Strawberry 25 пакетиков,159.99 
Чай черный Golden Victoria Romantic Assam 25 пакетиков,144.99 
Чай черный Golden Victoria Exotic Earl Grey 25 пакетиков,144.99 
Чай черный Golden Victoria Royal Ceylon 100 пакетиков,469.99 
Чай зеленый Golden Victoria Pure Green 25 пакетиков,144.99 
Чай Golden Victoria индийский черный крупнолистовой 250г,239.99 
Чай Golden Victoria цейлонский черный крупнолистовой 250г,289.99 
Кофе растворимый Суаре МКП 190г,629.99 
Чай черный Greenfield Grape Vines 20 пирамидок,149.99 
Кофе растворимый Мокко 75г,199.99 
Кофе растворимый Арабика 150г,809.99 
Кофе растворимый Nescafe Gold Эспрессо 70г,399.99 
Кофе растворимый Арабика 75г,364.99 
Кофе в капсулах Nescafe Dolce Americano Mexico 12шт,639.99 
Кофейный напиток Nescafe Classic Cappuccino 18г,32.99 
Кофейный напиток Nescafe Classic Latte 18г,32.99 
Чай черный Saito Asian Ceylon 100 пакетиков,529.99 
Чай черный Saito Asian Ceylon 25 пакетиков,179.99 
Чай зеленый Saitо Milky Oolong 25 пакетиков,179.99 
Чай черный Saito Japanese Morning 100 пакетиков,529.99 
Чай зеленый Saito Melissa & Lime 25 пакетиков,179.99 
Чай черный Saito Earl Grey Song 25 пакетиков,159.99 
Чай черный Saito Japanese Morning 25 пакетиков,169.99 
Чай черный Tess Blueberry Tart 20 пирамидок,114.99 
Чай черный Tess Grapefruit Chill 20 пирамидок,114.99 
Чай черный Принцесса Нури Золото Шри-Ланки 25 пакетиков,99.99 
Чай черный Принцесса Нури Завтрак в Бенгалии 25 пакетиков,99.99 
Чай черный Принцесса Нури Золото Шри-Ланки 200г,279.99 
Чай зеленый Teapins с ароматом жасмина 70г,209.99 
Чай черный Принцесса Нури Магия бергамота 100 пакетиков,299.99 
Чай черный Принцесса Нури Золото Шри-Ланки 100 пакетиков,199.99 
Чай Althaus Персидское Яблоко фруктовый 15 пирамидок,559.99 
Чай зеленый Ahmad молочный улун 25 пакетиков,174.99 
Кофе зерно Jardin Colombia Supremо 1кг,2399.99 
Кофе зерно Jardin Americano Crema 1кг,1999.99 
Кофе молотый Mr Viet Arabica 500г,1299.99 
Кофе молотый Mr Viet Сhon 500г,1399.99 
Кофе растворимый крепкий AGF Maxim 80г,829.99 
Кофе молотый Mr Viet Сhon 250г,799.99 
Кофе молотый Mr Viet Good Morning Vietnam 500г,1299.99 
Чай черный Шах Индийский 100 пакетиков,299.99 
Чай Althaus Wild Berries 20 пакетиков,369.99 
Чай черный Svay Black Ceylon 20 пирамидок,229.99 
Чай черный Шах Индийский 25 пакетиков,79.99 
Чай Лисма Особо крепкий 25 пакетиков,64.99 
Чай Лисма крепкий 25 пакетиков,49.99 
Чай черный Althaus Earl Grey Classic 15 пирамидок,559.99 
Чай Althaus Fruit Berry 15 пирамидок,559.99 
Чай черный Althaus Assam Meleng 15 пирамидок,559.99 
Чай черный Мацеста с натуральными ягодами 75г,130 
Чай зеленый Svay Green-Jasmine Flowers 20 пакетиков,229.99 
Чай зеленый Svay Green China 20 пакетиков,229.99 
Чай зеленый Althaus Jasmine Deluxe 15 пирамидок,559.99 
Чай зеленый Althaus China Zhu Cha 20 пакетиков,369.99 
Чай Althaus Lemon Mint 15 пирамидок,559.99 
Чай Richman зеленый крупнолистовой 100г,189.99 
Чай Richman травяной 100г,189.99 
Кофе растворимый Nescafe Gold 130г,609.99 
Кофе растворимый Nescafe Classic 130г,269.99 
Кофе молотый Paulig Moscow 200г,149.99 
Чай Svay Bergamot-Orange 20 пирамидок,229.99 
Чай Golden Victoria черный Lemon Jazz 25 пакетиков,144.99 
Чай Майский черный Корона Российской Империи 25 пакетиков,84.99 
Чай Ahmad Tea Классический черный 25 пакетиков,119.99 
Чай Ричман Эрл Грей черный листовой 100г,189.99 
Чай Golden Victoria Raspberry Bliss черный 25 пакетиков,144.99 
Чай зеленый Curtis Фреш мохито 20 пирамидок,99.99 
Чай Lipton травяной с ромашкой и мятой 20 пакетиков,159.99 
"Чай Lipton ""Infusion relax"" травяной, 20 пакетиков",179.99 
Кофе молотый Mr Viet Good Morning Vietnam 250г,799.99 
Кофе молотый Mr Viet Arabica 250г,799.99 
Кофе молотый Mr Viet Ca Phe Dalat 250г,799.99 
Кофе Голд Спешиал молотый 400г пакет,620 
Чай Curtis Summer Berries фруктовый 20 пакетиков,124.99 
Чай Краснодарский черный с чабрецом и душицей 25 пакетиков,74.99 
Чай Richard черный Royal Ceylon 180г,279.99 
Чай Richard Lord Grey черный листовой 90г,129.99 
Чай Richard черный Royal English breakfast 25 пакетиков,99.99 
Чай черный Golden Victoria Berry Delice 25 пакетиков,144.99 
Чай черный Майский Корона Российской Империи 100 пакетиков,259.99 
Чай Ахмад Английский завтрак 200г черный листовой,379.99 
Кофе Нескафе Голд Крема 70г,399.99 
Кофе растворимый Jewang Империал 150г,439.99 
Кофе Нескафе Голд растворимый 95г,379.99 
Чай Svay Herbal Variety 8 видов травяной 48 пакетиков,479.99 
Кофе Бленди растворимый 70г Япония,609.99 
Kофе Черная Карта Голд растворимый 150г,529.99 
Кофе Паулиг Париж молотый 200г,260 
Кофе зерновой Mr Viet Good Morning Vietnam 500г,1299.99 
"Кофе Маккофе Cappuccino Di Torino 25,5г",24.99 
Кофе молотый Ambassador Platinum 250г,459.99 
Чай Richman English Breakfast 25 пакетиков,119.99 
Чай Richard черный Royal Kenya 25 пакетиков,99.99 
Кофе Черная Карта молотый для чашки 250г,269.99 
Кофе молотый Mr Viet Cafe Dalat 500г,1299.99 
Кофе молотый Montaro Brazil Blend дрип-пакет 8шт,249.99 
Кофе растворимый AGF Luxury 80г,579.99 
Кофе молотый Montaro Americano дрип-пакет 8шт,249.99 
Чай Кертис Деликат Манго 20 пирамидок зеленый,124.99 
Чай зеленый Curtis Hugo Cocktail 20п,124.99 
Чай Richard King's Tea №1 черный 25п,139.99 
Чай черный Greenfield Grand Fruit 25п,134.99 
Чай черный Ahmad Классический 100пакетиков,509.99 
"Чай травяной Greenfield Спирит Матэ 25п*1,5г",134.99 
Чай Lipton Экстра крепкий черный 100пак,379.99 
Чай черный Richard Royal Kenya 100 пакетиков,369.99 
Кофе молотый Montaro Colombia Blend дрип-пакет 8шт,249.99 
Кофе растворимый Ambassador Platinum 95г,489.99 
Кофе зерно Ambassador Platinum 250г,459.99 
Чай черный Curtis Blue Berries Blues 20 пирамидок,124.99 
Чай зеленый Greenfield Quince Ginger 25п,134.99 
Чай зеленый Tess Flirt 25 пакетиков,119.99 
Чай черный Хэйлис крупнолистовой цейлонский 200г,274.99 
Чай Маброк Ночь 1000 Звезд черный 100г,344.99 
Кофе молотый Jardin Vanillia капсулы 10шт,429.99 
Чай зеленый Greenfield Флорал Клауд 25 пакетиков,134.99 
Кофе раств Jewang Империал 50г м/у,149.99 
Кофе молотый Jardin Кафе Эклер 250г м/п,499.99 
Кофе молотый Jardin Ristretto капсулы 10шт,429.99 
Кофе растворимый Maxim 95г,279.99 
Кофе молотый Jardin Vivo капсулы 10шт,429.99 
Кофе Чибо Голд селект растворимый 95г ст/б,269.99 
"Кофе Якобс Монарх растворимый 47,5г ст/б",329.99 
Кофе Чибо Эксклюзив растворимый 75г пакет,219.99 
Кофе Жокей Триумф растворимый 150г пакет,299.99 
Кофе АГФ Бленди Майлд Мокка молотый 7г*8шт Япония,419.99 
Кофе Голд Спешиал Килиманжаро молотый 400г,1049.99 
Кофе ЛЕБО оригинал Арабика жареный в зернах 250г,349.99 
Кофе Чибо Голд селект растворимый 75г пакет,219.99 
Кофе зерновой Живой Мокка 200г,210 
Чай Принцесса Ява эконом зеленый 200г,149.99 
Кофе ЛЕБО экстра Арабика жареный в зернах 250г,150 
Напиток чайный Иван чай с таволгой 15 пирамидок,129.99 
Чай Краснодарский черный байховый 100 пакетиков,180 
Чай Азерчай классический зеленый 25п,119.99 
Кофе Жокей Триумф сублимированный 95г,199.99 
Кофе растворимый UCC Kilimanjaro 90г,529.99 
Чай Гринфилд Жасмин Дрим 100г зеленый,174.99 
Чай черный Акбар крупнолистовой 100г,159.99 
Чай Маброк Классический черный 100 пакетиков,414.99 
Чай Принцесса Ява жасминовый зеленый листовой 100г,109.99 
Чай Кубань черный байховый высший сорт 200г,204.89 
Кофе Арабика растворимый 75г МКП,519.99 
Кофе Коломбо растворимый 75г МКП,379.99 
Кофе Жардин Эспрессо Стайл Дэ Милано молотый 250г,459.99 
Кофе Бленди Майлд Бленд молотый 7г*8 Япония,419.99 
Кофе молотый Blendy AGF дрип-пакет 18шт,769.99 
Напиток чайный Иван чай с липовым цветом 50г лист,169.99 
Кофе Крем растворимый сублимированный 90г стеклянная банка,379.99 
Кофе Чибо Эксклюзив растворимый 95г стеклянная банка,319.99 
Кофе молотый Живой Мокка 200г,210 
"Краснодарский букет чай черный с васильком и мелиссой, 50 грамм",89.99 
Кофе молотый Montaro Kilimanjaro дрип-пакет 8шт,249.99 
"Чай Hyleys ""Английский Королевский купаж"" 25 пакетиков",134.99 
Чай Краснодарский черный байховый шиповник-мелисса-мята-смородина 100г,160 
Кофе Нескафе Голд растворимый 75г пакет,269.99 
"Чай черный листовой Хэйлис Крепкий слон"" (90 грамм)",84.99 
Чай черный Майский Корона Российской Империи крупнолистовой 200 грамм,299.99 
Кофе Московская кофейня на паяхъ Мокко молотый 250г,299.99 
Чай Гринфилд Спринг Мелоди черный листовой 100г,174.99 
Чай Азерчай черный байховый с чабрецом 100г,209.99 
Чай Азерчай букет черный листовой 100г,199.99 
Чай Азерчай бергамот черный листовой 250г,259.99 
Чай Майский чай Отборный 25 пакетиков,84.99 
Чай Принцесса Канди Цейлонский черный 25 пакетиков,54.99 
Чай Принцесса Нури отборный черный 25 пакетиков,69.99 
Чай Golden Victoria черный крупнолистовой индийский 100г,159.99 
Чай Краснодарский Букет черный байховый 50г,89.99 
Чай Краснодарский Букет черный мята и брусника 50г,89.99 
Чай Тесс Плэжа черный шиповник и яблоко 200г,289.99 
Чай Тесс Цейлон 25пакх2г черный,119.99 
Чай Гринфилд Барберри барбарис черный листовой 100г,174.99 
Чай черный Хейлис Английский завтрак 25 пакетиков,114.99 
Чай Гринфилд Флаинг Драгон 100г зеленый лист,149.99 
Кофе Жардин Гватемала Атитлан растворимый 95г,269.99 
Чай Принцесса Гита черный 50 пакетиков,64.99 
Кофе Жардин Кения Килиманджаро растворимый 75г,259.99 
Кофе Нескафе Голд Бариста растворимый 75г,269.99 
Кофе Жардин Колумбия Супремо зерно 250г,569.99 
Кофе Нескафе Классик 95г Нестле,239.99 
Кофе Жокей зерно высший сорт По-восточному 250г,359.99 
Кофе Жокей Классический молотый 250г,259.99 
Кофе Жокей Традиционный  зерно высший сорт 400г,459.99 
Кофе Жардин Американо Крема молотый 250г,459.99 
Кофе Жардин Дессерт Кап 250г молотый,499.99 
Кофе Жокей Фаворит растворимый 95г,229.99 
Чай черный Richard Royal Ceylon 25 пакетиков,99.99 
Чай Азерчай с чабрецом черный байховый 50г (25 пакетиков),149.99 
"Чай ""Принцесса Нури"" цейлонский черный байховый ""Отборный"" 50 пакетиков",139.99 
Чай Golden Victoria классический английский 100 пакетиков,349.99 
"Чай ""АЗЕРЧАЙ"" с бергамотом 50г 25 пакетиков",119.99 
Чай Akbar черный цейлонский 100 пакетиков*2г,289.99 
Кофе Лавацца Квалита Оро молотый 250г в/у,539.99 
Чай Гринфилд Эрл Грей Фэнтази черный 100г,174.99 
Чай Липтон черный 50пак,199.99 
Чай черный Tess Orange со вкусом апельсина 25 пакетиков,119.99 
Чай Краснодарский черный бергамот 25 пакетиков,60 
Кофе молотый Montaro Special Blend дрип-пакет 7г,36.99 
Кофе молотый Montaro Mocha Blend дрип-пакет 7г,29.99 
Кофе растворимый MacCoffee Gold 2г,15.99 
Кофе Маккофе Арабика 2г,15.99 
Кофе Жардин Кения Килиманджаро растворимый 95г стеклянная банка,269.99 
Кофе Маккофе 3в1 оригинал 20г,14.99 
Чай MacTea растворимый малина 16г,13.99 
Чай Хейлис Бордовый черный 100г,169.99 
Чай Липтон Эрл Грэй черный 25 пакетиков,109.99 
Кофе зерновой Paulig Presidentti Gold Label 250г,429.99 
Чай Хейлис Бордовый черный 100 пакетиков,389.99 
Кофе Lavazza Qualita Oro натуральный в зернах 250г,519.99 
Чай Ahmad Английский завтрак черный 100 пакетиков,649.99 
Чай Ахмад Эйрл грей черный 100 пакетиков,599.99 
Чай Гринфилд Лемон Спарк черный 25 пакетиков,134.99 
Чай Гринфилд Рич Цейлон черный 20 пирамидок,149.99 
Чай черный Кертис Изабелла Грейп 20 пирамидок,124.99 
Чай черный Кертис Санни Лемон 20 пирамидок,99.99 
Чай Гринфилд Фестивал Грэйп 25 пакетиков,134.99 
Чай Гринфилд Блюберри Форест черный 20 пирамидок,149.99 
Кофе Жокей Триумф 280г растворимый,619.99 
Чай Липтон зеленый Классик 25 пакетиков,109.99 
Чай Люта Каркаде 20 пакетиков,44.99 
Чай Липтон зеленый листовой мелиса и цедра лимона 20 пакетиков,149.99 
Чай Принцесса Ява зеленый 25 пакетиков,69.99 
Чай Липтон цитрус черный 20 пакетиков,149.99 
Чай Ричард Королевский зеленый 25 пакетиков,139.99 
Чай Гринфилд Жасмин дрим зеленый 25 пакетиков,134.99 
Чай Гринфилд Флаинг Драгон зеленый 25 пакетов,134.99 
Чай Ахмад зеленый 25 пакетиков,189.99 
Чай Гринфилд Флаинг Драгон зеленый листовой 200г,329.99 
Чай Хейлис зеленый Английский 100 пакетиков,389.99 
Чай Липтон цедра мандарин и апельсин 20 пакетиков зеленый,149.99 
Чай Тесс Лайм зеленый 25 пакетиков с добавками,119.99 
Чай Люта Каркаде с шиповником 20 пакетиков,44.99 
Кофе Жокей Арабика молотый для турки 200г,299.99 
Кофе молотый Жокей Ирландские сливки 150г,319.99 
Кофе Jardin Colombia Supremo натуральный жареный молотый 250г,459.99 
"Кофе Жокей Арабика По-восточному тонко молотый, 250г",259.99 
"Кофе Lavazza Crema e Gusto молотый жареный, 250г",389.99 
Кофе в капсулах Nescafe Dolce Gusto Espresso 16шт,639.99 
Кофейные капсулы Нестле Дольче густо капучино 8 порций,639.99 
Кофейные капсулы Нестле Латте Макиато 8 порций,639.99 
Чай Липтон Роял Цейлон 25 пакетиков черный,99.99 
Чай Липтон Тропикал Фрут черный 20 пирамидки,159.99 
Чай Липтон Блю Фрут черный 20 пирамидок,149.99 
Чай Липтон Форест Фрут черный 20 пирамидки,159.99 
Чай Брук Бонд черный 25 пакетиков,69.99 
Чай Индус классический черный 25 пакетиков,64.99 
Чай Принцесса Нури черный с лимоном 20 пирамидок,74.99 
Чай Индус черный высокогорный 25 пакетиков,69.99 
Чай Кертис Трюфель черный 20 пакетиков,99.99 
Чай Golden Victoria отборный цейлонский 25 пакетиков,84.99 
Чай Golden Victoria классический английский 25 пакетиков,99.99 
Чай Голд Бонд Ассам черный 25 пакетиков,49.99 
Чай Акбар 25 пакетиков черный,84.09 
Чай Гринфилд Милки Оолонг зеленый 20 пирамидок,134.99 
Какао Чукка 150г пак МКП,99.99 
Кофе Jardin Dessert Cup зерно 250г,299.99 
Чай цейлонский черный байховый Отборный Принцесса Нури 100 пакетиков,229.99 
Кофе растворимый Жардин Колумбия Меделлин 75г,259.99 
Кофе растворимый Жокей Фаворит 150г пакет,299.99 
Кофе молотый Жокей Италиано 250г пакет,359.99 
Чай черный Golden Victoria традиционный Индийский 100 пакетиков,319.99 
Чай черный со вкусом барбариса Гринфилд Барберри гарден 25 пакетиков,134.99 
Кофе зерновой Jardin Espresso Di Milano 250г,299.99 
Чай черный Richard Royal English Вreakfast 100пак,369.99 
Кофе растворимый 75г пакет Суаре МКП,289.99 
Чай Тесс Плежа черный с добавками  25 пакетиков,119.99 
Чай Хейлис Бордовый черный 500г,714.99 
Чай черный Липтон Инглиш Бреакфаск 100 пакетиков,379.99 
Чай Принцесса ЯВА Каркадэ 25 пакетиков,59.99 
Чай Принцесса Гита Индия черный с ярлычками  25 пакетиков,45.99 
Чай Принцесса Нури черный лесные ягоды 25 пакетиков,79.99 
"Чай зеленый Tess Pina Colada (Пина Колада) 20 пирамидок по 1,8г",114.99 
"Чай зеленый Tess Ginger Mojito (Имбирный Мохито) 20 пирамидок*1,8г",114.99 
Кофе Maccoffee 3в1 Max классический 16г,19.99 
MacTea напиток чайный с лимоном 18г,13.99 
Горячий шоколад MacChocolate лента 50х20г,16.99 
Чай черный с чабрецом 25 пакетиков Гринфилд Спринг Мелоди,134.99 
Чай Гринфилд Голд Цейлон черный 25 пакетиков,119.99 
Чай черный Принцесса Гита Индия с ярлыком 100 пакетов,179.99 
Чай Лисма черный Насыщенный 100 пакетиков,219.99 
Чай черный листовой Азерчай Букет 200г,389.99 
Чай Майский Отборный черный 100 пакетиков*2г,259.99 
Чай черный крупнолистовой Азерчай Букет 200г картонная упаковка,399.99 
Кофе растворимый 3 в 1 Маккофе Оригинал 200г 10 пакетиков*20г,139.99 
Чай Ахмад Английский завтрак черный 25 пакетиков,149.99 
Чай Гринфилд Грин Мелисса зеленый 25 пакетиков,134.99 
Кофе растворимый 3в1 Маккофе Стронг 16г,14.99 
Чай черный с бергамотом Азерчай 100 пакетиков,409.99 
Чай Golden Victoria отборный цейлонский 100 пакетиков,349.99 
Чай черный Азерчай Букет 25 пакетиков в конверте,159.99 
Кофе растворимый Egoiste Extra Original 100г,959.99 
Чай черный байховый Бергамот и лимон 25п Ричард Лорд Грей,99.99 
Набор чая Tess 12 вкусов 60 пакетиков,469.99 
Кофе растворимый натуральный сублимированный 75г пакет Жокей Триумф,199.99 
Кофе 3 в1 Макс крепкий Маккофе 16г,19.99 
Чай Хэйлис Крепкий слон черный 100пак ярлык,189.99 
Чай Лисма Крепкий 100 пакетиков черный,169.99 
Капучино Торабика с шоколадной крошкой 25г,22.99 
Какао-порошок Золотой ярлык 100г,109.99 
Чай Гринфилд голден Цейлон черный листовой 100г,174.99 
"Кофе Якобс Монарх растворимый 75г, пакет",349.99 
Кофе Классический молотый 450г Жокей,629.99 
Чай со вкусом и ароматом малины 25 пакетиков Гринфилд Саммер Боукет,134.99 
"Чай ""Английский завтрак"" 100 пакетиков, черный, Хейлис",469.99 
Кофе растворимый Jacobs Monarch 95г,299 
Кофе растворимый 75г Черная Карта Голд,269.99 
Чай Принцесса Нури высокогорный черный 50пак,139.99 
Какао Российский 100г Нестле,149.99 
Чай Индус классический черный 100 пакетиков,259.99 
Чай Гринфилд ФлаингДрагон зеленый 100пх2г,399.99 
Кофе растворимый Egoiste Special 100г,799.98 
Кофе растворимый Арабика МКП 95г,659.99 
Чай Хейлис Цейлонский крупнолистовой 250г черный,324.99 
Чай Хейлис Цейлонский черный крупнолистовой 100г,139.99 
Кофе растворимый UCC Коллекция №114 90г,599.99 
Чай 100 пакетиков черный Азерчай Букет,399.99 
Чай черный 25 пакетиков Липтон,109.99 
Кофе 100г растворимый мягкая упаковка Кафе Крим,329.99 
Кофе растворимый Today Pure Arabica 150г,529.99 
Чай черный высокогорный Принцесса Нури 25 пакетиков с ярлыками,69.99 
Кофе Jardin Kenya Kilimandjaro растворимый сублимированный 150г,479.99 
Кофе Жокей в зернах Классический 500г,469.99 
Чай Индус черный высокогорный 100 пакетиков,229.99 
"Чай Hyleys ""Английский королевский купаж"" черный 100 пак",509.99 
Чай черный крупнолистовой Букет картонная упаковка Азерчай 400г,759.99 
Чай черный Golden Victoria традиционный Индийский 25 пакетиков,89.99 
Кофе растворимый UCC Коллекция №117 70г,629.99 
Чай Принцесса Нури высокогорный черный 100пак,219.99 
Кофе Жардин Колумбия Меделлин растворимый сублимированный 150г,479.99 
Чай Greenfield Golden Ceylon черный 100 пакетиков,399.99 
Чай Гринфилд Голден Цейлон черный листовой 200г,329.99 
Кофе Жардин Гватемала Атитлан растворимый сублимированный 150г,369.99 
Чай Голд Бонд Ассам черный 100 пакетиков,209.99 
Чай Липтон черный 100 пакетиков,419.99 
Кофе растворимый Maxim Original 150г,379.99 
Кофе растворимый Maxim Original 50г,149.99 
Чай черный с ароматом бергамота 100 пакетиков Гринфилд Эрл Грей Фэнтази,399.99 
