Жмяка Мишка в розах со светом 8см,249.99 
"Биолакт Тема 3,0% 206г клубника/банан",69.99 
Пюре Heinz фруктовый салатик 90г,54.99 
Пюре Heinz наливное яблочко 90г,54.99 
Смесь Nutrilon Premium 1 с 0мес кисломолочный 350г,649.98 
Смесь Nutrilon Premium 2 с 6мес кисломолочный 350г,649.98 
Пюре яблоко/малина/черника Будь здоров АВС 280г,59.98 
Пюре яблоко/облепиха Будь здоров АВС 280г,59.98 
Батончик Фрутилад KIDS груша 25г,49.98 
Батончик Фрутилад KIDS банан/яблоко/морковь 25г,49.98 
Батончик Фрутилад KIDS яблоко/черника 25г,49.98 
Пюре Фруто няня яблоко/банан/груша/злаки 90г,68.98 
Пюре Фруто няня яблоко/персик/злаки 90г,68.98 
Напиток молочный сухой Nestogen 4 с 18мес 900г,949.98 
Пена для ванны Луня Лесные ягоды 250мл,189.98 
Гель для купания Луня 250мл,229.98 
Шампунь Лёля 250мл,289.98 
Пена для ванны Лёля 250мл,289.98 
Салфетки влажные Солнце и Луна ECO алоэ/пантенол 15шт,47.98 
"Напиток Фруто няня Зимние каникулы 0,5л",77.98 
"Напиток Фруто няня Зимние каникулы 0,2л",44.98 
Каша ФрутоНяня молочная 5 злаков клубника-банан 200мл,54.98 
Пюре Heinz рис и курица 90г,94.98 
Пюре Heinz макарошки и говядина 90г,94.98 
Когда Я вырасту Печенье детское обогащённое железом с витаминами и минералами 150 г,74.98 
Молочная смесь Nan Optipro 3 с 12 месяцев 1050г,1899.98 
Трусики Joonies Premium Soft XL 12-17кг 38шт,1399.98 
Трусики Joonies Premium Soft M 6-11кг 56шт,1399.98 
Трусики Joonies Premium Soft L 9-14кг 44шт,1399.98 
Подгузники Joonies S Premium Soft 3-6кг 64шт,1399.98 
Пена для ванны Солнце и Луна 500мл,274.98 
Пюре Фруто Няня яблоко манго 100г,59.98 
Пюре Егор Иваныч Кролик 80г,97.98 
Пюре Егор Иваныч Треска с овощами 80г,69.98 
Пюре Егор Иваныч Овощной салатик 80г,49.98 
Пюре Егор Иваныч Треска 80г,84.98 
Пюре Егор Иваныч Тыква 80г,49.98 
Пюре Егор Иваныч Морковь 80г,49.98 
Пюре Егор Иваныч Цветная капуста 80г,54.98 
Пюре Егор Иваныч Цыпленок 80г,74.98 
Пюре Егор Иваныч Брокколи 80г,54.98 
Пюре Егор Иваныч Кабачок 80г,49.98 
Пюре Фруто Няня овощной суп цыпленок 190г,129.98 
Пюре Фруто Няня картофель овощи индейка 190г,129.98 
Пюре Фруто Няня овощи рис говядина 190г,129.98 
Пюре Фруто Няня картофель морковь цыпленок 190г,129.98 
Пюре Егор Иваныч Говядина 80г,79.98 
Пюре Егор Иваныч Индейка 80г,79.98 
Каша готовая Фруто няня злаки яблоко банан 200г,54.98 
Пюре Егор Иваныч Индейка рис овощи 80г,64.98 
Пюре Егор Иваныч Цыпленок овощи 80г,64.98 
Лимонад Фруто няня яблоко рябина апельсин мята 130мл,54.98 
Лимонад Фрутояня яблоко банан клубника базилик 130мл,54.98 
Лимонад ФрутоНяня яблоко банан лимон манго 130мл,54.98 
"Помада гигиеническая детская Умка 2,8г",104.98 
Крем детский Умка защита от мороза 75мл,99.98 
Игрушка антистресс Pop tubes 20см,169.99 
"Игрушка антистресс Снапперз 6,5см",49.99 
"Игрушка антистресс POP IT 12,5см",49.99 
Игрушка антистресс POP IT Единорог/Дино,49.99 
Челлендж-раскраска Проф-Пресс,149.99 
Зубная щетка Paw Patrol ротацион/2 насадки 3+,679.98 
Крем детский Enchantimals Алоэ-Вера 75мл,99.98 
Гель для душа Enchantimals Тутти-Фрутти 250мл,114.98 
Крем детский Оранжевая корова Пантенол 75мл,99.98 
Пена для ванны Enchantimal Клубника 250мл,114.98 
Соль для ванн детская Три кота с сюрпризом 600г,199.98 
Вафли Bitey вишня/свекла 35г,74.98 
Пюре Когда Я вырасту яблоко/манго/киви/апельсин 180г,84.98 
Пюре Когда Я вырасту яблоко/манго/ананас 180г,84.98 
Чай Когда Я вырасту малина/шиповник 85г,144.98 
Смесь Nan Optipro 2 гипоаллергенная 800г,1649.98 
Смесь Nan Optipro 1 гипоаллергенная с 0 месяцев 800г,1649.98 
Каша Nestle молочная овсяная/яблоко 220г,224.98 
Игра Взрывная картошка,80 
Палочки ватные с ограничителем Рoppet 60шт,74.89 
Пюре ФрутоНяня телятина с овощами 100г,89.98 
Гель-пена Умка для купания младенцов 250мл,229.98 
Зубная паста Умка ромашка/кальций/витамин Е 2-6лет 100г,149.98 
Гель-шампунь Умка от макушки до пяточек 200мл,229.98 
Шампунь Умка ромашка/череда 250мл,229.98 
Батончик Bitey овсяный яблоко/банан с 3х лет 30г,59.98 
"Печенье Bitey безглютеновое брокколи с 1,5 лет 125",134.98 
Батончик Bitey яблоко/вишня с 2х лет 25г,59.98 
Батончик Bitey овсяный яблоко/клубника с 3х лет 30г,59.98 
"Печенье Bitey безглютеновое клубника с 1,5лет 125г",134.98 
Батончик Bitey яблоко/малина с 2х лет 25г,59.98 
"Печенье Bitey безглютеновое свекла с 1,5 лет 125г",134.98 
"Печенье Bitey безглютеновое банан с 1,5 лет 125г",134.98 
Батончик Bitey овсяный черная смородина с 3х лет 30г,59.98 
Батончик Bitey яблоко/банан с 2х лет 25г,59.98 
Трусики Merries Good Skin M 7-12кг 50шт,1249.99 
Трусики Merries Good Skin L 9-14кг 44шт,1249.99 
Трусики Merries Good Skin XL 12-19кг 38шт,1249.99 
Хлебцы рисовые ФрутоНяня яблоко 30г,59.98 
Хлебцы рисовые ФрутоНяня яблоко/персик 30г,59.98 
Хлебцы рисовые ФрутоНяня яблоко/клубника/банан 30г,59.98 
Печенье ФрутоНяня овсяное 50г,47.98 
Каша Hipp молочная 5 злаков/слива/пребиотики 250г,379.98 
Печенье ФрутоНяня мультизлаковое 50г,47.98 
Пюре ФрутоKids красный микс 90г,69.98 
Пюре ФрутоKids зеленый микс 90г,69.98 
Пюре ФрутоKids оранжевый микс 90г,69.98 
Пюре Hipp картошка 80г,89.98 
Пюре ФрутоНяня горбуша/овощи 100г,99.98 
Пюре ФрутоKids желтый микс 90г,69.98 
Печенье ФрутоНяня пшеничное земляника 50г,47.98 
Чай Hipp анис/фенхель/тмин для кормящих матерей 200г,424.98 
Фруктовые кусочки ФрутоНяня яблоко/малина/ежевика/хрустящий рис 42г,164.98 
Палочки кукурузные ФрутоНяня яблоко/клубника 20г,59.98 
Палочки кукурузные ФрутоНяня яблоко/морковь 20г,59.98 
Палочки кукурузные ФрутоНяня яблоко/банан 20г,59.98 
Фруктовые кусочки ФрутоНяня яблоко/манго/хрустящий рис 42г,164.98 
Шампунь Mini Me легкое расчесывание 500мл,149.98 
Шампунь гель пена Mini Me 3 в 1 500мл,149.98 
Гель-пенка Mini Me 500мл,149.98 
"Вода Святой Источник Той Боттл детская негазированная 0,33л",34.98 
Смесь Nan Optipro 1 с рождения 1050г,1149.98 
Настольная игра Кто есть кто PlayLand,586.87 
Фанты для веселой компании PlayLand,368.86 
Квест для малышей 3+ в ассортименте,199.99 
Мялка-жмялка с сюрпризом GenioKids,149.99 
Мялка-жмялка зефирная GenioKids,349.99 
Печенье Когда Я вырасту груша/карамель 60г,44.98 
Печенье Когда Я вырасту классическое 35г,34.98 
Пюре Когда Я вырасту яблоко/ваниль 220г,88.98 
Каша молочная Когда Я Вырасту рис/кукуруза/банан 200г,169.98 
Печенье Когда Я вырасту тыква 60г,44.98 
Чай Когда Я вырасту Сильный иммунитет 85г,144.98 
Чай Когда Я вырасту Спокойный животик 85г,144.98 
Чай Когда Я вырасту Спокойной ночи 85г,144.98 
Пюре Gerber телятина 80г,194.98 
Пюре Gerber лакомство по-итальянски 190г,199.98 
Пюре Gerber рагу кролик/брокколи 190г,199.98 
Пюре Gerber говядина 80г,194.98 
Пюре Gerber говядина по-домашнему/морковь 190г,199.98 
Смесь Similac Classic 4 с 18 месяцев 600г,629.98 
Крем-мыло детское Bebble 0+ 75г,89.98 
Коврики для ванны Canpol Цветной океан 5шт,679.98 
Пустышка Canpol круглая/латекс Animals 6-18 месяцев,289.98 
Пустышка Canpol анатомическая/латекс Basic 6-18 месяцев,174.98 
Пустышка Canpol круглая/латекс Animals 0-6 месяцев,289.98 
Пустышка Canpol симметричная Owl с 18 месяцев,339.98 
Квест для детей 6+ в ассортименте,199.99 
Подгузники Moony S 4-8кг 81шт,1999.98 
Подгузники Moony NB до 5кг 90шт,1999.98 
Краска мыльная Алиса малиновая 75мл,79.98 
Краска мыльная Алиса желтая 75мл,79.98 
Краска мыльная Алиса зеленая 75мл,79.98 
Заводная Игрушка Рыба/Конек/Бегемот,149.99 
Каша Fleur Alpine без молока Пшеничная с 5 месяцев 175г,309.98 
Каша Fleur Alpine без молока 3 Злака с 5 месяцев 175г,309.98 
Каша Fleur Alpine без молока Пшенично-овсяная с 10 месяцев 175г,389.98 
Пюре Hipp яблоко 80г,89.98 
Вкладыши для груди Yokosun 30шт,229.99 
Пюре Nestle чернослив 90г,59.99 
Пюре Nestle яблоко 90г,59.99 
Пюре Nestle груша/яблоко 90г,59.99 
Пюре Gerber кролик 80г,194.98 
Пюре Gerber индейка 80г,194.98 
Снеки Gerber Organic банан/малина 35г,214.98 
Снеки Gerber Organic томат/морковь 35г,214.98 
Пена для ванны Солнце и Луна меняющая цвет 500мл,274.98 
Пюре ФрутоНяня яблоко/земляника/ежевика/печенье 90г,68.98 
Пюре ФрутоНяня Шарлотка яблоко/печенье 90г,68.98 
Трусики YokoSun XXL 15-23кг 28шт,1129.99 
Слайм тайм Набор Сделай слайм с фигуркой Русалочки 1toy,149.99 
Трусики Joonies Comfort XXL 15-20кг 28шт,1099.98 
Трусики Joonies Comfort M 6-11кг 54шт,1099.98 
Трусики Joonies Comfort L 9-14 кг 44шт,1099.98 
Трусики Joonies Comfort XL 12-17кг 38шт,1099.98 
Пюре Heinz яблоко/клубника/красная смородина 90г,79.98 
Пюре Heinz яблоко/клубника/черника 90г,79.98 
Пюре Heinz сливочная курочка/овощи 90г,94.98 
Пюре Heinz сочное рагу из говядины 90г,94.98 
Пюре Heinz нежное соте из индейки 90г,94.98 
Пюре Heinz яблоко/абрикос/облепиха 90г,79.98 
Пюре Растишка яблоко/банан/творог/сливки 85г,64.98 
Пюре Растишка Фруктовый смусси 85г,64.98 
Пюре Heinz спелая груша 80г,59.98 
Пюре Растишка груша/яблоко 85г,64.98 
Пюре Heinz сочное яблочко 80г,59.98 
Каша ФрутоНяня безмолочная гречневая/яблоко/персик 200г,179.98 
Каша ФрутоНяня безмолочная мультизлаковая/яблоко/малина 200г,179.98 
Трусики Pampers Pants 2 от 4-8кг 72шт,1898.98 
Пена для ванны AQA baby с лавандой 400мл,249.98 
Крем-гель для купания AQA baby 250мл,229.98 
Гель для подмывания AQA baby для мальчиков 250мл,229.98 
Пенка для подмывания AQA baby для девочек 250мл,314.98 
Травяной сбор AQA baby сладкий сон 400мл,298.98 
Шампунь/гель AQAbaby Kids с морскими минералами 250мл,184.98 
Шампунь Lion Kodomo Ромашка 200мл,189.98 
Средство для купания Lion Kodomo 400мл,469.98 
"Сок ФрутоKids мультифрукт 0,2л",47.98 
Подгузники Bella Baby Happy 5 12-25кг 10шт,219.98 
Пеленки впитывающие для детей Bella baby Happу 60х90 5шт,179.98 
"Сок Сады Придонья осветленный яблоко 0,5л",49.98 
Фруктовые кусочки ФрутоНяня яблоко/банан/рис 12г,49.98 
Пюре ФрутоНяня яблоко/манго/йогурт 90г,68.98 
Пюре ФрутоНяня яблоко/груша/банан/персик/йогурт 90г,68.98 
Фруктовые кусочки ФрутоНяня яблоко/малина/рис 12г,49.98 
Батончик ФрутоНяня яблоко/банан/клубника/злаки 25г,47.98 
Батончик ФрутоНяня яблоко/персик/малина/злаки 25г,47.98 
Пюре ФрутоНяня банан/йогурт/печенье 250г,89.98 
Батончик ФрутоНяня яблоко/банан/груша/злаки 25г,47.98 
Пеленки впитывающие для детей Bella baby Happу 60х60 30шт,679.98 
Пеленки впитывающие для детей Bella baby Happу 60х90 10шт,349.98 
Шампунь-гель Гонки 300мл,164.98 
Шампунь-гель Гадкий Я 250мл,149.98 
Шампунь Гадкий Я Ягодный микс 250мл,149.98 
Шампунь Гадкий Я Банан 250мл,149.98 
Гель для душа Гонки 300мл,164.98 
Шампунь Гадкий Я 2в1 250мл,149.98 
"Сок Сады Придонья яблоко/груша с мякотью 0,5л",49.98 
"Сок Сады Придонья яблоко/банан с мякотью 0,5л",49.98 
Вода с соком ФрутоНяня яблоко 130мл,49.98 
Кисель овсяный ФрутоНяня яблоко/манго/персик 130г,47.98 
Вода с соком ФрутоНяня яблоко/рябина/малина 130мл,49.98 
Вода с соком ФрутоНяня яблоко/рябина/черная смородина 130мл,49.98 
Смесь Nan Тройной Комфорт с 0 месяцев 800г,1749.98 
Игра Ассоциации-цепочкой РыжийКот,199.99 
Игра-Ходилка для мальчиков в ассортименте РыжийКот,99.99 
Подгузники YokoSun Premium NB 0-6кг 36шт,649.99 
Пюре Nestle персик 90г,59.99 
Пюре Nestle груша 90г,59.99 
Каша ФрутоНяня молочная гречневая 500г,89.98 
Подгузники Kioshi S 3-6кг 62шт,1099.98 
Подгузники Kioshi M 6-11кг 54шт,1099.98 
Подгузники Kioshi L 9-14кг 42шт,1099.98 
Пена для ванны LION Kodomo Природная мягкость 1000мл,999.98 
Пена для ванны LION Kodomo Нежность Ромашки 200мл,179.98 
Пюре Мясли цыпленок 80г,79.98 
Пюре Мясли индейка 80г,79.98 
Пюре Мясли говядина 80г,79.98 
Пюре ФрутоНяня хек 80г,129.98 
Пюре ФрутоНяня хек/картофель/зелень 100г,109.98 
Пюре Бабушкино лукошко кабачок/брокколи/картофель 100г,59.98 
Шар Крутой замес 4см 1Toy,149.99 
Салфетки влажные Poppet 64шт,119.98 
Салфетки влажные Poppet 15шт,49.99 
Каша Nestle молочная мультизлаковая яблоко/черника/малина 220г,224.98 
Трусики YokoSun Eco XXL 15-23кг 32шт,949.99 
Трусики YokoSun Eco M 6-10кг 48шт,949.99 
Трусики YokoSun Eco XXXL 20-30кг 24шт,949.99 
Трусики YokoSun Eco XL 12-20кг 38шт,949.99 
Трусики YokoSun Eco L 9-14кг 44шт,949.99 
Смесь Nestogen 3 с 12 месяцев 300г,449.98 
Пюре Nestle яблоко/банан 90г,59.99 
Пюре Nestle яблоко/персик 90г,59.99 
Пюре Nestle яблоко/клубника 90г,59.99 
Бутылочка Canpol с широким горлом антиколиковая 0+ белая 120мл,549.98 
Гель Johnson's baby 300мл,358.98 
Смесь Nestogen 3 с 12 месяцев 600г,699.98 
Смесь Nestogen 4 с 18 месяцев 600г,679.98 
Зубная щетка Splat Junior с 4-х лет,174.98 
Трусики Manuoki XXL 15+кг 36шт,1299.98 
Трусики Kioshi L 10-14кг 42шт,1099.98 
Трусики Kioshi XL 12-18кг 36шт,1099.98 
Трусики Kioshi M 6-11кг 52шт,1099.98 
Трусики Kioshi XXL 16+ 34шт,1099.98 
Пюре Сады Придонья кабачок 80г,31.98 
Пюре Сады Придонья кабачок 125г,28.98 
Пюре Сады Придонья цветная капуста 80г,30.97 
"Сок Сады Придонья зеленое яблоко осветленный 0,2л",44.98 
Пюре Сады Придонья тыква 125г,28.98 
Смесь Nestogen 1 с 0 месяцев 600г,649.98 
Смесь Nestogen 2 с 6 месяцев 600г,649.98 
Смесь Nestogen 4 с 18 месяцев 300г,449.98 
Пюре Сады Придонья груша 125г,31.98 
Пюре Сады Придонья банан 125г,31.98 
Пюре Сады Придонья чернослив 80г,41.98 
Пюре Сады Придонья банан 80г,37.98 
Пюре Сады Придонья яблоко/сливки 125г,31.98 
"Нектар Сады Придонья тыква с мякотью 0,2л",44.98 
Пюре Сады Придонья яблоко 80г,33.98 
"Нектар Сады Придонья морковь с мякотью 0,2л",44.98 
Грабли Большие 21см Нордпласт,98.86 
Пюре Heinz манго/творог 90г,79.98 
Пюре Heinz банан/печенье/сливки 90г,79.98 
Батончик Агуша яблоко/банан 15г,49.98 
Батончик Агуша яблоко/клубника/злаки 15г,49.98 
"Каша стерилизованная Агуша 2,5% пшеница/яблоко 200мл",66.98 
Каша Gerber безмолочная овсяная тыква/абрикос с 5 месяцев 180г,309.98 
Мыло детское Невская Косметика антибактериальное 90г,39.98 
Каша Gerber безмолочная мультизлаковая яблоко/чернослив с 6 месяцев 180г,309.98 
Каша Gerber безмолочная овсяная с 5 месяцев 180г,309.98 
Каша Nutrilon молочная рисовая банан/яблоко с 6 месяцев 200г,249.98 
Каша Gerber безмолочная гречневая с 4 месяцев 180г,309.98 
Каша Nutrilon молочная гречневая с яблоком с 6 месяцев 200г,249.98 
Зубная паста Lion Kodomo Клубника с 6 месяцев 80г,159.98 
Присыпка детская Bubchen 100г,289.98 
Набор формочек Пирожные 3шт Нордпласт,98.86 
Соска Canpol анатомическая/антиколиковая/силиконовая/средний поток 2шт,309.98 
"Вода Святой Источник Светлячок детская негазированная 0,33л",31.98 
Пюре Бабушкино лукошко кабачок/молоко 100г,54.98 
"Вода Святой Источник Светлячок детская негазированная 1,5л",54.98 
Салфетки влажные детские SeiYo с витамином Е и алоэ 120шт,79.99 
Трусики Poppet ХL 12-17кг 38шт,1199.89 
Салфетки влажные Ушастый нянь очищающие 80шт,169.98 
Смесь Nestogen 1 с 0 месяцев 1050г,949.99 
Молочко детское Little Siberica 250мл,284.98 
Бальзам детcкий Little Siberica легкое расчесывание 250мл,324.98 
Суп-пюре Бабушкино лукошко брокколи/индейка 190г,129.98 
Пюре Бабушкино лукошко рагу/чечевица/индейка 190г,129.98 
Смесь Nestogen 2 с 6 месяцев 1050г,999.98 
Пюре Бабушкино лукошко рагу/рис/индейка 190г,129.98 
Пюре Gerber груши Вильямс 80г,99.98 
Пюре Gerber Солнечный коктейль яблоко/морковь/манго 90г,114.98 
Пюре Gerber морковь 80г,99.98 
Трусики YokoSun L 9-14кг 1шт,39.99 
Трусики YokoSun M 6-10кг 1шт,39.99 
Трусики YokoSun XL 12-20кг 1шт,39.99 
Трусики Poppet М 6-11кг 52шт,1199.89 
Трусики Poppet L 9-14 кг 44шт,1199.89 
Шампунь Солнце и Луна Neo baby 300мл,244.98 
Шампунь-гель детcкий My Friend банан 1+ 250мл,249.98 
Шампунь-гель детский My Friend клубника 1+ 250мл,249.98 
Подгузники Haggies Elite Soft 1 3-5кг 25шт,629.98 
Молочко детское для тела Bebble 0+ 200мл,198.97 
Средство для купания Солнце и Луна Neo baby 300мл,244.98 
Пенка для купания и подмывания Солнце и Луна Neo baby 300мл,274.98 
Подушечки ватные для новорожденных Солнце и Луна 50шт,274.98 
Пюре ФрутоНяня цыпленок/говядина 80г,89.98 
Каша Heinz молочная рисовая абрикос-чернослив 170г,149.99 
Каша Heinz молочная овсяная банан-яблоко-земляника 170г,149.99 
Каша Heinz молочная кукурузная тыква-чернослив-морковь 170г,149.99 
Каша Heinz молочная гречневая с грушей/абрикосом/черной смородиной 170г,149.99 
Каша Heinz молочная многозерновая яблоко/вишня 170г,149.99 
Каша Heinz молочная овсяная яблоко-черника-черная смородина 170г,149.99 
Каша Heinz молочная многозерновая банан/малина 170г,149.99 
Смесь Similac гипоаллергенный 2 с 6 месяцев 375г,949.98 
Подгузники Huggies Elite Soft 2 4-6кг 25шт,629.98 
Смесь Kabrita 3 Gold с 12 месяцев 800г,4129.98 
Смесь Kabrita 1 Gold с 0 месяцев 800г,4129.98 
Смесь Kabrita 2 Gold с 6 месяцев 800г,4129.98 
Трусики Merries XL 12-22кг 24шт,1129.99 
Трусики Merries L 9-14кг 27шт,1129.99 
Трусики Merries M 6-10кг 33шт,1129.99 
Напиток молочный сухой Nutrilak Premium 3 с 12 месяцев 600г,499.97 
Смесь Nutrilak Premium 1 с 0 месяцев 600г,499.97 
Пюре Тема цыпленок/кролик 100г,99.98 
"Вода Славда детская негазированная 1,5л",49.97 
Пюре Тема цыпленок 100г,79.98 
Смесь Similac Gold 4 с 18 месяцев 400г,699.98 
Каша Nutrilon безмолочная мультизлаковая с 6 месяцев 180г,249.98 
Каша Nutrilon безмолочная кукурузная с 5 месяцев 180г,249.98 
Каша готовая Heinz молочная многозерновая липа-ромашка c 6 месяцев 200г,54.99 
Каша готовая Heinz молочная овсяная с бананом с 6 месяцев 200г,54.99 
Каша готовая Heinz молочная многозерновая банан-малина с 6 месяцев 200г,54.99 
Исследовательский набор Скелет человека,599.99 
Массажер для десен ПОМА 4+,189.98 
Жевалка детская Вкусняшка со сменной сеткой ПОМА 4+,499.98 
Сетка сменная для жевалки Вкусняшка 3шт ПОМА 4+,199.98 
Контейнер для сосок-пустышек ПОМА 0+,199.98 
Смесь Similac Classic 2 с 6 месяцев 300г,349.98 
Смесь Similac Classic 3 с 12 месяцев 300г,344.98 
Смесь Similac гипоаллергенный 1 с 0 месяцев 375г,949.98 
Пюре Сады Придонья яблоко/груша/слива 125г,22.98 
"Пюре Gerber 4 фрукта яблоко,банан,груша,апельсин c 6 месяцев 90г",114.98 
Пюре Heinz овощной микс 120г,94.98 
Пюре ФрутоНяня творог-яблоко-малина 90г,68.98 
Паштет ФрутоНяня говядина и печень 80г,109.98 
Паштет ФрутоНяня индейка и печень 80г,109.98 
Пюре Бабушкино лукошко говядина и гречка 100г,69.98 
Продукт PediaSure Малоежка шоколад 400г,894.98 
Продукт PediaSure Малоежка клубника 400г,894.98 
Продукт PediaSure Малоежка ваниль 400г,894.98 
Каша Heinz молочная рисовая с Омега 3 с 4 месяцев 200г,269.98 
Каша Heinz молочная пшеничная с тыквой 200г,269.98 
Каша Heinz безмолочная гречневая цельнозерновая с 4 месяцев 180г,256.98 
Каша Heinz безмолочная рисовая цельнозерновая с 4 месяцев 180г,256.98 
Бутылочка для кормления Мечта 250мл ПОМА 6+,229.98 
Бутылочка для кормления Мечта 125мл ПОМА 0+,174.98 
Шампунь-бальзам Алиса 350мл,169.98 
Подгузники Pampers Premium Care 2 4-8кг 66шт,1749.98 
Зубная паста ROCS Junior Фруктовая радуга 6-12 лет 74мл,254.98 
Шампунь детский Johnson's baby Блестящие локоны 500мл,429.98 
Шампунь детский Johnson's baby Сильные локоны 300мл,329.98 
Мыло жидкое Алиса Фруктовый микс 300мл,119.98 
Молочко детское Johnson's baby Нежность хлопка 200мл,369.98 
Зубная щетка-прорезыватель Angry Birds мягкая,119.98 
Крем детский Солнце и Луна с Д-пантенолом 75мл,209.98 
Пена для ванны Алиса Клубничное настроение 350мл,169.98 
Средство для купания Алиса 3в1 350мл,169.98 
Крем-гель для душа Алиса Фруктовый микс 350мл,169.98 
Мусс-пена Kidmetics розовая 200мл,159.98 
Мусс-пена Kidmetics голубая 200мл,159.98 
Мусс-пена Kidmetics желтая 200мл,159.98 
Пюре Сады Придонья яблоко/вишня 125г,22.98 
Пюре Heinz яблоко-сливки 90г,79.98 
Пюре Heinz яблоко-персик-сливки 90г,79.98 
Пюре Бабушкино лукошко яблоко-банан-творог 90г,68.98 
Пюре Heinz телятинка по-деревенски 120г,129.98 
Сок Сады Придонья яблоко/груша с мякотью 200мл,28.98 
Каша Heinz молочная овсяная с Омега 3 с 5 месяцев 200г,269.98 
Сок Сады Придонья яблоко/ананас 200мл,28.98 
Сок Сады Придонья яблоко-шиповник 200мл,28.98 
Каша Heinz молочная гречневая с Омега 3 с 4 месяцев 200г,269.98 
Каша Малютка безмолочная рисовая с 4 месяцев 200г,114.98 
Каша Heinz безмолочная пшеничная цельнозерновая с 5 месяцев 180г,256.98 
Каша ФрутоНяня молочная йогуртная 5 злаков груша/банан 200г,54.98 
Каша ФрутоНяня молочно-овсяная йогуртная с яблоком-малиной-черникой 200г,54.98 
Каша ФрутоНяня молочная 5 злаков-клубника-банан 500г,89.98 
Каша ФрутоНяня молочная рисовая яблоко-груша 500г,89.98 
Смесь Similac Gold 3 c 12 мecяцев 400г,699.98 
Трусики Huggies для девочек 6 16-22кг 44шт,1849.98 
Пеленки впитывающие для детей Yokosun 60х90 10шт,389.98 
Зубная щетка Aquafresh Мой первый зубик 0-2 года мягкая,149.98 
Смесь Similac Classic 1 с рождения 600г,579.98 
Смесь Similac Classic 2 с 6 месяцев 600г,599.98 
Смесь Similac Classic 3 с 12 месяцев 600г,629.98 
Каша Nestle молочная овсяная с 5 месяцев 220г,224.98 
"Компот ФрутоНяня яблоко-изюм-курага 0,5л",77.98 
Каша Heinz молочная овсяная с бананом с 6 месяцев 200г,269.98 
Каша Heinz молочная кукурузная с Омега 3 с 5 месяцев 200г,269.98 
Каша Heinz молочная 5 злаков с яблоком и бананом с 6 месяцев 200г,269.98 
Каша Heinz молочная овсяная с персиком с Омега 3 с 6 месяцев 200г,269.98 
Каша Nestle безмолочная гречневая с 4 месяцев 200г,174.98 
"Вода Славда детская негазированная 0,5л",33.97 
Смесь Similac Gold 3 c 12 мecяцев 800г,1249.98 
Фруктовые кусочки ФрутоНяня Осьминожки яблоко-малина 16г,69.98 
Фруктовые кусочки ФрутоНяня Осьминожки яблоко-клубника 16г,69.98 
Смесь Nutrilon Комфорт 2 с 6 месяцев 800г,1499.98 
Зубная щетка Oral-B Kids Тачки/Принцессы 3+,229.98 
Трусики Pampers Premium Care Pants 5 12-17кг 34шт,2189.98 
Жевалка детская Вкусняшка с насадками 2шт ПОМА 4+,499.98 
Смесь Simillac Gold 2 с 6 месяцев 800г,949.98 
Каша Nestle молочная гречневая с 4 месяцев 220г,229.98 
Каша Nestle молочная мультизлаковая груша-персик с 6 месяцев 220г,224.98 
Каша Nutrilon безмолочная гречневая с 6 месяцев 180г,249.98 
Каша готовая Heinz молочная 5 злаков Омега 3 с 6 месяцев 200г,54.99 
Пюре Heinz рагу из овощей с индейкой 120г,129.98 
Каша Heinz безмолочная пшенично-кукурузная с тыквой 200г,199.98 
Каша Heinz безмолочная овсяная цельнозерновая с 5 месяцев 180г,256.98 
Каша Nestle Шагайка молочная 5 злаков земляника/малина/яблоко 200г,239.98 
Каша Nestle Шагайка молочная 5 злаков яблоко/земляника садовая/персик 200г,239.98 
Каша Nestle Шагайка молочная 5 злаков яблоко/банан/груша 200г,239.98 
Каша Heinz молочная цельнозерновая 3 злака с 6 месяцев 180г,256.98 
Каша Малютка молочная мультизлаковая малина/банан 220г,149.98 
Каша Малютка молочная гречневая лесные ягоды с 6 месяцев 220г,149.98 
Пюре Heinz яблоко/тыква/морковь/манго 90г,54.99 
Пюре Heinz яблоко/клубника/злаки 90г,54.99 
Пюре Heinz яблоко/брокколи 90г,79.98 
Пюре Heinz яблоко/груша/кабачок 90г,79.98 
Пюре Heinz яблоко/чернослив/злаки 90г,54.99 
Пюре Heinz фруктовый салатик/злаки 90г,54.99 
Печенье Heinz яблоко 160г,199.98 
Печенье Heinz 6 злаков 160г,199.98 
Пюре Gerber Спелая Груша Органик с 6 месяцев 90г,129.98 
Пюре Gerber Спелое Манго Органик с 6 месяцев 90г,129.98 
Погремушка Рыбка ПОМА 3+,269.98 
Набор прорезывателей 2шт Солнышко и луна ПОМА 4+,289.98 
Смесь Similac Gold 2 с 6 месяцев 400г,649.98 
Трусики Pampers Pants 3 6-11кг 19шт,679.98 
Ополаскиватель для рта Listerin Ягодная свежесть 250мл 6+,259.98 
Гель для душа Гадкий Я Тропический микс 250мл,149.98 
Крем-суп Фруто няня тыква/картофель/морковь 200г,69.98 
Крем-суп Фруто няня брокколи/цветная капуста/морковь 200г,69.98 
Печенье Heinz 160г,199.98 
Каша Heinz молочная слива/яблоко/малина/черника с 12 месяцев 200г,269.98 
Каша готовая Heinz молочная овсяная Омега 3 с 6 месяцев 200г,54.99 
Каша готовая Heinz молочная пшеничная Омега 3 с 6 месяцев 200г,54.99 
Смесь Similac Gold 1 с 0 месяцев 800г,879.88 
Пюре ФрутоНяня банан органик 90г,94.98 
Пюре ФрутоНяня яблоко органик 90г,94.98 
Смесь Малютка Кисломолочная 1 с рождения 600г,649.98 
Пюре Фруто Няня манго органик 90г,94.98 
"Каша молочная Агуша Засыпайка 2,7% овсянка/малина 200мл",66.98 
Средство для купания Lion Kodomo 200мл,209.98 
Зубная щетка электрическая Colgate супер мягкая,1099.98 
Пюре Бабушкино лукошко кролик 100г,129.98 
Трусики Manuoki M 6-11кг 56шт,1299.98 
Подгузники Manuoki L 12+кг 44шт,1499.98 
Трусики Manuoki XL 12+кг 38шт,1299.98 
Трусики Manuoki L 9-14кг 44шт,1299.98 
Фруктовые кусочки ФрутоНяня яблоко 53г,164.98 
Фруктовые кусочки ФрутоНяня яблоко/персик 56г,164.98 
Салфетки влажные Солнце и Луна Neo baby 100шт,249.98 
Салфетки влажные Smile Hello Kitty 15шт,41.98 
Сок Сады Придонья яблоко/черная смородина 200мл,28.98 
Сок Сады Придонья яблоко/виноград осветленный 125мл,18.98 
Трусики Huggies Elite Soft 5 38шт,1589.99 
Зубная паста-гель Дракоша Бабл-гам Кальций 60мл,99.98 
Спрей для волос AQAbaby Kids Легкое расчесывание 200мл,184.98 
Зубная паста Aquafresh Первый зубик 50мл,149.98 
Трусики Merries S 4-8кг 62шт,1799.99 
Трусики Huggies Elite Soft 3 5-9кг 54шт,1589.99 
Трусики для плавания Pampers Splashers 9-15кг 11шт,524.98 
Трусики для плавания Pampers Splashers 6-11кг 12шт,524.98 
Подгузники Pampers Premium Care 2 4-8 кг 20 шт,679.98 
Каша Nestle молочная пшеничная с тыквой с 5 месяцев 220г,224.98 
Батончик Gerber черника/черная смородина 25г,89.98 
Фруктовые кусочки ФрутоНяня яблоко/малина 15г,49.98 
Фруктовые кусочки ФрутоНяня яблоко/клубника/банан 15г,49.98 
Каша Nestle безмолочная мультизлаковая 5 злаков с 6 месяцев 200г,174.98 
Салфетки влажные Солнце и Луна ромашка/чистотел с крышкой 72шт,154.98 
Сок Сады Придонья яблоко прямого отжима с мякотью 200мл,28.98 
Сок Сады Придонья морковь/яблоко с мякотью 200мл,28.98 
Сок Сады Придонья тыква/яблоко с мякотью 200мл,28.98 
Гель для душа Солнце и Луна Пони 200мл,129.98 
Присыпка детская 30г,34.98 
Каша Умница молочная овсяная с бананом 200г,114.98 
Салфетки влажные Солнце и Луна Neo baby 54шт,124.98 
Пюре ФрутоНяня яблоко/черника с печеньем 90г,68.98 
Крем Детский с Д-Пантенолом 45г,74.98 
Крем Детский с экстрактом Ромашки 150мл,119.89 
Пустышка силикон адаптир форма ПОМА 0+,119.98 
Пустышка латекс адаптированная форма ПОМА 4+,79.98 
Пустышка силикон с футляром адаптир форма ПОМА 0+,199.98 
Пустышка силикон адаптир форма ПОМА 4+,119.98 
Пустышка силикон адаптированная форма ПОМА 0+,199.98 
Прищепка для пустышек ПОМА 0+,149.98 
Ножницы детские безопасные ПОМА 0+,219.98 
Ложечка анатомическая ПОМА 0+,179.98 
Зубная щетка Winx Club с защитным колпачком,119.98 
Диски ватные для детей овальные Солнце и Луна 40шт,99.98 
Термоконтейнер для бутылочки 250мл Пома,409.98 
Смесь Малютка 1 с рождения 1200г,849.98 
Мыло детское Череда 4х100г,149.98 
"Каша стерилизованная Агуша Засыпайка 2,7% злаки-груша-банан 200мл",66.98 
Мыло жидкое детское с экстрактом Ромашки 280г,129.98 
Средство для купания Ушастый нянь 250мл,169.98 
Трусики Pampers Pants Extra Large от 16кг 14шт,679.98 
"Нектар ФрутоНяня смесь фруктов 0,2л",44.98 
"Нектар Малышам яблоко-персик 0,33л",44.98 
Сок Gerber яблочно-грушевый осветленный 175г,159.98 
"Нектар Малышам яблоко-груша 0,2л",29.98 
Сок Сады Придонья мультифукт 200мл,28.98 
"Нектар Малышам яблоко-персик 0,125л",19.98 
Пюре Бабушкино лукошко персик 100г,59.98 
Смесь Малютка 2 с 6 месяцев 1200г,849.98 
Смесь Малютка 3 с 12 месяцев 1200г,999.98 
Пюре Сады Придонья яблоко/груша/слива 120г,37.98 
Пюре ФрутоНяня салатик из сладких овощей 80г,59.98 
Пюре Сады Придонья яблоко/персик 120г,37.98 
Пюре Gerber яблоко с 4 месяцев 130г,134.98 
Пюре Сады Придонья морковь 120г,37.98 
Пюре Сады Придонья кабачок 120г,37.98 
Пюре ФрутоНяня яблоко/малина/сливки 250г,89.98 
Пюре Gerber яблоко и груша с 4 месяцев 130г,134.98 
Пюре Gerber яблоко и банан с 6 месяцев 90г,114.98 
Пюре Gerber персик c 4 месяцев 80г,99.98 
Пюре Gerber яблоко и чернослив 130г,134.98 
"Сок Агуша осветленный груша 0,5л",77.98 
Пюре Heinz яблоко/груша/творог 90г,54.99 
Пюре ФрутоНяня говядина с языком 80г,99.98 
Каша Малютка молочная мультизлаковая с фруктами 220г,149.98 
Каша Малютка безмолочная гречневая с 4 месяцев 200г,114.98 
Каша Heinz Я большой гречневая безмолочная 250г,199.98 
Печенье Heinz банан/яблоко 160г,199.98 
Смесь Similac низколактозный с 0 месяцев 375г,1099.98 
Смесь Nutrilon Комфорт 2 с 6 месяцев 400г,779.98 
Смесь Nan 1 кисломолочный с 0 месяцев 400г,749.98 
Смесь Nan 3 гипоаллергенный с 12 месяцев 400г,1149.98 
Сок Gerber яблоко осветленный 175мл,159.98 
Сок Агуша осветленный яблоко/виноград 200мл,47.98 
"Нектар ФрутоНяня яблоко-слива с мякотью 0,2л",44.98 
"Нектар ФрутоНяня яблоко/вишня 0,5л",77.98 
Cмесь Nan Optipro 3 с 12 месяцев 400г,899.98 
Сок Сады Придонья яблоко/персик 200мл,28.98 
Сок Сады Придонья яблоко/вишня 200мл,28.98 
Сок Сады Придонья яблоко/виноград 200мл,28.98 
Сок Сады Придонья яблоко/абрикос с мякотью 200мл,28.98 
Сок Сады Придонья зеленое яблоко 200мл,28.98 
"Сок Сады Придонья яблоко прямой отжим 0,2л",28.98 
Сок Сады Придонья яблоко/абрикос с мякотью 125мл,18.98 
Сок Сады Придонья зеленое яблоко 125мл,18.98 
Смесь Малыш Истринский 1 с рождения 350г,249.98 
Cмесь Nan Optipro 1 с рождения 400г,699.98 
Смесь Малютка 2 с 6 месяцев 600г,449.98 
Смесь Малютка 1 с рождения 600г,449.98 
Смесь Nutrilon Premium 3 с 12 месяцев 400г,599.98 
"Сок ФрутоНяня яблоко/груша с мякотью 0,2л",44.98 
Смесь Нэнни 3 на козъем молоке с пребиотиками от 1 года 800г,3429.98 
"Сок ФрутоНяня яблоко/шиповник 0,5л",77.98 
"Сок ФрутоНяня яблоко прямого отжима 0,2л",44.98 
Смесь Nutrilon гипоаллергенный 1 с 0 месяцев 400г,879.98 
Пюре Тёма говядина с гречкой 100г,69.98 
Пюре Сады Придонья цветная капуста 120г,37.98 
Каша Умница молочная 5 злаков с 6 месяцев 200г,114.98 
Печенье Heinz 60г,74.98 
Продукт PediaSure Малоежка натуральный 200мл,139.98 
Печенье Heinz 6 злаков 60г,74.98 
Cмесь Nan Optipro 4 с 18 месяцев 400г,789.98 
Пюре Тёма цыпленок кабачки/морковь/рис 100г,69.98 
Компот Агуша изюм/курага/яблоко 500мл,76.98 
Продукт PediaSure Малоежка банан 200мл,139.98 
"Морс ФрутоНяня малина/смородина 0,2л",44.98 
"Компот ФрутоНяня вишня/малина 0,5л",77.98 
"Морс ФрутоНяня клюква 0,5л",77.98 
Пюре Gerber чернослив 80г,99.98 
Каша Малютка молочная овсяная с фруктами 220г,149.98 
Пюре Heinz яблоко/груша/сливки 90г,54.99 
Каша Heinz безмолочная низкоаллергенная кукуруза с 5 месяцев 200г,199.98 
Каша Heinz молочная многозерновая йогурт/банан/клубника 200г,269.98 
Пюре Сады Придонья яблоко/тыква 125г,22.98 
Батончик Gerber вишня/банан 25г,89.98 
Пюре Сады Придонья яблоко/морковь 125г,17.99 
Каша Heinz Я большой 5 злаков  250г,199.98 
Пюре Тёма говядина с печенью 100г,99.98 
Пюре Бабушкино лукошко овощи/цыпленок 100г,69.98 
Пюре ФрутоНяня яблоко/банан/груша/печенье 250г,89.98 
Салфетки влажные Aura Ultra Comfort 120шт,134.98 
Батончик Фрутончик изюм-слива-гречка 20г,47.98 
Батончик Фрутончик яблоко-курага-рис 20г,47.98 
Батончик Фрутончик яблоко-курага-фенхель 20г,47.98 
"Морс ФрутоНяня клюква-малина 0,2л",44.98 
"Компот ФрутоНяня вишня/малина 0,2л",44.98 
"Компот ФрутоНяня яблоко-изюм-курага 0,2л",44.98 
"Вода Монастырская негазированная детская 0,5л",33.97 
"Сок ФрутоНяня яблоко/шиповник 0,2л",44.98 
"Сок ФрутоНяня груша осветленный 0,2л",34.99 
"Сок ФрутоНяня яблоко-слива с мякотью 0,5л",77.98 
"Пюре Gerber яблоко,для детей с 4 месяцев 80г",99.98 
"Сок ФрутоНяня груша осветленный 0,5л",77.98 
"Овощное пюре Gerber тыква,для детей с 5 месяцев 80г",99.98 
"Овощное пюре Gerber брокколи, для детей с 4 месяцев 80г",99.98 
"Нектар ФрутоНяня банан с мякотью 0,2л",34.99 
Зубная паста Новый Жемчуг Клубника 1-6 лет 50мл,79.98 
Пюре ФрутоНяня яблоко/банан/сливки 250г,89.98 
Каша ФрутоНяня молочно-пшеничная 200г,54.98 
Зубная паста Новый жемчуг Волшебные фрукты 50мл,44.98 
Пюре ФрутоНяня фруктовый салатик яблоко/груша/персик 100г,54.98 
Пюре ФрутоНяня ягодный салатик яблоко/черника/вишня 100г,54.98 
Зубная паста Новый Жемчуг Малина 1-6 лет 50мл,79.98 
"Сок Fleur Alpine яблоко/шиповник 0,2л",129.98 
Каша Nestle молочная гречневая с курагой с 5 месяцев 220г,229.98 
Каша Nestle безмолочная овсяная с 5 месяцев 200г,174.98 
Шампунь-гель Король Лев 2в1 Клубника 410мл,139.98 
Крем-присыпка Мое солнышко 75мл,99.98 
Мыло детское Ушастый нянь Алоэ/Подорожник 90г,44.98 
Пюре Сады Придонья яблоко 125г,22.98 
Пюре Сады Придонья яблоко/персик 125г,22.98 
Пюре Фруто Няня яблоко/банан/груша/персик 90г,68.98 
Пюре ФрутоНяня из кабачков 80г,59.98 
Пюре Бабушкино лукошко цыпленок фрикадельки 100г,119.98 
Пюре Бабушкино лукошко индейка фрикадельки 100г,119.98 
Пюре Бабушкино лукошко индейка овощное рагу 100г,69.98 
Пюре ФрутоНяня морковь 80г,59.98 
Пюре Тёма телятина 100г,99.98 
Пюре Тёма говядина с языком 100г,99.98 
Пюре Фруто Няня яблоко/смородина 90г,68.98 
Пюре Хайнц нежная крольчатинка 80г,199.98 
Пюре Сады Придонья тыква 120г,37.98 
Пюре Сады Придонья яблоко 120г,37.98 
Пюре Бабушкино лукошко яблоко груша 100г,49.98 
Пюре Бабушкино лукошко мясо цыплят с гречкой 100г,69.98 
Пюре Сады Придонья яблоко/черная смородина 120г,37.98 
Каша Умница молочная рисово-кукурузная с бананом 200г,114.98 
Gerber Овощи с фрикадельками из говядины (с 12 месяцев) 200г,199.98 
Сок Агуша осветленный яблоко/вишня 200мл,47.98 
Сок Агуша осветленный яблоко/шиповник 200мл,47.98 
Пюре Бабушкино лукошко конина 100г,104.98 
Сок Агуша мультифрукт с мякотью 200мл,47.98 
Пюре ФрутоНяня цыпленок 80г,89.98 
Пюре ФрутоНяня телятина 80г,99.98 
Пюре ФрутоНяня индейка 80г,99.98 
Пюре ФрутоНяня говядина/гречка 100г,89.98 
Пюре Бабушкино лукошко из цветной капусты с кроликом,89.98 
Пюре Gerber рагу из телятины с овощами (с 8 месяцев) 190г,199.98 
Каша ФрутоНяня безмолочная гречневая 200г,149.98 
Пюре Бабушкино лукошко яблоко абрикос 100г,59.98 
Пюре Heinz кабачок 80г,79.98 
Пюре Бабушкино лукошко яблоко черника 100г,59.98 
Пюре Бабушкино лукошко цветная капуста говядина 100г,69.98 
Пюре Бабушкино лукошко горбуша картофель 100г,69.98 
Пюре Бабушкино лукошко яблоко чернослив 100г,59.98 
Пюре Тёма говядина брокколи/морковь/рис 100г,69.98 
Десерт ФрутоНяня яблоко/вишня/рябина/смородина 90г,68.98 
Пюре Тёма кролик 100г,129.98 
Пюре Бабушкино лукошко мясо цыплят с рисом 100г,69.98 
Пюре Тёма говядина с кабачками и рисом 100г,69.98 
Пюре ФрутоНяня персик 100г,54.98 
Пюре Тёма говядина с сердцем 100г,99.98 
Пюре Тёма индейка 100г,104.98 
Пюре Бабушкино лукошко яблоко банан 100г,59.98 
Каша ФрутоНяня молочная мультизлаковая 200г,179.98 
Десерт ФрутоНяня яблоко/банан/клубника 90г,68.98 
Каша Heinz безмолочная овсяная с пребиотиками 180г,199.98 
Каша Heinz безмолочная многозерновая 5 злаков с 6 месяцев 200г,199.98 
Каша Малютка молочная рисовая 220г,149.98 
Пюре Бабушкино лукошко рагу из семги овощей100г,104.98 
Сок Агуша яблоко/банан с мякотью 200мл,47.98 
Пюре Бабушкино лукошко чернослив творог 100г,64.98 
Каша ФрутоНяня молочная овсяная 200г,179.98 
Каша ФрутоНяня молочная мультизлаковая яблоко/смородина/вишня 200г,179.98 
Пюре Бабушкино лукошко тыква-рис молоко 100г,54.98 
Пюре Бабушкино лукошко кабачок морковь молоко 100г,54.98 
Каша Heinz молочная многозерновая яблоко/малина/черная смородина 200г,269.98 
Сок Gerber яблочно-виноградный с шиповником осветленный 175г,159.98 
Сок Gerber яблочно-морковный с мякотью 175г,159.98 
Чай Бабушкино лукошко мелисса/чабрец/фенхель 20 пакетов,109.98 
Чай Бабушкино лукошко шиповник 20 пакетов,109.98 
Сок Агуша осветленный груша 200мл,47.98 
Чай Бабушкино лукошко мята 20 пакетов,109.98 
Каша ФрутоНяня молочно-рисовая тыква/абрикос 200г,179.98 
Каша ФрутоНяня молочная овсяная яблоко/банан 200г,179.98 
Каша ФрутоНяня молочная мультизлаковая яблоко/банан/земляника 200г,179.98 
Салфетки влажные Aura Ultra Comfort детские 15шт,19.98 
Каша ФрутоНяня молочная гречка/чернослив 200г,179.98 
Каша Nestle молочная мультизлаковая с яблоком и бананом с 6 месяцев 220г,224.98 
Пюре ФрутоНяня яблоко/груша/творог 90г,68.98 
Каша Nestle молочная овсяная с грушей и бананом с 6 месяцев 220г,224.98 
Десерт Фруто Няня яблоко/клубника/малина 90г,68.98 
Пюре ФрутоНяня говядина/овощи 100г,89.98 
Пюре ФрутоНяня кролик/рис/брокколи 100г,89.98 
Пюре ФрутоНяня брокколи/кабачок/цветная капуста 80г,59.98 
Пюре ФрутоНяня яблоко/черника 100г,54.98 
Каша ФрутоНяня молочная пшеничная яблоко/земляника 200г,179.98 
Пюре Тёма говядина 100г,99.98 
Каша Малютка молочная гречневая с черносливом 220г,149.98 
Пюре ФрутоНяня говядина 80г,97.98 
Пюре Бабушкино лукошко говядина 100г,89.98 
Пюре Бабушкино лукошко говядина и кабачок 100г,69.98 
Пюре Бабушкино лукошко яблоко 100г,49.98 
Пюре Бабушкино Лукошко Яблоко клубника 100г,59.98 
Каша ФрутоНяня молочная овсяная с персиком 200г,179.98 
Каша Nestle молочная пшеничная с кусочками яблока/земляникой с 8 месяцев 220г,224.98 
Каша Малютка молочная кукурузная 220г,149.98 
Пюре Бабушкино лукошко груша 100г,49.98 
"Пюре Хайнц Нежная индеечка с 6 месяцев, 80 грамм",154.98 
"Пюре Бабушкино Лукошко Абрикос для детей с 4 месяцев, 100г",64.98 
Зубная щетка Splat Kids мягкая 2-8 лет,194.98 
Батончик Gerber яблоко/банан 25г,89.98 
"Сок ФрутоНяня яблоко/груша с мякотью 0,5л",77.98 
"Сок ФрутоНяня яблоко/персик неосветленный 0,5л",77.98 
"Нектар Малышам мультифрукт неосветленный 0,33л",44.98 
Каша ФрутоНяня молочно-гречневая с яблоком 200г,54.98 
Каша ФрутоНяня молочно-рисовая 200г,54.98 
Трусики Pampers Pants 6 от 16кг 44шт,1898.98 
Трусики Pampers Pants 5 12-18/12-17кг 48шт,1898.98 
Каша ФрутоНяня молочно-злаковая 200г,54.98 
Каша ФрутоНяня молочно-овсяная с бананами 200г,54.98 
Пюре ФрутоНяня чернослив 100г,59.98 
"Нектар ФрутоНяня смесь фруктов 0,5л",77.98 
Пюре Тёма цыпленок с гречкой 100г,69.98 
Шампунь Johnson's baby Блестящие локоны 300мл,329.98 
Пюре ФрутоНяня яблоко/банан/творог 90г,68.98 
Пюре ФрутоНяня витаминный салатик 90г,68.98 
Пюре ФрутоНяня груша 90г,68.98 
Пюре ФрутоНяня цыпленок/овощи 100г,89.98 
Пюре рагу овощное с кроликом Бабушкино лукошко 100г,89.98 
"Нектар Малышам яблоко-груша 0,125л",19.98 
"Нектар Малышам яблоко-персик 0,2л",29.98 
"Нектар Малышам яблоко-банан 0,2л",29.98 
Пюре ФрутоНяня яблоко/банан/груша с печеньем 90г,68.98 
Диски ватные для детей Солнце и Луна 120шт,144.98 
Зубная паста Splat Kids Фруктовое мороженное 2-6 лет 50мл,189.98 
Зубная паста Splat Kids Земляника/Вишня 50мл,189.98 
Пюре овощное Gerber цветная капуста 80г,99.98 
Масло детское Ушастый нянь 200мл,199.98 
Салфетки влажные Солце и луна Экстракт Липы 100шт,189.98 
Шампунь-кондиционер Ушастый нянь 200мл,139.98 
Шампунь Ушастый нянь 200мл,139.98 
Зубная паста ROCS Kids Лесные ягоды 3-7 лет 45г,309.98 
Салфетки влажные Aura Ultra Алоэ/Витамин Е детские 100шт,119.86 
Пустышка латексная адаптированная форма ПОМА 0+,79.98 
Мыло детское Малыш 90г,39.98 
Масло детское Johnson's baby перед сном 200мл,369.98 
Клеенка детская ПоМа 0+ 150х120см,299.98 
Подгузники YokoSun S до 6кг 82шт,1129.99 
Шампунь Мое солнышко Леденцовая свежесть 200мл,89.98 
Пустышка силиконовая с футляром адаптированной формы ПОМА 4+,199.98 
Пустышка силикон круглая форма ПОМА 4+,119.98 
Клеенка детская ПоМа 0+ 50х70см,149.98 
Бутылочка цветная с силиконовой соской медленный поток 140мл ПОМА 0+,199.98 
Набор щетка+расческа ПОМА 3+,269.98 
Крем Детский с экстрактом Череды 45г,74.98 
Шампунь Маленькая фея Послушные локоны 240мл,229.98 
Гель для душа Гадкий Я Банан 250мл,149.98 
Зубная паста Splat Juicy Тутти-Фрути 35мл,129.98 
Палочки ватные Johnson's Baby Cotton Buds 100шт,159.98 
Пена для ванны Король Лев Сладкая клубника 410мл,139.98 
Мыло Детское 140г,56.98 
Крем-пена для ванн Принцесса Клубника в сливках 400мл,149.98 
Шампунь Johnson's baby Ромашка 300мл,329.98 
Ершик для бутылок и сосок 2шт ПОМА 0+,174.98 
Зубная паста Colgate Защита от кариеса 6+ 75мл,249.98 
Крем Детский 40г,69.98 
Термометр для ванны Рыбка ПОМА 0+,219.98 
Крем детcкий Johnson's baby с молоком 3в1 50г,99.98 
Шампунь-кондиционер Фиксики Душистые травы 270мл,107.98 
Зубная паста Фиксики Тутти-Фрутти 65г,87.98 
Бутылочка для кормления силиконовая соска медленный поток 140мл ПОМА 0+,174.98 
Поильник с ручками 225мл ПОМА 6+,249.98 
Бутылочка с ручками силиконовая соска быстрый поток 240мл ПОМА 6+,249.98 
Бутылочка для кормления силиконовая соска быстрый поток 240мл ПОМА 6+,199.98 
Зубная щетка Angry Birds с защитным колпачком,119.98 
Мыло Детское Чистотел 4х100г,149.98 
Слюнявчик Гибкий с карманом ПОМА 6+,369.98 
Зубная щетка ROCS Kids 3-7 лет,159.98 
Подгузники Pampers Active Baby 3 Midi 5-9кг 22шт,599.98 
Шампунь+гель+пена Фиксики Клубника 3в1 270мл,107.98 
Шампунь Johnson's baby Перед сном 300мл,329.98 
Крем детский при раздражении и покраснении Ушастый нянь 100мл,199.98 
Пена для ванны Ушастый нянь 250мл,148.98 
Мыло детское Тик-так 150г,69.98 
Масло детское Johnson's baby 200мл,369.98 
Масло детcкое Johnson's baby Алое 200мл,369.98 
Крем детский Johnson's baby Нежность природы увлажняющий 100мл,324.98 
Ополаскиватель для рта Дракоша Тутти-фрутти 250мл,169.98 
Присыпка детская Johnson's baby 100мл,269.98 
Зубная паста ROCS Малина/Клубника 4-7лет 45г,264.98 
Зубная паста Splat Juicy Киви 35мл,129.98 
Зубная паста Splat Junior Ягодный коктейль 6-11 лет 73г,189.98 
Зубная паста Splat Junior Бабл гам 6-11 лет 73г,189.98 
Зубная паста Colgate Доктор заяц Жевательная резинка 50мл,119.98 
Мыло детское Johnson's Baby перед сном 100г,89.98 
Зубная щетка ROCS 0-3 лет экстра мягкая,159.98 
Шампунь Ушастый нянь 300мл,224.98 
Зубная паста Lacalut Kids до 4-8 лет 50мл,249.98 
Шампунь Принцесса 2в1 Калинка-Малинка 400мл,164.98 
Зубная паста Colgate Доктор заяц Клубника 50мл,119.98 
Зубная паста ROCS Baby Аромат липы 45г,264.98 
Салфетки влажные Солнце и Луна детские 63шт,139.98 
Зубная паста ROCS Kids Фруктовый рожок 3-7лет 45г,264.98 
"Компот ФрутоНяня яблоко/клубника 0,2л",44.98 
Пюре ФрутоНяня груша 100г,54.98 
Пюре ФрутоНяня яблоко 100г,54.98 
Пюре ФрутоНяня тыква 80г,59.98 
Батончик Gerber злаки/яблоко/виноград 25г,89.98 
"Нектар ФрутоНяня тыква с мякотью 0,2л",44.98 
Сок Сады Придонья яблоко/шиповник 125мл,18.98 
Пюре Тёма цыпленок с говядиной 100г,79.98 
Пюре Бабушкино лукошко брокколи для детей с 4 месяцев 100г,57.98 
Пюре Бабушкино Лукошко Цветная капуста для детей с 4 месяцев 100г,57.98 
Зубная щетка Сolgate Kids/Доктор Заяц мягкая 2+,99.98 
Подгузники Merries M 6-11кг 64шт,1799.99 
Продукт PediaSure Малоежка клубника 200мл,139.98 
Пюре ФрутоНяня яблоко/банан 100г,54.98 
Пюре ФрутоНяня груша/яблоко 100г,54.98 
Пюре ФрутоНяня индейка/овощи 100г,89.98 
Пюре Бабушкино лукошко говядина/язык 100г,87.98 
Пюре ФрутоНяня яблоко/груша 250г,89.98 
Пюре Бабушкино лукошко говядина-печень 100г,87.98 
Пюре Бабушкино лукошко говядина-овощи 100г,69.98 
Пюре Бабушкино лукошко тыква 100г,54.98 
Пюре Бабушкино лукошко кабачок-яблоко 100г,54.98 
Пюре ФрутоНяня цветная капуста 80г,59.98 
Пюре ФрутоНяня овощной салатик 80г,59.98 
Пюре ФрутоНяня кабачок/картофель 80г,59.98 
Пюре Бабушкино лукошко чернослив с 5 месяцев 100г,64.98 
Трусики Merries L 9-14кг 44шт,1799.99 
Подгузники Merries размер XL 12-20кг 44шт,1799.99 
Пюре ФрутоНяня капуста брокколи 80г,59.98 
Подгузники Merries для новорожденных 0-5кг 24шт,569.99 
"Каша стерилизованная Агуша Засыпайка 2,7% молочно-гречневая 200мл",66.98 
"Каша стерилизованная Агуша Засыпайка 2,7% молочно-рисовая яблоко/груша 200мл",66.98 
Пюре Бабушкино лукошко из цыпленка 100г,89.98 
Cмесь Nan Optipro 4 с 18 месяцев 800г,1399.98 
"Сок Малышам яблоко осветленный 0,125л",19.98 
"Напиток ФрутоНяня яблоко/ромашка/липа 0,2л",44.98 
Каша ФрутоНяня молочно-рисовая с малиной 200г,54.98 
Пюре ФрутоНяня яблоко 250г,89.98 
Пюре ФрутоНяня яблоко/сливки 250г,89.98 
"Нектар ФрутоНяня банан с мякотью 0,5л",77.98 
"Сок ФрутоНяня яблоко/персик неосветленный 0,2л",34.99 
Пюре Бабушкино лукошко индейка 100г,89.98 
"Нектар ФрутоНяня тыква с мякотью 0,5л",77.98 
Трусики Merries M 6-10кг 58шт,1799.99 
"Нектар ФрутоНяня морковь с мякотью 0,2л",44.98 
"Сок ФрутоНяня яблоко осветленный 0,2л",34.99 
"Вода Монастырская негазированная детская 0,33л",31.97 
Продукт PediaSure Малоежка шоколад 200мл,139.98 
Продукт PediaSure Малоежка ваниль 200мл,139.98 
"Сок ФрутоНяня яблоко/смородина осветленный 0,2л",44.98 
Cмесь Nan Optipro 2 с 6 месяцев 800г,999.98 
Подгузники YokoSun L 9-13кг 54шт,1129.99 
Подгузники-трусики YokoSun M 6-10кг 58шт,1129.99 
Подгузники-трусики YokoSun XL 12-20кг 38шт,1129.99 
Подгузники-трусики YokoSun L 9-14кг 44шт,1129.99 
Трусики Pampers Pants Midi 6-11кг 60шт,1898.98 
Трусики Pampers Pants 5 (12-18кг) 15шт,679.98 
Смесь Nutrilon Premium 2 с 6 месяцев 800г,849.98 
Пюре Фрикадельки из говядины в бульоне с 8 мес 100 г Бабушкино Лукошко,119.98 
"Сок ФрутоНяня мультифрукт неосветленный 0,2л",34.99 
Крем-мыло жидкое детское Ушастый Нянь с оливковым маслом и экстрактом алое вера 300мл,149.98 
Пюре ФрутоНяня яблоко/абрикос/сливки 90г,68.98 
Cмесь Nan Optipro 3 с 12 месяцев 800г,1399.98 
Пюре ФрутоНяня яблоко 90г,68.98 
Смесь Nutrilon Комфорт 1 с 0 месяцев 900г,1599.98 
Пюре ФрутоНяня яблоко/груша/сливки 250г,89.98 
Пюре ФрутоНяня яблоко/персик/сливки 250г,89.98 
"Сок ФрутоНяня яблоко осветленный 0,5л",77.98 
Трусики Pampers Pants 4 8-14/9-15кг 52шт,1898.98 
"Сок Малышам яблоко осветленный 0,33л",44.98 
Напиток молочный сухой Nutrilon Premium 4 с 18 месяцев 800г,1199.98 
Пюре ФрутоНяня кролик 80г,129.98 
"Сок ФрутоНяня мультифрукт неосветленный 0,5л",77.98 
Смесь Nutrilon Premium 3 с 12 месяцев 800г,1199.98 
"Нектар Малышам яблоко-черная смородина 0,2л",29.98 
Cмесь Nan Optipro 1 с рождения 800г,949.98 
Смесь Nutrilon Premium 1 с 0 месяцев 800г,849.98 
Смесь Nan безлактозная с 0 месяцев 400г,1199.98 
Трусики-подгузники Merries размер XXL 15-28кг 26шт,1799.99 
"Вода Монастырская негазированная детская 1,5л",49.98 
Вода Монастырская негазированая детская 5л,74.98 
Подгузники YokoSun M 5-10кг 62шт,1129.99 
Подгузники Merries L 9-14кг 54шт,1799.99 
"Сок Малышам яблоко осветленный 0,2л",29.98 
Смесь Nutrilon безлактозный с 0 месяцев 400г,999.98 
Трусики Merries XL 12-22кг 38шт,1799.99 
Подгузники Merries S 4-8кг 82шт,1799.99 
Смесь Nan 1 гипоаллергенный с 0 месяцев 400г,999.98 
Подгузники Merries NB 0-5 кг 90шт,1799.99 
"Нектар Малышам мультифрукт неосветленный 0,2л",29.98 
Каша ФрутоНяня молочная 5 злаков с персиком 200г,54.98 
