Хлебцы Щедрые с чесноком 100г,59.89 
Хлебцы Щедрые бородинские тонкие 170г,129.99 
Хлеб Заливной 400 г,34.90 
Десерт сдобный Александров 40г изюм Баба ромовая,119.99 
Хлеб Ржано-пшеничный подовый 350г нарезка Артель,53.99 
Слойка Круассан с вишневой начинкой Колос-Пром 60г,32.98 
Хлеб Гриссини Пикантный с кунжутом Колос-Пром 100г,39.99 
Печенье злаковое Кривенко 70г,74.79 
Хлебцы злаковые 10 злаков Кривенко 80г,47.79 
Лепешка Таки-Да простая 100г,54.89 
Тортильи Mission пшеничные Гриль 250г,154.99 
Рулет с маковой начинкой Салерма 100г,37.99 
Хлебцы Щедрые 5 злаков с семенами льна 200г,139.99 
Хлебцы Щедрые ржано-пшеничные с кунжутом 200г,139.99 
Хлебцы Fitstart гречневый микс 90г,74.99 
Хлебцы Fitstart рисовые манго/маракуйя 100г,74.99 
Хлебцы Finn Crisp пшеничные с кунжутом 250г,234.99 
Хлебцы FITSTART рисовые Суперфуд семена чиа 90г,74.79 
Хлебцы FITSTART рисовые Кокос 100г,74.99 
Хлебцы FITSTART рисовые Карамель 100г,74.99 
Лаваш Деревенский Mission 270г,109.98 
Хлебцы Щедрые 5 злаков с семенами льна 100г,59.89 
Тараллини Machos с чесноком 60г,24.99 
Тараллини Machos томат с ароматными травами 60г,17.99 
Тараллини Machos с сыром 60г,26.99 
Хлебцы Эко Ботаника злаковые вафельные с творожным сыром 75г,69.99 
Хлебцы Эко Ботаника злаковые вафельные с сыром/травами 75г,69.99 
Хлебцы Эко Ботаника злаковые вафельные сыр/томат/базилик 75г,69.99 
Хлебцы Молодцы нутово-кукурузные 40г,49.69 
Хлеб бездрожжевой Венский заварной Колос-Пром 300г,72.99 
Крендель Для дочки сахарный Алешино 500г,132.89 
Лаваш Армянский бездрожжевой ИП Гевондян 2шт 150г,34.99 
Сухари сдобные Московские Колос-Пром 250г,64.99 
Сухари Ореховые Колос-Пром 300г,99.76 
Тортилья Mission пшеничная/злаки 250г,139.99 
Тортилья Mission пшеничная 250г,139.99 
Тарталетки круглые вафельные Kelbi 26г,77.86 
Хлеб тостовый Американский с отрубями Артель 400г,92.98 
Хлеб Бородинский ремесленный Артель 400г,69.99 
Рулет Юность мини 180г,114.97 
Хлебцы Бородинские Блокбастер 130г,69.99 
Булочка с вареным сгущенным молоком 80г Давлат,34.89 
Сдоба Подарок с шоколадом Колос-Пром 100г,29.98 
Сдоба Фантазия с шоколадно-ореховой начинкой Колос-Пром 180г,62.98 
Хлеб заливной Здоровье нарезка ПК Амур 300г,71.98 
Мини сушки Семейка ОЗБИ простые 150г,77.97 
Мини сушки Семейка ОЗБИ с маком 150г,84.67 
Тарталетки корзинка вафельные Kelbi 30г,62.99 
Хлебцы Молодцы пшенично-ржаные 100г,44.97 
Батон Амурский нарезной ПК Амур 300г,42.99 
Тараллини Nina Farina с чесноком 180г,59.99 
Хлебец отрубной с ламиданом 150г Колос-пром,29.97 
Тараллини Nina Farina классические 180г,59.99 
Хлеб Делба Вестфальский 250г,219.99 
Хлеб Delba Вегетарианский со злаками 300г,339.99 
Хлеб Подмосковный 250г Артель,21.99 
Хлебцы FITSTART мультизлаковые Лесные ягоды 100г,74.99 
Хлебцы Финн Крисп бородинские кориандр 180г,214.99 
Палочки хлебные с сыром 150г Семейка Озби,77.87 
Палочки хлебные простые 150г Семейка Озби,59.87 
Баранка Чайная с маком 300г Алешина,82.96 
Фитнес-хлеб Delba с семенами льна 500г,279.99 
Бублик сдобный 460г Алешина,107.97 
Хлебцы Молодцы мультизлаковые с томатами и базиликом 100г,64.99 
Хлеб Русский 400г Солодько,44.98 
Хлеб Русский с йодоказеином 250г Солодько,39.98 
Сушки Солнышко 250г Колос-пром,64.98 
Хлеб Старорусский на хмелю 250г Колос Пром,45.98 
Сдоба Фантазия с творожной начинкой Колос-Пром 180г,62.98 
Хлебцы многозерновые тонкие 170г Щедрые,129.99 
Хлебцы ржаные тонкие 170г Щедрые,129.99 
Лаваш армянский Гарни бездрожжевой 120г ИП Гевондян,29.98 
Ватрушка с вишневой начинкой Колос-пром 100г,34.98 
Ватрушка с творожной начинкой Колос-пром 100г,34.98 
Хлеб Ефимовский заварной Колос-Пром 250г,75.98 
Булочка со сливочным кремом Пак 3х70г,59.98 
Хлебцы Dr.Korner гречневые с витаминами 100г,99.99 
Хлебцы Dr.Korner злаковый коктейль медовый 100г,99.99 
Сухарь панировочный,189.90 
Лепешка Армянская 450г ИП Геводян,47.78 
Хлеб Шведский 300г нарезка Владхлеб,52.99 
Хлеб Ржаной диабетический нарезка Владхлеб 350г,46.99 
Хлеб Подмосковный 400г Артель,23.98 
Лепешка израильская Таки-Да пшеничная,44.79 
Хлеб Дальневосточный заварной Колос-Пром 250г,69.98 
Хлеб Дорожный 150г формовой Колос-Пром,13.99 
Хлебцы Bаker House итальянские томат орегано 250г,169.89 
Хлебцы Bаker House итальянские овощной микс 250г,169.89 
Хлебцы Dr.Korner бородинские 100г,99.99 
Баранка Ванильная 225г Миронова ИП,77.98 
Хлеб тостовый Японский нарезка Артель 450г,54.99 
Лепешка Новая с сыром и чесноком 200г Артель,59.98 
Хлебцы Blockbuster с сыром 130г,99.99 
Хлебцы с гречихой 185г Любятово,99.77 
Сушка чайная Колос-пром,169.89 
Сухари Киевские изюм 300г Колос Пром,99.76 
Сухари Люкс с изюмом фас 500г Агеевские,189.99 
Сухари Посольские с изюмом 300г,119.87 
Хлебцы злаковые 80г 8 злаков Кривенко,47.79 
Изделия из слоеного теста Салермики с маком 100г,29.98 
Слоеная витушка с сыром,479 
Изделие Любава с изюмом 180г Колос-пром,44.98 
Изделие х/б Любава с маком 180г Колос-пром,44.98 
Рулет с маком Колос-Пром 100г,31.98 
Булочка Улыбка с малиной Колос-пром 100г,37.98 
Булочка Улыбка с киви Колос-пром 100г,37.98 
Булочка с кунжутом 100г пленка Колос Пром,25.99 
Рулет с изюмом 100г Давлат,34.98 
Булочка плетенка с повидлом 4х55г Пак,49.98 
Изделия из слоеного теста Салермики с джемом 100г,29.98 
Хлеб Городской 350г Артель,24.98 
Булочка со сгущенным молоком 3x67г Пак,59.98 
Хлебцы Щедрые ржаные 200г,139.99 
Хлебцы Щедрые гречневые 200г,139.99 
Хлебцы Греники кориандр тмин Хлебцы Молодцы 150г,104.97 
Хлебцы кукурузно-рисовые Карамельн Др Корнер 100г,99.99 
Хлебцы щедрые ржаные 100г,59.89 
Хлебцы Злаковый коктейль Черничный Др Корнер 100г,99.99 
Хлебцы Злаковый коктейль Клюквенн Др Корнер 100г,99.99 
Тесто для пельменей,129.90 
Хлеб Купеческий с подсолнечными семечками 300г Колос Пром,64.98 
Хлеб Рижский дворянский 250г нарезка Колос Пром,59.98 
Хлеб Бокатто 250г нарезка Колос Пром,46.97 
Хлеб Ржано-пшеничный 400г Погоров,37.98 
Хлеб Дарницкий Особый половинка Колос-Пром 300г,22.99 
Хлеб Горчичный Владхлеб нарезка 300г,66.99 
Хлеб белый из пшеничной муки Колос-Пром 600г,48.98 
Хлеб ржано-пшеничный 200г Погоров,25.98 
Хлеб Дарницкий особый нарезка 600г Колос-пром,52.98 
Булочка с кунжутом 4х50г Пак,41.98 
Булочка Домашняя 100г Давлат,29.98 
Булочка Кунцевская 100г пленка Колос Пром,27.98 
Булочка Плетенка 4х50г Пак,42.98 
Слойка французская 50г Колос Пром,25.99 
Ролл пшеничный для приготовления рулетов 200г Гевондян,40.98 
Бублик в ассортименте 100г Колос Пром,32.98 
Хлеб Классический Салерма 500г,32.98 
Булочка Колобок 40г Артель,3.99 
Багет Мини 150г Артель,9.99 
Лаваш Армянский 100г Давлат,17.97 
Батон нарезной 300г пакет нарезка Колос Пром,54.98 
Лепешка традиционная 260г Давлат,21.98 
Сушка Кроха ванильная 200г Семейка Озби,84.96 
Хлебцы Молодцы цельнозерновые бородинские 150г,64.96 
Хлебцы Молодцы фитнес линия цельнозерновые с минералами 100г,44.97 
Хлеб Елизавета вафельный ржаной 75г,54.98 
Хлеб Елизавета вафельный с чесноком,54.98 
Тесто дрожжевое сдобное из муки в/с,149.90 
Тесто дрожжевое из муки в/с,129.90 
Венский багет 200г,42.90 
Тарталетки оригинальные Bаker House 180г РКК Трейд,99.99 
Сухари Посольские ванильные 300г,119.87 
Сухари Посольские с изюмом 250г,107.77 
Сушка Кроха с маком 200г Семейка Озби,84.96 
Баранки Яичные Краяночка 450г Миронова ИП,144.97 
Хлебцы с отрубями 185г Любятово,99.77 
Хлебцы Итальянские с розмарином и чесноком 250г РКК,169.89 
Хлебцы Итальянские с сельдереем и оливковым маслом 250г РКК,169.89 
Сушки Посольские Невелички мак 150г,67.79 
Хлебцы щедрые бородинские Династия 100г,59.89 
Хлебцы Щедрые гречневые Династия 100г,59.89 
Сухари Люкс ванильные 500г Агеевские,189.99 
Сушка Посольская Челночек 200г,49.99 
Хлебцы хрустящие Lепёшка кунжут и сыр 150г,104.97 
Сухари Посольские ванильные 250г,107.77 
Хлеб вафельный йодированный Елизавета 80г,54.98 
Хлеб Пури 450г ИП Гевондян В.М.,47.98 
Пирожки сдобные с яблоком 90г,32.99 
Булочка 80г Колос Пром Улыбка с сыром,37.98 
Хлеб 5 злаков нарезка Владхлеб 250г,64.99 
Сдоба Майская Колос-пром 100г,28.99 
Слойка Свердловская Колос-Пром 100г,28.98 
Хлеб Кишеневский половинка нарезка 280г Колос-пром,28.98 
Лаваш со вкусом сыра 130г Акопян,26.98 
Слойка 70г пленка Колос-пром Детская,29.99 
Изделие хлебобулочное Сказка со сгущеным молоком 70г Колос Пром,33.98 
Булка сдобная 100г пленка Колос Пром Ярославская,22.99 
Булка с отрубями 100г пленка Колос Пром Бодрость,27.99 
Булочка 100г пленка высший сорт Колос Пром Малышка,25.99 
Булочка высший сорт 100г пленка Колос Пром Изюминка,20.98 
Хлеб Купеческий с изюмом Колос-Пром 300г,62.99 
Хлеб тостовый Американский Артель 400г,90.98 
Хлеб тостовый к завтраку 300г Колос-пром,47.98 
Хлебцы Молодцы Лайт ржаные вафельные 70г,49.89 
Сушки Посольские Невелички 150г,67.79 
"Хлебцы Baker House Итальянские с черным кунжутом, отрубями и оливковым маслом 250г",169.89 
Батон нарезной 300г Колос-пром,19.99 
Тарталетки Queen's 120г Биска,179.99 
Хлеб Бородинский 360г нарезка Колос Пром,59.98 
Хлеб Дарницкий Особый Колос-Пром 600г,45.99 
Хлеб Московский 360г пленка Колос-пром,59.98 
Хлеб для сендвичей пшеничный 470г Харрис,129.98 
Сушки Посольские Меньше дюйма глазурь 150г,67.79 
Сухари Посольские с маком 250г,107.77 
Сушка  обыкновенная Кроха Семейка Озби 200 г,84.96 
Хлеб Ржаной с отрубями 1с 300г нарезка Владхлеб,47.99 
Хлеб белый из пшеничной муки 1с 600г нарезка Колос-пром,52.97 
Хлеб зерновой 8 злаков 250г Колос-пром,69.98 
Хлеб Купеческий с орехом 300г пленка Колос-пром,79.98 
Хлеб Богородский на хмелю 350г нарезка Владхлеб,54.99 
