Яблоко Аврора Ставропольский край,169.99 
Виноград зеленый Томпсон 500г Индия,179.99 
Яблоко Медовое КНР,149.99 
Смесь из орехов бобов горошка Camel 130гр,214.67 
Яблоко сушеное дольки Россия,299.99 
Капуста шинкованная,73.50 
Фундук жареный Самбери 130г,199.99 
Фисташка очищенная несоленая Самбери 90г,249.99 
Орех Пекан 100г Самбери,249.99 
Миндаль жареный 130г Самбери,289.99 
Грецкий орех очищенный 100г Самбери,249.99 
Кешью жареный 130г Самбери,249.99 
Миндаль жареный дробленый Дары природы 150г,229.99 
Грецкий орех в скорлупе Дары природы 500г,399.99 
Курага вяленая шоколадная Россия,639.99 
Чернослив без косточки Чили,449.99 
Салат Лолла Росса в горшочке КФХ Бутков,99.99 
Финики королевские Delight Season 60г,99.99 
Смесь фруктово-ореховая Светлая Delight Season 500г,399.99 
Финики королевские Delight Season 180г,329.99 
Финики королевские с грецким орехом Delight Season 160г,199.99 
Смесь фруктово-ореховая Премиум Delight Season 445г,399.99 
Финики королевские с фундуком Delight Season 160г,199.99 
Смесь фруктово-ореховая Сытая Delight Season 500г,399.99 
Смесь фруктово-ореховая Витамин Delight Season 500г,399.99 
Салат Фриллис АТБ 80г,99.99 
Салат Листовой АТБ 80г,99.99 
Морковь мини Россия 85г,49.99 
Морковь мини Россия 250г,169.99 
Морковь мини Россия 450г,279.99 
Ягода Брусника Хабаровский край 500г,299.99 
Смесь Белая Дача салатная Тоскана 200г,329.99 
Салат Белая Дача Руккола свежая 75г,249.99 
Салат Белая Дача Хрустящий Айсберг 180г,299.99 
Смесь Белая Дача салатная Руккола/Радиччо 75г,259.99 
Смесь Белая Дача салатная Аликанте 130г,259.99 
Помидор Боунтис Новый День,399.99 
"Ягодный микс (голубика, клубника, малина) 150г Артфрут",499.99 
Ягода Клубника 250г Артфрут,529.99 
Редис длинный КНР,189.99 
Семечки полосатые соленые Джинн 200г,154.99 
Семечки полосатые Джинн 200г,179.99 
Микрозелень Клевер на корню 80г Бета Групп,89.99 
Смесь ореховая Толк и Польза 180г,329.99 
Чернослив без косточки Sun Emotions 150г,199.99 
Миндаль жареный соленый в скорлупе Дары Природы 100г,139.99 
Семечки тыквенные Примфуд 150г,139.99 
Кумкват желтый Примфуд 200г,149.99 
Чипсы банановые карамельные Бестфуд 200г,149.99 
Манго сушеное VOI COFFEE 500г,649.99 
Манго сушеное VOI COFFEE 250г,349.99 
Миндаль в соленой карамели Бери орех 50г,169.98 
Арахис в соленой карамели Бери орех 50г,119.98 
Фундук в соленой карамели Бери орех 50г,189.98 
Спаржа 450г Тайланд,799.99 
Грибы Шампиньоны 250г Калужская область,179.99 
Смесь орехов и сухофруктов Дары природы 150г,229.99 
Лук зелень пучок Хабаровск,49.99 
Укроп зелень пучок Хабаровск,39.99 
Персик в сахарном сиропе Примфуд 100г,89.99 
Груша вяленая Примфуд 100г,69.99 
Цукаты кокоса кубики Примфуд 100г,149.99 
Цукаты помело Примфуд 100г,89.99 
Цукаты папайи Примфуд 100г,89.99 
Чипсы фруктовые ассорти Фрукдоза 50г,299.99 
Смесь сухофруктов для глинтвейна Фрукдоза 50г,299.99 
Цукаты манго Примфуд 100г,129.99 
Цукаты киви Примфуд 100г,89.99 
Фундук жареный Примфуд 100г,169.99 
Кешью жареный Примфуд 90г,169.99 
Ореховый микс Примфуд 200г,219.99 
Фундук неочищенный Эковита 300г,199.99 
Грецкий орех неочищенный Эковита 300г,189.99 
Фруктово-ореховая смесь Всегда Добрый день 400г,179.99 
Лук порей КНР фасованный,399.99 
Чернослив с косточкой Сербия,349.98 
Грецкий орех неочищенный Китай,449.99 
Смесь Студенческая Оригинальная Lorenz 175г,384.99 
Смесь Студенческая Особая Lorenz 175г,384.99 
Смесь Студенческая Особая Lorenz 40г,109.99 
Миндаль очищенный жареный со вкусом копчения Lorenz 100г,499.99 
Яблоко Бьюти Новая Зеландия бин,219.99 
Яблоко Старкинг Турция,229.99 
Кешью в карамели с кунжутом Дары Природы 150г,279.99 
Арахис очищенный крупный Россия,299.99 
Арахис в скорлупе Россия,279.99 
Смесь сухофруктов и ягод Sun Emotions 80г,189.99 
Черешня сушеная Sun Emotions 80г,259.99 
Клубника сушеная Sun Emotions 60г,259.99 
Вишня сушеная Sun Emotions 80г,259.99 
Чипсы Апельсин Сибирские Просторы 20г,129.99 
Чипсы Груша Сибирские Просторы 25г,149.99 
Чернослив без косточки крупный Толк и Польза 220г,299.99 
Огурец Бьерн Новый День,399.99 
Яблоко Гренни Смит Турция,179.99 
Манго сушеное натуральное Россия 500г,579.99 
Чеснок стрелки фасованные КНР,299.99 
Кешью сушеный Дары Природы 70г,244.99 
Миндаль жареный Дары Природы 70г,204.99 
Фундук жареный Дары Природы 150г,419.99 
Изюм темный Джамбо Изабелла,649.99 
Арахис жареный соленый Караван Орехов 150г,126.99 
Мясо соевое сушеное Россия,329.99 
Тархун зелень Израиль 50г,149.99 
Чипсы Яблоко Сибирские Просторы 20г,89.99 
Семечки полосатые соленые Джинн 100г,92.99 
Шалфей зелень 50г Израиль,169.99 
Ягода Ежевика 125г Артфрут,529.99 
Смесь ореховая экстра Россия,1299.99 
Микс 8 амарант/руккола КФХ Бутков 55г,159.99 
Кедровый орех в скорлупе жареный Россия,2199.99 
Кешью очищенный крупный Вьетнам,1499.99 
Фисташки жареные соленые Турецкие,1499.99 
Картофель Приморье,65.99 
Снек фруктовый Sun Balls финик/фундук/какао 144г,319.99 
Снек фруктовый Sun Balls инжир/грецкий орех/чиа 144г,319.99 
Кукуруза вареная в початке 1шт DOLE,109.99 
Инжир сушеный Sun Emotions 150г,259.99 
Семечки полосатые со вкусом специй Китай 200г,174.99 
Кедровый орех Сибирский Кедр 200г,679.99 
Кедровый орех Сибирский Кедр 100г,349.99 
Фундук очищенный экстра Россия,1199.99 
Семечки тыквенные соленые Джинн 100г,119.99 
Семечки полосатые Джинн 100г,89.99 
Цукаты папайи Всегда Добрый день 150г,119.99 
Финики Всегда Добрый день 300г,109.99 
Фундук сушеный крупный Фаворит Групп 150г,299.99 
Кешью сушеный крупный Фаворит Групп 150г,299.99 
Миндаль сушеный крупный Фаворит Групп 150г,299.99 
Огурец среднеплодный ТК Толмачевский,189.99 
Чипсы банановые Россия,579.99 
Кешью очищенный жареный Россия,1499.99 
Фисташки жареные соленые с шафраном Россия,1499.99 
Фундук очищенный обжаренный Россия,1199.99 
Абрикос вяленый Sun Emotions 150г,198.99 
Семечки тыквенные фасованные,783.30 
Компотная смесь элитная Россия,349.99 
Фундук жареный Всегда Добрый день 50г,89.99 
Кедровый орех Сибирский Кедр 50г,209.99 
Смесь орехов и сухофруктов Royal Mix Camel 150г,549.99 
Семечки Всегда Добрый день 300г,99.99 
Семечки Всегда Добрый день 180г,19.99 
Изюм Всегда Добрый день 150г,39.99 
Кедровый орех очищенный Россия,2199.99 
Кешью сушеный Всегда Добрый день 100г,179.99 
Грецкий орех очищенный Всегда Добрый день 150г,219.99 
Миндаль сушеный Всегда Добрый день 100г,199.99 
Фундук жареный Всегда Добрый день 150г,239.99 
Апельсин цедра Россия,1099.99 
Фисташки жареные соленые Россия,1499.99 
Кешью жареный соленый в скорлупе,1499.99 
Миндаль жареный Россия,1199.99 
Макадамия неочищенная Россия,1099.99 
Бразильский орех Россия,1699.99 
Вишня сушеная Россия,799.99 
Огурец среднеплодный ТК Толмачевский 600г,149.99 
Яблоко Айдаред Молдова,159.99 
Смесь орехово-фруктовая Sabrina 200г,159.99 
Чернослив без косточки Россия,399.99 
Финики сушеные Алжир,399.99 
Цукаты имбиря Таиланд,699.99 
Семечки тыквенные очищенные Россия,749.99 
Клюква сушеная Россия,859.99 
Смесь орехов и сухофруктов Luxury Camel 130г,199.99 
Цукаты манго Таиланд,649.99 
Изюм светлый Голден Россия,399.99 
Курага монетка Россия,399.99 
Урюк Россия,349.99 
Семечки подсолнечника очищенные Россия,249.99 
Миндаль жареный соленый в скорлупе Россия,1199.99 
Пекан неочищенный,1199.99 
Шиповник сушеный Россия,349.99 
Смесь ореховая Трио Фруктовая Энергия 35г,99.99 
Миндаль Camel печеный 40г,139.99 
Миндаль Camel жареный с медом 40г,139.99 
Арахис в кокосовом соке Sabrina 125г,69.99 
Миндаль Camel печеный 150г,449.99 
Кешью Camel жареный с медом 40г,149.99 
Семечки черные Джинн с морской солью 140г,102.99 
Семечки полосатые со вкусом специй Китай 130г,134.99 
Семечки полосатые оригинальные Китай 130г,134.99 
Семечки полосатые соленые Китай 130г,134.99 
Грецкий орех очищенный Россия,999.99 
Арахис в кунжуте Россия,399.99 
Грецкий орех очищенный Сабрина 100г,139.99 
Микс 7 руккола/мизуна/горчица КФХ Бутков 60г,139.99 
Помидор розовый Томимаро Мучо Новый день,599.99 
Изюм в шоколаде Россия,639.99 
Чернослив в шоколаде Россия,699.99 
Курага в шоколаде Россия,699.99 
Цукаты ананаса кольца Таиланд,699.99 
Арахис в шоколаде Россия,539.99 
Миндаль в сахаре Россия,899.99 
Грецкий орех в шоколаде Россия,899.99 
Физалис Колумбия 100г,199.99 
Цукаты помело Таиланд,649.99 
Цукаты персика КНР,499.99 
Цукаты киви КНР,549.99 
Хурма вяленая Армения,799.99 
Цукаты папайи Тайланд,599.99 
Рулеты из сушеной дыни с изюмом,529.99 
Финики Королевские Израиль,1199.99 
Семечки полосатые фасованные,249.99 
Семечки полосатые Россия,239.99 
Кешью в шоколаде Россия,849.99 
Арахис в сахаре Россия,389.99 
Фундук в шоколаде Россия,899.99 
Кешью в кунжуте Россия,849.99 
Миндаль в шоколаде Россия,899.99 
Фундук в кунжуте Россия,849.99 
Салат дуболистный в горшочке КФХ Бутков,99.99 
Салат листовой Трио в горшочке КФХ Бутков,99.99 
Грибы белые сушеные Кур-Восток-Урми 50г,329.99 
Арахис очищенный фасованный 400г,324.99 
Яблоко сметанное сушеное Filipino Sun 100г,129.99 
Дыня Мускусная сушеная Filipino Sun 100г,219.99 
Ананас сушеный Filipino Sun 100г,169.99 
Арахис в тростниковом сахаре Джаз 130г,99.99 
"Микс 6 (микс листьев салата, кейл, руккола) 65г КФХ Бутков",139.99 
"Микс 4 (микс листьев салата, мангольд, руккола) 65г КФХ Бутков",139.99 
Яблоко Лиголь Молдова,179.99 
Яблоко Фуше КНР,149.99 
Чеснок КНР фасованный,299.99 
Мясо соевое 100г,39.99 
Мизуна зелень Новый День 30г,69.99 
Изюм Малаяр ЭТО 350г,139.99 
Яблоко сушеное БестФуд 200г,99.99 
Изюм темный Афганский Примфуд 500г,159.99 
Изюм светлый Малаяр Примфуд 500г,219.99 
"Микс 5 (микс листьев салата, мизуна, комацуна, тат сой, пак чой) 80г КФХ Бутков",139.99 
Инжир сушеный Турция 200г,119.99 
Арахис в кунжуте Бестфуд 150г,59.99 
Лук репчатый Казахстан,59.99 
Компотная смесь Россия,249.99 
Грецкий орех очищенный экстра Чили,1599.99 
Петрушка зелень пучок Хабаровск,699.99 
Фруктовый лаваш клюквенный со сливой Семушка 80г,137.99 
Фруктовый лаваш сливовый Семушка 80г,137.99 
Капуста белокочанная фасованная КНР,96.99 
Ореховый микс Примфуд 100г,149.99 
Руккола зелень Белая Дача 65г,299.99 
Салат Лазурный берег Белая Дача 150г,329.99 
Морковь мытая фасованная КНР,96.99 
Арахис жареный соленый Караван орехов 50г,43.99 
Салат зелень 80г,29.99 
Кешью очищенный Вьетнам,1499.99 
Салат листовой Новый день 130г,89.99 
Миндаль очищенный Россия,1199.99 
Ягода Голубика 125г Мексика,499.99 
Авокадо Хаас 2шт Израиль,599.99 
Арахис жареный соленый Караван орехов 90г,86.99 
Свекла КНР,79.99 
Груша Семпре ЮАР,279.99 
Груша Ред Бартлет Аргентина,349.99 
Груша Вильямс Аргентина,249.99 
Изюм Джамбо Флейм ЭТО 350г,199.99 
Изюм Голден ЭТО 350г,169.99 
Грецкий орех ЭТО 300г,399.99 
Манго сушеное Filipino Sun 100г,279.99 
Папайя Таиланд,2299.99 
Сельдерей зелень Новый день 30г,69.99 
Салат Саланова в горшке КФХ Бутков,99.99 
Огурец маленький фасованный КНР,206.99 
Капуста Пекинская фасованная КНР,149.99 
Цукаты ананаса микс палочки Таиланд,699.99 
Цукаты ананаса микс листики Таиланд,699.99 
Цукаты ананаса кубики Тайланд,649.99 
Огурец среднеплодный Мева Новый день,329.99 
Грибы подосиновики сушеные Лесные угодья 50г,299.99 
Изюм Джамбо темный Чили,449.99 
Изюм Джамбо светлый Чили,699.99 
Коктейль Джаз Студенческий 150г,239.99 
Семечки черные Джинн с морской солью 70г,49.99 
Семечки черные Джинн с морской солью 250г,179.99 
Смесь фруктово ореховая Смайл Фруктовая Энергия 50г,69.99 
Смесь ягодно ореховая Лав Фруктовая Энергия 45г,63.99 
Бананы сушеные Вьетнам 100г,79.99 
Домашний компот Ассорти 375г,99.99 
Арахис очищенный Индия,299.99 
Арахис жареный в скорлупе Панда КНР 300г,99.99 
Салат Романо КФК Бутков,89.99 
"Микс 2 (микс листьев салата, мангольд) 80г КФХ Бутков",139.99 
"Микс 3 (микс листьев салата, пак чой, мизуна, мангольд) 80г КФХ Бутков",139.99 
Укроп зелень 75г,59.99 
Ростки сои Хан О.Ю 400г,99.99 
"Микс 1 (микс листьев салата, горчица листовая) 80г КФХ Бутков",139.99 
Кинза 75г,59.99 
Лук зеленый 75г,59.99 
Петрушка зелень 75г,59.99 
Лук порей КНР,399.99 
Смесь клюквы и арахиса Джой Фруктовая Энергия 55г,56.99 
Сместь фруктов и арахиса Бит Фруктовая Энергия 55г,34.99 
Курага Сабрина 200г,139.99 
Домашний компот Вишня Райсад 375г,164.99 
Семечки черные Бабкины 300г,152.99 
Семечки черные Бабкины 500г,224.99 
Миндаль жареный Сабрина 125г,219.99 
Финики мягкие Иран,299.99 
Шпинат свежий КНР,299.99 
Грибы древесные сушеные КНР 14г,19.99 
Салат Фриллис в горшке КФХ Бутков,99.99 
Грибы ассорти сушеные Лесные угодья 45г,299.99 
Изюм золотой Дары природы 150г,279.99 
Огурец коктейльный Ларино Новый день,499.99 
Бананы Эквадор,129.99 
Ягода Клубника Египет,1499.99 
Укроп зелень в горшке КФХ Бутков,89.99 
Базилик зелень в горшочке КФХ Бутков,99.99 
Кинза зелень 50г КНР,49.99 
Кинза зелень в горшке КФХ Бутков,89.99 
Редис свежий КНР,189.99 
Лук зелень 90г Россия,69.99 
Салат Айсберг Россия,699.99 
Укроп зелень 30г Казахстан,29.99 
Петрушка зелень 30г Казахстан,29.99 
Ростки сои Хан О.Ю 200г,59.99 
Помидор мини красный фасованный КНР,299.99 
Укроп зелень Казахстан 90г,79.99 
Сельдерей зелень в горшочке КФХ Бутков,89.99 
Лук зеленый в горшке КФК Бутков,89.99 
Щавель зелень в горшке КФХ Бутков,89.99 
Салат Мангольд в горшке КФХ Бутков,89.99 
Мята зелень в горшке КФК Бутков,89.99 
Петрушка зелень в горшочке КФХ Бутков,89.99 
Зелень свежая ассорти на подложке 60г,59.99 
Петрушка зелень 90г Казахстан,69.99 
Грибы Шиитаке свежие КНР,399.99 
Грибы Вешенка свежие Хабаровск 300г,169.99 
Грибы Вешенка Королевская КНР,279.99 
Капуста Пекинская КНР,139.99 
Руккола в горшочке КФХ Бутков,89.99 
Кабачок фасованный КНР,175.99 
Картофель для варки 3кг Россия,439.99 
"Картофель Любимый 2,5кг",369.99 
Перец острый КНР,249.99 
Чеснок стрелки КНР,299.99 
Капуста Брокколи КНР,299.99 
Баклажан КНР,179.99 
Перец желтый КНР,229.99 
Лоба КНР,99.99 
Перец зеленый КНР,229.99 
Перец красный/желтый фасованный КНР,239.99 
Семечки черные Джинн 250г,176.99 
Морковь мытая КНР,89.99 
Кешью жареный Семушка 150г,299.99 
Смесь жареных орехов и изюма Семушка 250г,399.99 
Чернослив сушеный без косточек Дары природы 150г,239.99 
Семечки черные От Мартина 200г,99.99 
Смесь орехов жареных пекан/макадамия Семушка 150г,369.99 
Миндаль жареный Семушка 150г,326.99 
Семечки черные От Мартина 500г,249.99 
Семечки черные Джинн 350г,219.99 
Помидор розовый КНР,229.99 
Салат листовой в горшочке КФХ Бутков,89.99 
Помидор на ветке красный КНР,249.99 
Виноград зеленый Индия,229.99 
Грейпфрут Турция,249.99 
Огурец длинный КНР,149.99 
Ягода Клубника КНР,999.99 
Семечки тыквенные От Мартина 100г,149.99 
Лимон Турция,189.99 
Яблоко Гала Новая Зеландия,229.99 
Арахис жареный в скорлупе Семушка 250г,169.99 
Груша Аббат Аргентина,429.99 
Семечки черные Джинн 140г,99.99 
Семечки черные Джинн 70г,49.99 
Семечки черные От Мартина с морской солью 200г,109.99 
Коктейль орехов и сухофруктов Джаз 150г,324.99 
Семечки черные От Мартина 100г,39.99 
Семечки черные Бабкины 100г,52.99 
Семечки черные соленые Бабкины 100г,52.99 
Домашний компот Яблоко Райсад 375г,137.99 
Смесь сладкая жареные орехи/цукаты Семушка 150г,209.99 
Грецкий орех очищенный Семушка 110г,299.99 
Перец красный КНР,229.99 
Компот домашний Абрикос Райсад 375г,164.99 
