Клюшка хоккейная детская мини прямой крюк 70см,80
Ледянка мягкая круглая Летяшка 33х33см,40
Ледянка Snow Assss,40
Клюшка детская STC прямая,150
Клюшка взрослая STC левая,250
Тюбинг с ручками 65см,350
Пакет крафт 43х32х17см с плоской ручкой,19.99
Сумка Эко д/покупок 35х44х12см Самбери зеленый,49.99
Пакет-майка 30х15х54см биоразлагаемая 25шт,99.99
Пакеты универсальные 22х30 80шт Всегда Добрый День,39.99
Пакеты для замораживания 25х32 30шт CELESTA,59.97
Пакеты для льда 240 кубиков самозакрывающиеся Грифон,89.98
Пакет-майка Самбери 300х550 30мкм белый,6.99
Пакеты для замораживания 25x35см 30шт Самбери,74.99
Пакеты фасовочные Всегда Добрый День 26х35см 500шт,249.98
Пакеты для хранения и замораживания 10шт 15х22см One Time,48.97
Пакеты универсальные Самбери 25х35см 100шт,89.99
Пакеты фасовочные 25х40см 200шт ILO,359.98
Пакеты для запекания 30х40см 4шт Самбери,59.99
Пакет-майка Самбери 400х650 40мкм белый,8.99
Пакеты универсальные Самбери Bio 25х40см 120шт,169.99
Термопакет 2х45см с ручками Самбери,159.98
Пакеты универсальные Самбери 25х35см 300шт,229.99
"Напиток энергетический Adrenaline Rush Juicy 0,449л",174.98
"Напиток энергетический Adrenaline Rush 0,25л",119.98
"Напиток энергетический Adrenaline Rush 0,449л",174.98
Напиток энергетический Drive me Ориджинал 1л,139.98
"Напиток энергетический Red Bull кокос с ягодами 0,25л",129.87
"Напиток энергетический Drive Me Ориджинал 0,449л",84.98
"Напиток энергетический Flash 0,5л",64.98
"Напиток энергетический Red Bull 0,355л",159.98
"Напиток энергетический Red Bull без сахара 0,25л",129.87
"Напиток Bombbar лайм/мята/L-карнитин 0,5л",159.98
"Напиток Bombbar грейпфрут/L-карнитин 0,5л",159.98
"Напиток энергетический Burn оригинальный 0,449л",149.98
"Напиток энергетический Red Bull 0,25л",129.87
"Напиток энергетический Adrenaline Rush Red 0,449л",174.98
"Напиток энергетический Adrenaline Game Fuel 0,449л",174.98
Пиво Hermann muller светлое 0.5л 4%,99.98
"Напиток энергетический Red Bull 0,473л",188.96
"Напиток энергетический Red Bull арбуз 0,25л",129.87
Напиток Тоник 1л классический пэт,64.98
Напиток энергетический Flash 1л,119.98
Напиток Evervess тоник газированный 1л,114.98
"Напиток энергетический Burn темная энергия 0,449л",149.98
Напиток Тоник 1л Лимон пэт,64.98
Грунт универсальный Народный грунт 5л,67.99
Аэрозоль от моли Армоль 140см3,149.98
Перчатки садовые ХБ черные 10 класс 80г двойные,77.98
Гель от тараканов муравьев Раптор 75мл,399.98
Перчатки садовые ХБ белые 10 класс 40г 10шт,289.98
Перчатки садовые ХБ белые 10 класс 60г Супер Мастер,49.98
Перчатки белые ХБ 7 класс 26г Народные,29.89
Удобрение для комнатных растений Бона Форте Здоровье 285мл,177.98
Подвеска от моли Раптор Лаванда подвеска картон,99.98
Черенок деревянный для лопат/вил 40х120см,134.98
Перчатки садовые нейлон цветные 13кл 25г точка,74.98
Пластины от моли Армоль 10шт,69.98
Удобрение для декоративно-цветущих растений Добрая Сила 250мл,109.98
Перчатки черные ХБ 10 класс 40г Стандарт,34.98
Перчатки садовые нитриловые Обливные рМ Pumpkin,99.98
Перчатки садовые полиуретановое покрытие рМ Pumpkin,99.98
Удобрение универсальное Добрая Сила 250мл,109.98
Удобрение для орхидей Бона Форте Здоровье 285мл,177.98
Удобрение для декоративно-лиственных растений Добрая Сила 250мл,109.98
Дихлофос Варан А Универсальный 440мл,149.98
"Субстрат Кактус PROF 2,5л",127.99
Аэрозоль от ползающих и летающих насекомых CombatMultiSpray 400мл,499.98
"Субстрат Туф вулканический 0,5кг",84.99
Секция защита от моли Раптор без запаха,149.96
Перчатки садовые ХБ черные 10 класс Тигр Лайт,34.98
Удобрение для декоративно-лиственных растений Бона Форте 285мл,177.98
Удобрение для комнатных растений Бона Форте Красота 285мл,177.98
Аэрозоль от насекомых Дихлофос Нео 190см3,119.99
Удобрение для орхидей Бона Форте Красота 285мл,177.98
Ловушка от тараканов Тайга клеевая,69.98
"Распылитель ручной 0,5л",119.96
Шпагат полипропиленовый 100м,104.96
Аэрозоль от резистентных тараканов Раптор 430мл,649.96
"Лейка пластик М-пластика 1,5л",199.98
Система ликвидации тараканов Раптор гель + 4ловушки,349.89
Гель от тараканов-муравьев Чистый дом шприц 20г,64.98
Диски-ловушки от тараканов Super Bait Combat 6шт,599.98
Ловушка от тараканов Раптор 6шт,349.89
Аэрозоль от ползающих насекомых Раптор 350мл,399.89
Дренаж керамзит Бона Агро 2л,57.99
Аквафумигатор Раптор система ликвидации насекомых,649.89
Ловушка от тараканов Аргус,49.98
Продукт питьевой овсяный Velle малина 250г,154.99
Молочко Кедровое Сава 200мл,219.99
Батончик глазированный Bombbar Фундучное пралине 40г,99.98
Подушечки хрустящие персик 200г,84.99
Батончик протеиновый глазированный Chikalab Фисташковый крем 60г,164.99
Отруби DiaDar ржаные-Бородинские 200г,54.23
Печенье Protein Rex протеиновое 25% миндаль-лимон 50г,89.99
Батончик глазированный Bombbar Малиновый сорбет 40г,99.98
Леденцы Радоград с прополисом лимон/мёд 32г,99.98
Батончик глазированный Snaq Fabriq Манго/маракуйя 40г,84.97
Леденцы Радоград с прополисом мята/ментол 32г,99.98
Гематоген Витамины плюс 40г,29.99
Батончик глазированный Bombbar Банановый пудинг 40г,99.98
Батончик протеиновый Bombbar Тирамису 60г,139.98
Кисель овсяный Detox Bio Компас здоровья 25г,24.99
Батончик глазированный Bombbar Кокосовый торт 40г,99.98
Леденцы Радоград прополис/шалфей 32г,99.98
Крекер Eco Botanica пищевые волокна/картофель/зелень 175г,109.99
Батончик протеиновый глазированный Chikalab Клубника со сливками 60г,164.99
"Напиток овсяный Nemoloko 3,2% ваниль 1л",139.99
Леденцы Радоград с прополисом облепиха/мед 32г,99.98
Молочко кедровое Сава лайт 500мл,259.99
Шоколад горький Eco Botanica апельсин и витамины 90г,204.97
Молоко кедровое Сава кокос/кешью 200мл,161.99
Фруктоза Novasweet 500г,264.96
Халва подсолнечная с фруктозой в шоколадной глазури 68г,84.98
Печенье Protein Rex протеиновое 25% шоколад-вишня 50г,89.99
Шарики кукурузные Здоровей 30г,89.97
Печенье Bombbar неглазированное Кокос 40г,89.98
Напиток соевый ALPRO банан/витамины/кальций 1л,379.99
Конфеты Петродиет на фруктозе грильяжные 200г,239.99
Молочко кедровое Сава фундук/миндаль 200мл,169.99
Джем на фруктозе брусника Мир здоровья 300г,149.99
Гематоген Русский новый с кедровым орехом 40г,37.96
Батончик протеиновый Bombbar Манго-банан 60г,139.98
Пряник Петродиет Шоколадный на фруктозе 350г,209.89
Каша Худейка Компас Здоровья 250г,137.98
Хлеб вафельный Elizaveta витаминизированный 80г,54.98
Печенье Мария Santiveri без глютена 185г,299.98
Пюре стерилизованное 450г яблоко/персик Будь здоров АВС,99.98
Печенье протеиновое глазированное Chikalab Арахис 60г,159.99
Подушечки хрустящие молочный Каприз 200г,84.99
Шоколад горький Eco Botanica имбирь 90г,204.97
Каша Bionova без сахара овсяная шоколад протеин 40г,49.97
Пюре стерилизованное Будь здоров АВС яблоко-банан 450г,99.98
Батончики Умные сладости без глютен белая глазурь 20г,39.98
Кисель имбирный Detox Bio Компас здоровья 25г,24.99
Шоколад молочный Eco Botanica злаки и витамины 90г,204.97
Заменитель сахара Novasweet 1200 таблеток,209.98
Батончик Protein Bar со вкусом банана 50г,69.99
Пирожное Protein Rex Брауни/вишня 50г,134.96
Батончик Protein Bar со вкусом кокоса 50г,69.99
Батончики Умные сладости б/глютен лесная ягода 20г,39.98
Отруби DiaDar пшеничные хрустящие 200г,54.23
Конфеты Петродиет на сорбите желейные 200г,189.99
Пирожное Protein Rex Брауни 50г,134.96
Батончик глазированный Snaq Fabriq Ананас 40г,84.97
Фруктоза Novasweet 250г,154.96
Корнерсы Dr. Korner с оливковым маслом и розмарином 50г,59.98
Крекер Eco botanica отруби/сладкий перец/зелень 175г,109.99
Пряники Петродиет на фруктозе абрикос 340г,209.89
Шарики рисовые Здоровей 30г,89.97
Сухарики без сахара Клюква 40г,94.97
Лепешка Тарталетка Чудо-хрустяшка 30г,64.67
Напиток овсяный Nemoloko классический лайт 1л,139.99
Печенье неглазированное Вишня Bombbar 40г,89.98
Напиток овсяный Nemoloko фруктовый Экзотик 1л,139.99
Печенье Eco Botanica с бета каротином и курагой 200г,129.99
Напиток соевый Nemoloko 1л,139.99
Отруби пшеничные с брусникой СибТар 200г,54.23
Крем-суп Bionova протеиновый сырный 20г,64.99
Сухарики без сахара Черника 40г,94.97
Пюре стерилизованное Будь здоров АВС яблоко 450г,99.98
Батончик Protein Bar со вкусом карамели 50г,69.99
"Напиток соевый 1,8% 1л фундук Hi",187.97
Каша Bionova без сахара овсяная яблоко протеин 40г,49.97
Шоколад без сахара с тертым миндалем Украли сахар Красный Октябрь 90г,164.99
Батончики Умные сладости без глютена кокос 20г,39.98
Напиток кокосовый Nemoloko 1л,177.99
Напиток миндальный Nemoloko 1л,177.99
Конфеты Нуга Пина Колада на фруктозе 180г,159.88
Заменитель сахара Novasweet 650 таблеток,139.98
Шоколад Молочный 36% какао на стевии 50г,84.79
Корнерсы Dr.Korner с томатом и базиликом 50г,59.98
Батончик глазированный Snaq Fabriq Кокос 40г,84.97
Напиток овсяный Nemoloko классический 1л,134.99
Халва арахисовая с фруктозой в шоколадной глазури 68г,74.96
Батончики Умные сладости без глютена шоколадная глазурь 20г,39.98
Конфитюр без сахара Slim Dream манго 300г,249.96
Пюре яблоко/облепиха Будь здоров АВС 280г,69.98
Пюре стерилизованное Будь здоров АВС яблоко/груша 450г,99.98
Зефир Eco Botanica каркаде/витамины 135г,174.99
Клетчатка пшеничная крупная Компас здоровья 150г,79.79
Напиток гречневый Nemoloko классический 1л,139.99
Стевия Novasweet 200г,619.89
Отруби овсяные Компас здоровья 200г,89.89
Кисель облепиховый Detox Bio Компас здоровья 25г,24.99
Конфитюр без сахара Slim Dream клубника-земляника 300г,249.96
Пастила без сахара Белевская клюква 50г,64.99
Отруби ржаные диетические 180г,64.99
Хлебец протеино-злаковый Protein Rex банан 55г,104.96
Напиток овсяный Nemoloko классический экстралайт 1л,134.99
Корнерсы Dr. Korner с сыром 50г,59.98
Крем-суп Bionova протеиновый шпинат 20г,64.99
Конфитюр без сахара Slim Dream маракуйя 300г,249.96
Напиток рисовый 1л кокос Green Milk,187.97
Напиток рисовый 1л миндаль Barista Green Milk,219.99
Крем-суп Bionova протеиновый томатный 20г,64.99
Шоколад Горький 72% какао на стевии 50г ПВ,84.79
Хлебцы пшенично-ржаные Здоровое Меню 90г,34.96
Крем-суп Bionova протеиновый тыква 20г,64.99
Заменитель сахара №10 FitParad 100 саше,229.98
Кокосовое молоко 60% AROY-D 250мл,229.98
Каша Bionova без сахара овсяная семена чиа протеин 40г,49.97
Печенье овсяное без сахара Искусство Жить 5 злаков 200г,139.97
Пастила без сахара Белевская классическая 50г,64.99
Конфитюр без сахара Slim Dream апельсин 300г,249.96
Печенье овсяное без сахара Искусство Жить классическое 200г,139.97
"Пиво безалкогольное Горьковская пивоварня светлое нефильтрованное 0,33л",99.98
"Напиток пивной Amstel Натур Лайм/Мята безалкогольный 0,43л",74.98
"Напиток пивной Amstel Натур Малина безалкогольный 0,43л",74.98
"Пиво Tsingtao светлое безалкогольное 0,33л",89.98
"Пиво Майзелс Вайс Алькогольфри светлое безалкогольное 0,5л",184.79
"Пиво Балтика №0 безалкогольное лайм 0,33л",67.97
"Пиво Балтика №0 безалкогольное грейпфрут 0,33л",67.97
"Пиво Hite Free светлое безалкогольное 0,355л",94.98
"Напиток пивной безалкогольный Амстел 0% Натур Апельсин/Грейпфрут 0,43л",74.98
"Пиво Stella Artois безалкогольное 0,44л",97.98
"Пиво Bud светлое безалкогольное 0,45л",77.98
"Шампанское Absolute Nature безалкогольное полусладкое 0,75л",299.97
"Напиток пивной ESSA ананас/грейпфрут безалкогольное 0,45л",84.98
"Пиво Балтика №0 пшеничное нефильтрованное безалкогольное 0,45л",69.96
"Напиток Вино безалкогольное Лайт Хаус 0,75л 0,5%",679.87
"Пиво Амстел безалкогольное 0,33л",54.98
"Пиво Сладовар пшеничное безалкогольное светлое 0,5л",79.97
"Пиво Афанасий Марочное светлое безалкогольное 0,5л",99.78
Грибы Белые соленые 360г,479.99
Огурцы соленые СХП Колос,229.99
Огурчики Лукашинские бутербродные по-европейски 670г,269.98
Корнишоны острые Kuhne 530г,549.98
Фасоль печеная в томатном соусе Пиканта 530г,189.98
Брускетта из оливок Каламата и зеленых оливок Delphi 230г,419.98
Шампиньоны резаные с трюфелем Pucci 228мл,359.98
Оливки с косточками черные Каламата Astir 250г,429.98
Индейка курага и грецкий орех Медовый дом 250г,399.89
Капуста белокочанная острая Соленья ДВ 400г,129.99
Оливки с косточкой в оливковом масле Каламата Lelia 275г,419.98
Сельдь тихоокеанская натуральная Делатика 245г,59.98
Оливки с косточкой в рассоле Delphi 350г,298.98
Оливки Delphi маринованные 480г,499.98
Скумбрия с овощным гарниром в томатном соусе За Родину 185г,119.98
Лечо Noyan 560г,239.98
Курица с тыквой Медовый дом 250г,399.89
Оливки с анчоусом Bonduelle 314г,219.98
Оливки с лимоном Bonduelle 314г,219.98
Оливки с миндалем Delphi 350г,429.98
Перец острый в томатной мякоти Лукашинские 670г,219.98
Оливки с тунцом Maestro de Oliva 300г,189.99
Фасоль белая в томатном соусе Bonduelle 425мл,109.98
Окунь речной томат и каперсы Медовый дом 250г,399.89
Кролик с можжевеловой ягодой Медовый дом 250г,399.89
Каша гречневая с говядиной Бурятмясопром 340г,119.98
Салат Кактуги из редьки Koyori 300г,179.99
Икра баклажановая Noyan 370г,189.98
Баклажаны на гриле Pucci 314мл,329.98
Оливки со сладким перцем Bonduelle 314мл,219.98
Артишоки La Rambla 415г,439.98
Фасоль гигантская запечённая с овощами Ресторация Обломов 420г,196.98
Лечо Bonduelle 500мл,219.98
Мясо утки Охота МКК Балтийский 325г,176.98
Артишоки целые Iposea 290г,399.98
Оливки с каперсом Iberica 300г,189.99
Оливки без косточки Maestro de Oliva 175г,149.98
Томаты вяленые по-Мексикански Brand Oil 250г,229.98
Карп зеркальный с грецким орехом и изюмом Медовый дом 250г,399.89
Огурцы маринованные 6-9см Bonduelle 680г,249.98
Оливки с косточкой ассорти Каламон Lelia 110г,129.98
Салат Кимчи слабоострый Koyori 500г,289.99
Оливки с косточкой Maestro de Oliva 300г,229.98
Ассорти из оливок традиционное Astir 250г,449.98
Ассорти маринованное кабачки/черри/огурцы Меленъ 900г,189.98
Оливки фаршированные голубым сыром Bonduelle 314г,219.98
Оливки зеленые с косточкой Arbeqvina La Rambla 370г,249.98
Маслины Чика с косточкой Iberica 200г,189.98
Маслины натуральные с косточкой в рассоле DELPHI 350г,389.98
Оливки с лимоном Maestro de Oliva 300г,189.99
Фасоль красная Барбекю Bonduelle 350мл,169.98
Мясо индейки филе Хохлома Балтийский МКК 325г,198.98
Оливки с косточкой Всегда Добрый День 300мл,75.98
Фасоль белая в собственном соку Bonduelle 425г,129.98
Ассорти из оливок пикантное Astir 250г,459.98
Мясо лося Охота Балтийский МКК 325г,249.98
Опята маринованные Самбери 580мл,289.99
Каша гречневая со свининой по-домашнему Губернаторская Главпродукт 340г,99.98
Оливки с сыром Maestro de Oliva 300г,189.99
Артишоки маринованные La Rambla 415г,439.98
Чеснок Экопродукт маринованный 260г,189.98
Огурцы Bonduelle 3-6см 540г,239.98
Шампиньоны маринованные Самбери 580мл,269.99
Каша перловая с говядиной Премиум ГОСТ Орский МК 250г,129.98
Тунец кусочки в масле Фортуна Мистраль 185г,229.98
Каша гречневая с говядиной по-домашнему Губернаторская Главпродукт 340г,99.98
Огурцы с перцем Sonna Mera 720мл,239.98
Салат с тунцом/нут/овощи Fortuna 160г,219.98
Фасоль красная в соусе чили Bonduelle 425мл,139.98
Тунец в оливковом масле Iberica 160г,359.98
Килька неразделанная в томатном соусе За Родину 240г,74.98
Перец зеленый маринованный Delphi 320г,319.98
Горошек Bonduelle 530г,219.98
Шампиньоны резаные отборные Самбери 425мл,119.99
Грибы лисички маринованные Лукашинские 340г,349.98
Оливки с сушенными томатами Delphi 350г,429.98
Томаты вяленые по-Восточному Brand Oil 250г,229.98
Килька с овощами по-гавайски За Родину 240г,87.98
Закуска из баклажанов с печеным перчиком Ресторация Обломов 420г,169.98
Баранина тушеная высший сорт ГОСТ Мясной завод Алтая 338г,209.98
Оливки микс Bellа Contadina 290г,349.98
Лучок Kuhne серебристый маринованный 170г,229.98
Огурчики Лукашинские по-старорусски с зеленью и дубовым листом 670г,199.98
Оливки зеленые крупные с косточкой Pucci 310г,289.98
Имбирь маринованный Экстра SanBonsai 300г,129.98
Грибы Шиитаке маринованные КФХ Федорович 250г,149.99
Оливки целые Iposea 290г,199.98
Помидоры соленые Соленья ДВ 600г,149.99
Имбирь маринованный 300г КНР,69.99
Оливки креветка Maestro de Oliva 300г,189.99
Маслины без косточек ITLV 170г,129.98
Оливки с прованскими травами Iberica 70г,189.98
Каша рисовая с говядиной Премиум ГОСТ Орский МК 250г,129.98
Перец Iberica острый Piri-Piri консервированный 106г,156.98
Фасоль белая Дижонская Фрау Марта 310г,106.98
Сельдь тихоокеанская натуральная НРК 250г,69.98
Сладкий перец на гриле Pucci 314мл,319.98
Каша перловая с говядиной Бурятмясопром 340г,119.98
Каша гречневая с говядиной Премиум ГОСТ Орский МК 250г,129.98
Огурцы малосольные Монастырские бочковые МеленЪ 900г,179.98
Свинина тушеная высший сорт ГОСТ МКК Балтийский 325г,219.98
Оливки без косточки Iberica 300г,229.98
Икра из запеченного лука с вялеными томатами 250г,179.98
Икра из запеченных грибов с вялеными томатами Tomtom 250г,229.98
Капоната запеченные баклажаны/вяленые томаты Tomtom 250г,199.98
Салат с тунцом/кукуруза/овощи Fortuna 160г,219.98
Каша перловая с говядиной ТУ Орск 340г,79.98
Маслины Iberica крупные с косточкой 420г,246.98
Шампиньоны отборные резаные Самбери 850мл,199.69
Судак с лесной клюквой и шампиньонами Медовый дом 250г,399.89
Суп гороховый с мясом Рузком 540г,109.98
Оливки с семгой Maestro de Oliva 300г,189.99
Фасоль печеная со сладким перцем Bonduelle 350мл,169.98
Оливки красные гигант Bella Contadina 290г,329.98
Оливки без косточек Maestro de Oliva 300г,179.98
Оливки  ночеллара Bella Contadina 290г,329.98
Томаты маринованные Дядя Ваня 680г,149.98
Суп харчо с мясом Рузком 540г,109.98
Груша половинки Всегда Добрый День 425мл,109.99
Грибы Маслята маринованные Mikado 580мл,319.98
Энсалада запеченные огурцы/вяленые томаты Tomtom 250г,199.98
Сардина иваси натуральная Примрыбснаб 250г,76.98
Фасоль белая Прованская Фрау Марта 310г,106.98
Печень минтая Рыблевка Камчатка 250г,149.98
Компот лонган SeiYo 580мл,199.97
Оливки с паприкой Iberica 70г,189.98
Килька обжаренная в томатном соусе Вкусные Консервы 240г,99.98
Капуста соленая Чили Арсеньевское Подворье 500г,199.99
Тунец рубленый в масле Фортуна Мистраль 185г,199.98
Тунец в собственном соку Iberica 160г,289.98
Рузком Горох с копченостями 325г,66.98
Имбирь маринованый 150г КНР,49.99
Буженина Класcическая Главпродукт 325г,259.98
Каша рисовая с говядиной Бурятмясопром 340г,119.98
Каша гречневая с говядиной Орский МК 340г,79.98
Паштет из тунца Setra 80г,169.98
Икра из баклажанов Угощение Славянки 545г,159.98
Салат ДВ с кальмаром Всегда Добрый день 220г,59.99
Маслины с косточкой Delphi 420г,279.98
Грибы Маслята маринованные Микадо 314мл,166.98
Томаты вяленые по-Французски Brand Oil 250г,229.98
Кукуруза Globus 340г,129.98
Икра баклажанная Пиканта 520г,169.98
Оливки с чесноком и тимьяном Iberica 70г,189.98
Перчики Французские яблочки Дядя Ваня 680г,196.98
Грибное лукошко отборные Скатерть самобранка 580мл,259.98
Компот папайа красная SeiYo 425мл,197.98
Кимчи из огурцов Угай 300г,139.99
Горошек Globus 400г,119.98
Каша рисовая с говядиной Орский МК 340г,79.98
Фасоль белая в томатном соусе Globus 425мл,119.98
Иваси сардина копченая в масле Доброфлот 210г,119.98
Огурчики соленые Globus 950мл,219.98
Печень минтая по-приморски Примрыбснаб 240г,49.99
Корюшка в томатном соусе Хозяин Балтики 230г,49.98
Оливки с косточкой Iberica 300г,189.98
Маслины супергигант Maestro de Oliva 425г,399.98
Крылышки куриные гриль Главпродукт 300г,199.98
Фасоль печеная в аджике Пиканта 530г,189.98
Говядина отварная с бульоном ГОСТ Сила 338г,199.98
Томаты мелконарезанные Mutti 400г,176.98
Салат Кимчи острый Koyori 300г,179.99
Маслины без косточки Bonduelle 314г,179.98
Томаты сушеные в подсолнечном масле Delphi 340г,419.98
Фасоль красная Heinz 400г,179.98
Овощи печеные Noyan 560г,229.98
Иваси сардина натуральная Делатика 245г,68.98
Помидоры соленые бочковые,179.99
Каперсы Греция 105г,269.98
Вяленые томаты дольки Tomtom 100г,169.98
Лечо Закарпатское Дядя Ваня 680г,159.98
Огурцы маринованные Меленковские с зеленью и чесноком МеленЪ 950мл,169.98
Кабачки маринованные оригинальные Агрокомплекс 720г,179.98
Томаты зелень/острый перец Спасский 680г,109.98
Маслины без косточки в оливковом масле Iberica chica 90г,169.98
Маслины без косточек Iberica chica 200г,189.98
Грибы ассорти маринованные Деликон 530г,229.98
Тунец филе в собственном соку Фортуна 185г,249.98
Компот гуава SeiYo 425мл,197.98
Икра из баклажанов запеченных на гриле Bonduelle 530г,239.98
Икра из молодых кабачков Ресторация Обломов 420г,156.98
Лечо Пиканта 520г,149.98
Паштет из семечек томат - базилик 200г Полезные Продукты,169.99
Компот тропический SeiYo 580мл,197.98
Печень говяжья в собственном соку Стандарт Курганский 325г,149.98
Оливки без косточки Всегда Добрый День 300мл,75.98
Грибы Шампиньоны острые КНР 250г,119.99
Борщ со свежей капустой ГОСТ Барко 500г,99.98
Говядина тушеная высший сорт Главпродукт 525г,269.98
Фасоль белая в собственном соку Heinz 400мл,196.98
Брускетта запеченные оливки/прованские травы Tomtom 140г,229.98
Тунец филе в собственном соку Ультрамарин 120г,149.98
Салат Дальневосточный морская капуста Сакура 220г,59.98
Икра баклажановая ГОСТ Фрау Марта 320г,126.98
Помидоры соленые Соленья ДВ,199.99
Фасоль белая оригинальная Фрау Марта 310г,89.98
Грибы КНР 280г,79.99
Паштет из семечек с грибами 200г Полезные Продукты,169.99
Брускетта вяленые томаты/кешью Tomtom 140г,229.98
Иваси сардина натуральная Всегда Добрый День 245г,74.99
Кукуруза Фрау Марта 310г,79.98
Папоротник соленый Кур-Восток-Урми,199.99
Морковка по-корейски Лукашинские 340г,109.98
Маслины Охибланка Bonduelle 314мл,219.98
Печень минтая по-приморски Рыбспецпром 170г,109.98
Перец острый маринованный 100г КНР,79.99
Капуста Кимчи КФХ Федорович 500г,179.99
Компот Лютик Мандарины 314мл,139.89
Кукуруза Bonduelle молодая 212мл,99.98
Маслины без косточек ITLV 314мл,146.98
Имамбаялды (жаренные овощи) Noyan 560 г,249.98
Фасоль белая в собственном соку Самбери 425мл,99.99
Томаты маринованные красные/бурые Gustus 680г,149.98
Оливки с огурчиком Maestro de Oliva 300г,329.98
Закуска из фасоли жареные бобы 200г Senor Bob,99.99
Огурцы маринованные Самбери 720мл,229.99
Шпроты в масле Экстра Вкусные консервы 250г,149.98
Персики половинки Всегда Добрый день 425мл,107.99
Томаты маринованные деликатесные Gustus 680г,149.98
Икра из кабачков Кубаночка 500г,84.98
Рассольник с солеными огурцами ГОСТ Барко 500г,99.98
Капуста квашеная КФХ Федорович 500г,129.99
Шпроты в масле Барко 160г,99.98
Икра из кабачков Скатерть Самобранка 370мл,129.98
Тунец натуральный рубленый в собственном соку Фортуна 185г,199.98
Персики половинки Всегда Добрый День 850мл,199.99
Курица филе грудки для салатов Сила 350г,169.98
Ветчина Домашняя Главпродукт 325г,219.98
Кимчи из лобы Кактуги Угай 300г,139.99
Оливки без косточки ITLV 314мл,156.98
Тунец кусочки в масле Самбери 185г,177.79
Икра кабачковая Пиканта 520г,149.98
Закуска классическая Фава 200г Полезные Продукты,99.99
Компот Клубника в сиропе Всегда Добрый день 425мл,114.99
Капуста Пекинская Кимчи Соленья ДВ,349.99
Кукуруза Bonduelle 212мл,78.98
Компот манго SeiYo 425мл,169.96
Горошек зеленый Хайнц 400г,156.98
Лоба маринованная КФХ Федорович 250г,79.99
Тунец натуральный Хозяин морей 230г,89.88
Фасоль красная Globus 425мл,119.98
Огурцы маринованные Noyan 920г,229.98
Кукуруза сладкая Heinz 340г,156.98
Ветчина К Завтраку 325г,109.98
Килька обжаренная в томатном соусе Крымское Золото 240г,86.98
Мясо кур в собственном соку ГОСТ Мясной завод Алтая 350г,119.98
Тефтели рыбные в томатном соусе Делатика 240г,66.98
Огурцы соленые Соленья ДВ 600г,159.99
Капуста Кимчи пекинская Хан О.Ю 500г,199.99
Маслины без косточки Iberica крупные 420г,246.98
Оливки c красным перцем Iberica 70г,189.98
Маслины с косточкой Iberica мини 300г,199.98
Капуста квашеная Соленья ДВ 400г,119.99
Закуска по-Тоскански Дядя Ваня 460г,146.98
Фасоль красная в собственном соку Самбери 425мл,99.99
Кукуруза Всегда Добрый день 425мл,64.99
Завтрак туриста Рузком 325г,99.98
Огурцы соленые целые Gustus 680г,179.98
Семга натуральная Хозяин Балтики 240г,79.98
Ассорти печень/икра минтая Рыбспецпром 170г,99.98
Свинина тушеная высший сорт ГОСТ БКК 338г,139.98
Закуска из чечевицы острая 200г Полезные Продукты,169.99
Оливки зеленые фаршированные с перцем La Rambla 235г,299.98
Каперсы Iberica 100г,196.98
Горошек Bonduelle 425мл,123.98
Свинина тушеная ГОСТ Мясной завод Алтая 338г,119.67
Томаты вяленые по-Итальянски Brand Oil 250г,229.98
Томаты без кожуры La Torrente 400г,179.98
Печень минтая натуральная Камчаттралфлот 120г,219.98
Грибы Вешенки маринованные КФХ Федорович 250г,149.99
Салат морская капуста Любительский Делатика 220г,64.98
Икра кабачкова Noyan 530г,229.98
Капуста квашеная КФХ Федорович 1кг,249.99
Микс фруктов Всегда Добрый День 425мл,129.99
Маслины без косточки Iberica мини 300г,229.98
Икра из молодых баклажанов Ресторация Обломов 420г,156.98
Фасоль красная в томатном соусе Фрау Марта 310г,89.98
Кукуруза Bonduelle 425мл,125.98
Килька с овощами по-мексикански За Родину 240г,87.98
Скумбрия атлантическая натуральная с добавлением масла Делатика 245г,79.98
Тунец филе в собственном соку Самбери 185г,189.96
Грибы опята маринованные Скатерть самобранка 580мл,319.98
Индейка филе ГОСТ 325г,149.98
Сардина иваси натуральная с добавлением масла Примрыбснаб 250г,76.98
Конина тушеная высший сорт ГОСТ БКК 338г,179.98
Закуска из чечевицы 200г Полезные Продукты,169.99
Килька балтийская в томатном соусе Барко 240г,79.98
Тунец рубленый в масле Самбери 185г,154.79
Кукуруза Bonduelle молодая 425мл,139.98
Кукуруза Всегда Добрый день 212мл,44.99
Печень минтая по-приморски Делатика 230г,69.98
Баклажаны в аджике Пиканта 520г,199.98
Горошек Bonduelle 212мл,75.98
Сайра тихоокеанская натуральная с добавлением масла Доброфлот 245г,229.98
Горошек Bonduelle молодой 425мл,139.98
Говядина тушеная ГОСТ Бурятмясопром 338г,189.98
Капуста Кимчи пекинская Угай 300г,139.99
Огурцы маринованные целые Gustus 680г,179.98
Кукурузные початки SeiYo 425мл,159.96
Овощное блюдо Рататуй Пиканта 520г,159.98
Капуста Пекинская Кимчи 500г,199.99
Горошек Фрау Марта зеленый консервированный ГОСТ 310г,89.99
Закусочка Венгерская Дядя Ваня 460г,146.98
Ассорти овощное маринованное Дядя Ваня 1800г,299.98
Фасоль красная Лобио по-грузински Фрау Марта 310г,106.98
Оленина тушеная ВС ГОСТ Мясной завод Алтая 338г,198.98
Горошек зеленый Кубаночка 460г,89.98
Паста из артишоков Pucci 156мл,229.98
Оливки анчоус/вермут Maestro de Oliva 300г,229.98
Горошек зеленый молодой Bonduelle 212мл,89.98
Салат ДВ из морской капусты Всегда Добрый день 220г,39.99
Фасоль по-домашнему с грибами Пиканта 530г,189.98
Икра кабачковая Нежная Лукашинские 460г,129.98
Шампиньоны целые отборные Самбери 425мл,119.99
Свинина тушеная высший сорт ГОСТ Семейный бюджет 500г,199.98
Говядина тушеная ГОСТ Мяспром 325г,109.98
Говядина тушеная в собственном соку БКК 350г,219.98
Шпроты в масле Старая Рига 190г,159.98
Шпроты в масле Главпродукт 160г,114.99
"Говядина тушеная 97,5% мяса Наше всё 338г",229.98
Виноградные листья Nestos 450г,469.98
Говядина тушеная Ратимир 325г,159.98
Горошек Фрау Марта 420г,126.98
Говядина тушеная Кусковая ЭТО 338г,48.99
Капуста квашеная Соленья ДВ,199.99
Капуста квашеная Лазовские продукты,209.99
Говядина тушеная кусковая Елецкий 340г,49.98
Говядина тушеная ГОСТ Ратимир 338г,196.98
Салат Кимчи слабоострый Koyori 300г,179.99
Печень минтая натуральная Камчаттралфлот 185г,239.98
Огурцы соленые Соленья ДВ,199.99
Говядина тушеная Орский МК 338г,179.98
Говядина тушеная Госрезерв Черепановский 338г,149.98
Грибы острые КНР 350г,99.99
Кукуруза Vernet 425г,89.98
Корнишоны маринованные с луком Золотая Долина 500мл,139.98
Паштет белый нут Perva 100г,89.98
Огурцы соленые кошерные Vegda product 580г,249.98
Огурцы соленые Лазовские продукты,189.99
Тунец кусочки в собственном соку Самбери 185г,177.79
Капуста белокочанная провансаль Соленья ДВ 400г,159.99
Горошек Vernet 425мл,89.98
Салат ДВ с овощами в томатном соке Всегда Добрый день 220г,56.99
Икра из кабачков Угощение Славянки 545г,119.98
Фасоль белая в томатном соусе Самбери 425мл,99.99
Говядина тушеная высший сорт ГОСТ Семейный бюджет 500г,249.98
Тунец рубленый в собственном соку Самбери 185г,154.79
Сайра натуральная Вианг 230г,149.98
Папоротник Орляк соленый 650г,139.99
Огурцы соленые ИП Павлова 600г,159.99
Говядина тушеная Слава ГОСТ Орск 338г,179.98
Сайра тихоокеанская натуральная Доброфлот 245г,229.98
Корнишоны маринованные с чесноком Золотая Долина 500мл,139.98
Перец Халапеньо зеленый резаный маринованный Mikado 370мл,179.98
Чипсы Lay's сметана/зелень 225г,229.98
Арахис Джаз жареный соленый 150г,129.98
Арахис жареный соленый Джаз 40г,34.98
Чипсы Naturals чеснок/зелень 110г,204.96
Чипсы Yam Chip оригинальные 90г,87.77
Чипсы Yam Chip говядина с черным перцем 90г,87.77
Камбала филе кусочки сушеная Дальпико 40г,159.96
Рыбка янтарная солено-сушеная с перцем Донской рыбокомбинат,1049.98
Курица сушенная Снекер 50г,147.98
Чипсы Happy Nachos кукурузные с сыром 150г,119.98
Индейка сушенная Снекер 50г,147.98
Чипсы Naturals с морской солью и перцем 100г,204.96
Чипсы Naturals пармезан 100г,204.96
Сухарики 3 корочки курица/соус терияки 60г,49.96
Миндаль Camel жареный со вкусом копчения 40г,144.96
Минтай сушеный Дальпико-Рыбсервис 50г,124.98
Арахис Camel жареный подсоленный 40г,74.98
Чипсы Naturals паприка 100г,204.96
Арахис жареный со специями 150г,199.98
Фисташки Джаз 130г,379.98
Колбаски Пиколини сырокопченые со вкусом чеснока 50г,87.96
Сухарики Воронцовские холодец/хрен 80г,53.98
Чипсы Lay's из печи Нежный сыр/зелень 85г,119.96
Чипсы Чидо палочки кукурузные креветка 40г,87.97
Чипсы Lay's сметана и зелень 50г,68.98
Чипсы Naturals классик 100г,204.96
Чипсы Доширак краб 50г,79.98
Кешью Camel жареный подсоленный 40г,169.77
Арахис жаренный соленый Караван орехов,649.98
Чипсы мясные Дымов Классические свинина 25г,87.96
Сухарики Хрусteam багет сырное ассорти 60г,68.98
Фисташки Джаз 70г,219.98
Фисташки Джаз 40г,129.98
Колбаски Пиколини сырокопченые со вкусом бекона 50г,87.96
Гренки Воронцовские чеснок 60г,49.98
Морская капуста хрустящая SeiYo 4г,29.99
Сухарики ржаные гренки Клины холодец с хреном 130г,77.98
Чипсы Лейз 81г Зеленый Лук,119.98
Сухарики Хрусteam багет томат и зелень 60г,68.98
Фисташки Beerka 80г,149.98
Арахис жареный соленый + Гренки Бородинские холодец с хреном 100г,54.98
Чипсы Читос 50г сыр,64.99
Кальмар солено-сушеная стружка Донской рыбокомбинат,1199.78
Чипсы Лейз 81г  Сыр,119.98
Чипсы MiniFree луковые кольца/сметана 45г,44.97
Арахис жареный соленый + Сухарики бекон 100г,54.98
Чипсы SeiYo сметана/лук 45г,79.99
Гренки бородинские BEERka чеснок и укроп со сметанным соусом 60г,54.98
Сухари ржаные Клины со вкусом копченой колбаски 40г,18.98
Чипсы Lay's краб 50г,68.98
Чипсы Lay's из печи Сметана/Ароматные Травы 85г,119.96
Минтай вяленый филе Дальпико 50г,117.98
Чипсы Happy Nachos кукурузные Барбекю 150г,119.98
Чипсы SeiYo сыр 45г,79.99
Чипсы SeiYo томат 45г,79.99
Чипсы Московский Картофель Рифленые лосось 150г,89.99
Чипсы Читос кетчуп 50г,64.99
Сухарики ржаные гренки Клины телятина гриль 130г,77.98
Чипсы SeiYo чили 45г,79.99
Свинина сушеная Снекер 50г,147.98
Чипсы Lay's Stax Пикантная паприка 140г,229.99
Сухарики Воронцовские белые грибы 80г,53.98
Гренки ГрызLOVE ЭКО Зерновые Прованские травы 80г,79.98
Чипсы Лейз 81г Бекон,119.98
Чипсы SeiYo барбекю 110г,129.99
Камбала солено-сушеная Дальпико 100г,159.96
Фисташки Camel печеные подсоленные 40г,169.77
Чипсы Чидо палочки кукурузные острый сыр 40г,87.97
Чипсы Лейз 81г Рифленые Паприка,119.98
Чипсы Lay's Рифленые Паприка 225г,229.98
Сухарики Воронцовские шашлык 80г,53.98
Колбаски Пиколини сырокопченые со вкусом Хамона 50г,87.96
Чипсы Бульба Chips сметана и лук 75г,77.98
Сухарики Кириешки холодец с хреном и горчица 60г,49.88
Чипсы SeiYo сметана/лук 110г,129.99
Сухарики Хрусteam багет краб 60г,68.98
Фисташки Camel печеные подсоленные 150г,599.96
Чипсы SeiYo сыр 110г,129.99
Мидии солено/сушеные Дальпико 50г,139.98
Чипсы Lay's из печи Лисички в сметане 85г,119.96
Чипсы Помстикс соломка паприка 100г,159.98
Чипсы Binggrae краб 130г,139.98
Чипсы Naturals соус песто 100г,204.96
Гренки Хлебарики бородинские/чеснок с соусом чесночный 70г,54.98
Чипсы Лейз 81г Рифленые Лобстер,119.98
Чипсы Лейз 81г Краб,119.98
Сухари ржаные Гренки Клины со вкусом аджики 130г,77.98
Сухарики Кириешки ветчина и сыр 100г,44.98
Чипсы Помстикс соломка с солью 100г,159.98
Чипсы SeiYo барбекю 45г,79.99
Чипсы Лейз 81г с Солью,119.98
Сухарики Кириешки холодец и хрен 100г,44.98
Сухарики Кириешки бекон 100г,44.98
Кальмар щупальца сушеные 40г Шкипер Брукк,214.98
Чипсы SeiYo оригинальные 110г,129.99
Чипсы Лейз 81г Сметана Зелень,119.98
Чипсы SeiYo оригинальные 45г,79.99
Чипсы Binggrae креветка 50г,49.99
Чипсы Binggrae Зяки-Зяки 80г,99.98
Сухарики Три корочки малосольные огурцы/соус тар-тар 60г,49.96
Хлеб Бородино с тмином 250 г,39.90
Капуста маринованная с морковью ФК,260
Филе куриное Гордон блю п/ф,439.90
Хлеб Купеческий с семенами подсолнечника 250 г,42.90
Рёбра свиные горячего копчения,489.90
Печенье мягкое Шоколадное с начинкой,59.99
Запеканка творожная классическая,609.90
Рулет из курицы с грибами п/ф,529.90
Холодец,429
Камбала горячего копчения,379.90
Люля-кебаб из курицы,579.90
Цезарь ролл 300 г.,169.90
Рёбра говяжьи охл.,529
Окорочка куриные гриль,699.90
Хот-дог Барбекю с говяжьей сосиской,129.90
Сэндвич на чиабатте с ветчиной и сыром,185
Фарш Семейный,389.90
Хлеб Бородинский с подсолнечником и морковью 300г,49.90
Говядина задний отруб на кости охл.,649.90
Блинчики со сгущёнкой 200г,65
Люля - Кебаб из свинины,459
"Хот дог ""Баварский"" 180г",139.90
Печенье Ванильное,529
Печенье песочное с семенами подсолнечника,67.99
Суп Том Ям 400мл,350
Фарш из свинины охл.,499.90
Салат Сырно-морковный,469.90
Печенье песочное с драже,679
Луковые кольца фри,999
Хлеб Пшеничный бездрожжевой зерновой 250 г,47
Куриный  рулетик с сыром,52.90
Печенье Дюшес,739
Зразы из курицы с сыром п/ф,529
Печенье Американское с орехом,599.90
Печенье Творожное,759
Картофель отварной с укропом,329
Наггетсы куриные фри,699.90
Котлета домашняя п/ф,599
Хлеб Вестфальский 300г,57.90
Блины дрожжевые на молоке,329.90
Хлеб белый (из муки высшего сорта) 300г,26.90
Драники,499.90
Тефтели мясные с рисом,559
Сосиска к завтраку 155г,70
Суп-пюре грибной 250г,88
Печенье Ромашка,599
Голубцы домашние п/ф,499
Картофель фри дольками 130г,150
Шарлотка Яблочная 400г,489.90
Лепешка Грузинская 400г Тандыр,66
Фарш куриный п/ф,419.90
Солянка (капуста с мясом),1767
Печенье Американское с шоколадом,549
Котлета куриная,349.90
Салат из моркови с грибами ФК,659
Омлет,369.90
Навага жареная,399
Ландорики куриные,679.90
Багет Французский 250 г,33.90
Фарш домашний п/ф,629
Хлеб ржано-пшеничный Тостовый 300г,56.97
Пампушка Украинская 200г,259.90
Хот дог классический,99.90
Плов с говядиной 300г,200
Картофель фри соломка 130г,150
Бургер Джуниор с куриной котлетой 210г,140
Салат из свеклы с майонезом,399
Луковые кольца фри 150г,160
Мини багет Французский 150г,23.90
Ребра свиные,319.90
Куриное филе с ананасом и сыром,759
Окорок свиной,349.90
"Лапша удон с курицей, чили и овощами",169.90
Наггетсы куриные 150г,150
Десерт Дамские пальчики 200г,689
Хлеб белый (из муки высшего сорта) 500г,34.90
Хлеб мультизерновой Тостовый 300г,54.90
Котлета куриная на пару,679.90
Рулет бисквитный Брусничный,52.99
Бургер Джуниор с говяжьей котлетой 200г,160
Салат Цезарь с курицей (с горчичной заправкой)200/50 г,239
Салат Цезарь с креветкой с горчичной заправкой 180/50г,249
Стейк из свинины в Нежном маринаде п/ф ФК,499.90
Булочки сырные,799
Говядина на кости охл.,579.90
Голубцы ленивые п/ф,469
Чиабатта,219.60
Баклажаны пикантные,539
Шеф Бургер 310/30/30г,270
Бургер Чикен Фри 310/30/30г,250
Говядина мякоть охл.,819.90
Салат Нептун,989.89
Хлеб пшеничный Тостовый 300г,47.97
Суп-пюре сырный 250г,110
Блинчики с мясом и рисом,399
"Курица-гриль ""по-самберийски""",399.90
Свинина на кости охл.,279.90
Буженина горячего копчения ФК,749
Сырные палочки 120/30г,170
Фарш из говядины высший сорт охл. п/ф,799.90
Блинчики с творогом,489.90
Бургер Дядя Сэм 310/30/30г,310
Фарш из говядины 2 сорт охлажденный,749.90
Колбаски для жарки из свинины Украинские п/ф ФК,569.90
Лепешка Узбекская с сыром 340г Тандыр,69
Мясо свинины в Мексиканском маринаде п/ф ФК,459.90
Салат Винегрет,449
Печенье Брауни с брусникой,729
Сырники творожные,729.90
Мясо свинины в Нежном маринаде п/ф ФК,479.90
Свекла шинкованная,779.70
Салат Мимоза,569.90
Салат из фунчозы с овощами,349
Оладьи из печени,679
Салат Пекин 220/50г,139.90
Салат Гнездо глухаря,799
Папоротник с мясом,599
Онигири Лосось,69.99
Онигири Ветчина с сыром,59.99
Салат Прибой,439
Морковь шинкованная,213.34
Салат овощной Грузинский,399
Салат из кальмара с майонезом,1100
Картофель фри,599
Салат Оливье,479
Онигири Курица Спайси,59.99
Сосиска в тесте 90г,49.99
Лепешка Узбекская 330г Тандыр,49
Кабачки по-венски,479
Онигири Сурими,59.99
Яблоко Айдаред Крым,119.99
Груша Зимняя желтая КНР,159.99
Яблоко Айдаред Кабардино-Балкария,119.99
Ананас КНР,139.99
Яблоко Банановое КНР,179.99
Яблоко сушеное с корицей Экофермер 75г,199.99
Яблоко Зимнее Красное КНР,99.99
Редис свежий 120г Новый День,94.99
Яблоко Чемпион Краснодар,139.99
Картофель красный мытый 3кг Израиль,359.99
Яблоко Ред Делишес Краснодар,139.99
Груша Ананасовая КНР,149.99
Помидор черный КНР,249.99
Ягода Ежевика 125г Артфрут,449.99
Картофель Беби 2кг,229.99
Щавель Новый День 30г,69.99
Сельдерей зелень Новый день 30г,69.99
Цукаты персика КНР,399.99
Грибы Вешенка 300г Россия,399.99
Яблоко Гренни Смит Краснодар,139.99
Арбуз КНР,159.99
Кабачок фасованный КНР,199.99
Картофель Краснодарский край фасованный,59.99
Цукаты ананаса кольца Таиланд,549.99
Виноград черный сорт Молдова Краснодар,299.99
Перец острый чили микс красный/зеленый,2999.99
Яблоко Гала Молдова,159.99
Яблоко Айдаред Молдова,159.99
Изюм светлый Малаяр Примфуд 500г,219.99
Груша Пакхам ЮАР,179.99
Груша сушеная дольки Россия,249.99
Арахис в соленой карамели Бери орех 50г,129.99
Арахис в кунжуте Россия,349.99
Миндаль жареный Сабрина 125г,209.99
Кешью в кунжуте Россия,599.99
Чернослив сушеный без косточек Дары природы 150г,239.99
Миндаль в шоколаде Россия,699.99
Цукаты папайи Тайланд,499.99
Смесь Белая Дача салатная Тоскана 200г,299.99
Чернослив без косточки крупный Толк и Польза 220г,299.99
Кешью в шоколаде Россия,699.99
Изюм темный Афганский Примфуд 500г,159.99
Арахис в сахаре Россия,249.99
Помидор розовый фасованный КНР,189.99
Салат Ромэн мини 30г Новый День,69.99
Помело КНР,129.99
Фундук в кунжуте Россия,599.99
Рулеты из сушеной дыни с изюмом,499.99
Смесь Белая Дача салатная Аликанте 130г,299.99
Абрикос вяленый Sun Emotions 150г,219.99
Картофель Деликатесный 2кг,229.99
Миндаль в кунжуте Россия,699.99
Изюм Джамбо светлый Чили,549.99
Цукаты груши КНР,549.99
Ананас сушеный Filipino Sun 100г,169.99
Вишня сушеная Россия,549.99
Грецкий орех в шоколаде Россия,699.99
Дыня сушеная Россия,499.99
Цукаты ананаса микс листики Таиланд,499.99
Кешью Camel жареный с медом 40г,149.99
Фисташки жаренные соленые Фаворит Групп 130г,359.99
Миндаль Camel печеный 150г,449.99
Миндаль жареный соленый в скорлупе Россия,899.99
Миндаль в сахаре Россия,399.99
Изюм в шоколаде Россия,549.99
Арахис в шоколаде Россия,499.99
Помидор красный фасованный КНР,189.99
Смесь Белая Дача салатная Руккола/Радиччо 75г,249.99
Инжир сушеный Турция,599.99
Дыня Мускусная сушеная Filipino Sun 100г,120.99
Изюм золотой Дары природы 150г,259.99
Помидор мини красный фасованный КНР,249.99
Арахис Джаз жареный соленый 70г,59.98
Арахис жареный в скорлупе Семушка 250г,169.99
Миндаль жареный Семушка 150г,326.99
Кешью сушеный Дары Природы 70г,244.99
Миндаль сушеный крупный Фаворит Групп 150г,359.99
Арахис в тростниковом сахаре Джаз 130г,99.99
Ягода Клубника Армения,1999.99
Чипсы банановые карамельные Бестфуд 200г,189.99
Семечки черные От Мартина 500г,209.99
Миндаль жареный Дары Природы 70г,199.99
Манго сушеное Filipino Sun 100г,279.99
Инжир сушеный Sun Emotions 150г,279.99
Грецкий орех очищенный крупный Фаворит Групп 100г,229.99
Коктейль Джаз Студенческий 150г,239.99
Урюк Россия,299.99
Фруктовый лаваш сливовый Семушка 80г,137.99
Грибы подосиновики сушеные Лесные угодья 50г,299.99
Миндаль в соленой карамели Бери орех 50г,184.99
Семечки черные От Мартина 100г,54.99
Апельсин цедра Россия,899.99
Арахис очищенный Индия,299.99
Коктейль орехов и сухофруктов Джаз 150г,324.99
Кешью в карамели с кунжутом Дары Природы 150г,279.99
Кешью сушеный крупный Фаворит Групп 150г,249.99
Чернослив в шоколаде Россия,599.99
Чернослив без косточки Сабрина 300г,299.99
Цукаты киви Примфуд 100г,109.99
Курага Джамбо Фаворит Групп 220г,349.99
Пекан неочищенный,999.99
Арахис в кунжуте Бестфуд 150г,69.99
Грибы подосиновики сушеные Кур-Восток-Урми 50г,279.99
Семечки Бабкины белые соленые 100г,79.99
Лук репчатый Приморье,44.99
Кешью жареный Примфуд 90г,189.99
Гранадилла 1шт Артфрут,229.99
Чипсы банановые Россия,499.99
Грецкий орех очищенный Сабрина 100г,174.99
Вишня сушеная Бестфуд 150г,179.99
Семечки черные Бабкины 100г,52.99
Грецкий орех очищенный экстра Чили,1299.99
Фундук в соленой карамели Бери орех 50г,204.99
Пекан очищенный Россия,1899.99
Смесь клюквы и арахиса Джой Фруктовая Энергия 55г,56.99
Кедровый орех Сибирский Кедр 200г,449.99
Кешью очищенный Вьетнам,949.99
Помидор на ветке красный КНР,229.99
Кедровый орех в скорлупе жареный Россия,2199.99
Вишня сушеная Sun Emotions 80г,259.99
Черешня сушеная Sun Emotions 80г,279.99
Кешью жареный соленый в скорлупе,1099.99
Семечки черные Джинн 70г,52.99
Персик в сахарном сиропе Примфуд 100г,109.99
Фундук жареный Примфуд 100г,179.99
Кумкват желтый Примфуд 200г,149.99
Фундук жареный Всегда Добрый день 150г,199.99
Виноград розовый Тайфи Казахстан,199.99
Смесь ореховая Трио Фруктовая Энергия 35г,69.99
Пекан в соленой карамели Бери орех 50г,249.98
Цукаты ананаса микс палочки Таиланд,499.99
Семечки тыквенные От Мартина 100г,149.99
Чипсы Апельсин Сибирские Просторы 20г,129.99
Фундук очищенный обжаренный Россия,799.99
Ореховый микс Примфуд 100г,149.99
Кинза зелень 50г КНР,49.99
Щавель зелень в горшке КФХ Бутков,89.99
Финики сушеные Алжир,299.99
Смесь орехов жареных пекан/макадамия Семушка 150г,369.99
Чипсы Яблоко Сибирские Просторы 20г,89.99
Семечки черные Джинн с морской солью 140г,99.99
Семечки черные Джинн 140г,99.99
Чипсы Груша Сибирские Просторы 25г,149.99
Шалфей зелень 50г Израиль,169.99
Кешью жареный Семушка 150г,379.99
Микрозелень Клевер на корню 80г Бета Групп,39.99
Укроп зелень Казахстан 90г,69.99
Финики Иран 600г,199.99
Смесь орехов и сухофруктов Royal Mix Camel 150г,499.99
Кешью сушеный Всегда Добрый день 100г,149.99
Петрушка зелень в горшочке КФХ Бутков,89.99
Петрушка зелень 90г Казахстан,69.99
Фундук сушеный крупный Фаворит Групп 150г,349.99
Бразильский орех Россия,1199.99
Финики Королевские Израиль,999.99
Фундук жареный Всегда Добрый день 50г,69.99
Груша вяленая Примфуд 100г,99.99
Смесь орехово-фруктовая Sabrina 200г,229.99
Арахис жареный соленый Караван орехов 50г,49.99
Миндаль сушеный Всегда Добрый день 100г,139.99
Цукаты папайи Примфуд 100г,89.99
Фундук очищенный экстра Россия,599.99
Грецкий орех очищенный Семушка 110г,319.99
Клубника сушеная Sun Emotions 60г,279.99
Клюква сушеная Бестфуд 150г,179.99
Фисташки жареные соленые Россия,1199.99
Смесь жареных орехов и изюма Семушка 250г,399.99
Микрозелень Горошек срез 50г ИП Французов Ю.В.,119.99
Чипсы фруктовые ассорти Фрукдоза 50г,299.99
Арахис в скорлупе Россия,279.99
Грибы белые сушеные Кур-Восток-Урми 50г,329.99
Ананас КНР,139.99
Кинза зелень в горшке КФХ Бутков,89.99
Цукаты манго Таиланд,549.99
Семечки полосатые соленые Китай 130г,129.99
Грибы Шампиньоны отборные 700г Калужская область,549.99
Арахис жареный очищенный	 Россия 300г,179.99
Арахис жареный соленый СибБалт 200г,149.98
Кедровый орех Сибирский Кедр 50г,139.99
Укроп зелень 30г Казахстан,29.99
Сельдерей зелень в горшочке КФХ Бутков,89.99
Бананы сушеные Вьетнам 100г,59.99
Цукаты помело Примфуд 100г,109.99
Семечки черные Джинн 250г,179.99
Микрозелень Редис срез 50г ИП Французов Ю.В.,119.99
Цукаты папайи Всегда Добрый день 150г,119.99
Смесь ягодно ореховая Лав Фруктовая Энергия 45г,89.99
Семечки черные Бабкины 500г,214.99
Смесь сухофруктов и ягод Sun Emotions 80г,229.99
Изюм Всегда Добрый день 150г,39.99
Макадамия неочищенная Россия,899.99
Грибы Шампиньоны мини 300г Калужская область,259.99
Смесь из орехов бобов горошка Camel 130гр,259.98
Домашний компот Ассорти 375г,99.99
Тархун зелень Израиль 50г,189.99
Инжир сушеный Турция 200г,149.99
Мандарин Пакистан,139.99
Семечки черные соленые Бабкины 100г,52.99
Смесь орехов и сухофруктов Дары природы 150г,209.99
Изюм темный Джамбо Изабелла,599.99
Семечки подсолнечника очищенные Россия,249.99
Мясо соевое 100г,39.99
Смесь сладкая жареные орехи/цукаты Семушка 150г,209.99
Розмарин зелень 50г Израиль,179.99
Ягода Клубника КНР,899.99
Груша сушеная Армения Rival 150г,299.99
Цукаты манго Примфуд 100г,129.99
Фундук жареный Самбери 130г,239.99
Фисташка очищенная несоленая Самбери 90г,299.99
Фундук в шоколаде Россия,699.99
Клюква сушеная Россия,799.99
Салат Мангольд в горшке КФХ Бутков,89.99
Чернослив с косточкой Сербия,299.99
Кешью очищенный крупный Вьетнам,1199.99
Лук-порей Израиль,899.99
Яблоко сметанное сушеное Filipino Sun 100г,129.99
Лук зеленый в горшке КФК Бутков,89.99
Изюм Малаяр ЭТО 350г,139.99
Курага вяленая шоколадная Россия,549.99
Смесь сухофруктов для глинтвейна Фрукдоза 50г,299.99
Семечки Всегда Добрый день 300г,89.99
Финики мягкие Иран,299.99
Картофель мытый 4кг село Константиновка,299.99
Кокос питьевой с трубочкой 1шт Артфрут,499.99
Смесь ореховая Толк и Польза 180г,349.99
Шиповник сушеный Россия,349.99
Семечки черные Бабкины 300г,144.99
Грибы Вешенка Королевская КНР,279.99
Финики Всегда Добрый день 300г,69.99
Кедровый орех очищенный Россия,1699.99
Чернослив без косточки Россия,299.99
Семечки тыквенные очищенные Россия,799.99
Семечки полосатые оригинальные Китай 130г,129.99
Картофель мытый 2кг село Константиновка,154.99
Грибы Шампиньоны 400г Калужская область,299.99
Морковь мини Россия 85г,49.99
Кокос 1шт КОТ Д'ИВУАР,99.99
Лук репчатый в сетке Приморье,49.99
Микрозелень Подсолнечник срез 50г ИП Французов Ю.В.,119.99
Лонган свежий 150г Артфрут,279.99
Морковь мини Россия 450г,279.99
Смесь ореховая экстра Россия,899.99
Семечки тыквенные соленые Джинн 100г,109.99
"Картофель мытый мини 1,5кг село Константиновка",79.99
Изюм светлый Голден Россия,349.99
Морковь мини Россия 250г,169.99
Салат листовой Новый день 130г,94.99
Смесь фруктово ореховая Смайл Фруктовая Энергия 50г,89.99
Петрушка зелень 30г Казахстан,29.99
Миндаль жареный Россия,899.99
Яблоко Ред Принц Молдова,159.99
Изюм Джамбо Флейм ЭТО 350г,199.99
Ягода Голубика 125г Мексика,279.99
Базилик фиолетовый КФХ Бутков,99.99
Миндаль очищенный Россия,799.99
Фисташки жареные соленые с шафраном Россия,1199.99
Семечки черные От Мартина с морской солью 200г,99.99
Картофель белый мытый 3кг Израиль,359.99
Цукаты имбиря Таиланд,499.99
Грибы Шампиньоны 500г Калужская область,399.99
Помидор на ветке желтый КНР,259.99
Лук порей КНР фасованный,229.99
Арахис жареный соленый Караван орехов 90г,89.99
Грибы Шампиньоны 250г Калужская область,199.99
Чернослив без косточки Чили,399.99
Яблоко Кехура Грузия,169.99
Мята зелень Израиль,1999.99
Ореховый микс Примфуд 200г,219.99
Микс 7 руккола/мизуна/горчица КФХ Бутков 60г,139.99
Лук репчатый разноцветный фасованный Казахстан,89.99
Семечки Всегда Добрый день 180г,50.98
"Картофель Любимый 2,5кг",299.99
Грецкий орех неочищенный Китай,249.99
Финики сушеные 200г,89.99
Курага в шоколаде Россия,599.99
Микс 8 амарант/руккола КФХ Бутков 55г,159.99
Руккола в горшочке КФХ Бутков,89.99
Фруктово-ореховая смесь Всегда Добрый день 400г,129.99
Цукаты ананаса кубики Тайланд,449.99
Семечки черные От Мартина 200г,89.99
Семечки полосатые Джинн 200г,189.99
Баклажан фасованный КНР,249.99
Семечки черные Джинн с морской солью 250г,189.99
Компотная смесь элитная Россия,299.99
Капуста Пекинская КНР,99.99
Огурец маленький КНР,229.99
"Микс 4 (микс листьев салата, мангольд, руккола) 65г КФХ Бутков",139.99
Семечки полосатые со вкусом специй Китай 200г,149.99
Сместь фруктов и арахиса Бит Фруктовая Энергия 55г,49.99
Салат Фриллис в горшке КФХ Бутков,99.99
Кедровый орех Сибирский Кедр 100г,279.99
Семечки полосатые Джинн 100г,99.99
Огурец среднеплодный ТК Толмачевский 600г,199.99
Кешью очищенный жареный Россия,999.99
Изюм Голден ЭТО 350г,169.99
Изюм Джамбо темный Чили,349.99
Цукаты помело Таиланд,499.99
Грибы Эноки свежие КНР 150г,49.99
Салат Лолла Росса в горшочке КФХ Бутков,99.99
Помидор Инспиред,279.99
Груша Конференция Турция,249.99
Фруктовый лаваш клюквенный со сливой Семушка 80г,137.99
Салат Листовой АТБ 80г,99.99
Грецкий орех очищенный Россия,699.99
Салат дуболистный в горшочке КФХ Бутков,99.99
Арахис жареный в скорлупе Панда КНР 300г,119.98
Салат Романо КФК Бутков,89.99
Курага монетка Россия,399.99
Грибы Шампиньоны свежие Королевские 400г Россия,349.99
Компотная смесь Всегда Добрый день 400г,99.99
Семечки полосатые соленые Джинн 200г,179.99
Капуста цветная КНР,219.99
Салат листовой Трио в горшочке КФХ Бутков,99.99
Яблоко очищенное сушеное Россия,499.99
Лоба КНР,79.99
Перец острый КНР,239.99
Грибы древесные сушеные КНР 14г,19.99
Зелень свежая ассорти на подложке 60г,59.99
Грибы Шиитаке свежие КНР,399.99
Ростки сои Хан О.Ю 400г,99.99
Лук зелень 90г Россия,59.99
Капуста Пекинская фасованная КНР,99.99
Сельдерей стебель фасованный КНР,179.99
Баклажан КНР,239.99
Апельсин Египет,149.99
Томаты черри сушеные Китай,499.99
Перец острый чили красный Израиль,1199.99
Цукаты киви КНР,549.99
"Микс 6 (микс листьев салата, кейл, руккола) 65г КФХ Бутков",139.99
Лук порей КНР,229.99
Грибы Вешенка свежие Хабаровск 300г,169.99
Лайм ЮАР,799.99
Кабачок,189.99
Огурец Яни КНР,259.99
Яблоко Лиголь Молдова,159.99
"Микс 2 (микс листьев салата, мангольд) 80г КФХ Бутков",139.99
Арахис жареный соленый Караван Орехов 150г,129.99
Киви 1шт Турция,19.99
Огурец среднеплодный фасованный 600г п.Суражевка,229.99
"Микс 1 (микс листьев салата, горчица листовая) 80г КФХ Бутков",139.99
Манго КНР,299.99
Кинза 75г,59.99
Салат зелень 80г,32.99
Орех Пекан 100г Самбери,329.99
Салат листовой в горшочке КФХ Бутков,89.99
Салат Саланова в горшке КФХ Бутков,99.99
Перец красный/желтый фасованный КНР,289.99
Лук зелень пучок Хабаровск,49.99
Мясо соевое сушеное Россия,399.99
"Микс 3 (микс листьев салата, пак чой, мизуна, мангольд) 80г КФХ Бутков",139.99
Перец зеленый КНР,239.99
Тимьян зелень 50г Израиль,159.99
Укроп зелень пучок Хабаровск,39.99
Капуста Брокколи КНР,219.99
Кинза зелень пучок Хабаровск,499.99
Мята зелень 50г Израиль,139.99
Семечки полосатые соленые Джинн 100г,89.99
Чеснок стрелки КНР,199.99
Морковь мытая фасованная КНР,69.99
Помидор красный КНР,179.99
Петрушка зелень пучок Хабаровск,599.99
Перец красный КНР,239.99
Перец желтый КНР,299.99
Помидор розовый КНР,179.99
Морковь мытая КНР,59.99
Перец разноцветный фасованный КНР,269.99
Семечки черные Джинн 350г,229.99
Лук зеленый 75г,59.99
Укроп зелень 75г,59.99
Огурец среднеплодный Мева Новый день,319.99
Семечки полосатые со вкусом специй Китай 130г,129.99
Петрушка зелень 75г,59.99
Салат Фриллис АТБ 80г,99.99
Капуста шинкованная,54
Свекла Приморье,39.99
Набор для супа Том Ям Артфрут 250г,599.99
Грибы Шампиньоны свежие КНР,379.99
Картофель в сетке Приморье (фасовка от 7кг),39.99
Огурец среднеплодный ТК Толмачевский,249.99
Капуста Приморье,39.99
Картофель Приморье,29.99
Морковь Приморье,39.99
Бананы Эквадор,149.99
Фарш Домашний Самбери 500г,309.99
Колготки женские с начесом EMI 300ден рXL/2XL черный,130
Колготки женские с ворсом EMI рM черный,150
Колготки женские с начесом EMI 300ден рМ/L черный,130
Колготки женские с ворсом EMI рL черный,150
Фарш свиной Самбери 500г,289.99
Колготки женские с начесом EMI 300ден рL/XL черный,130
Колготки женские с ворсом EMI рXL черный,150
Колготки женские с ворсом EMI рS черный,150
Колготки женские Classic 20den ЭТО рXL daino,85.87
Колготки женские Classic 20den ЭТО рL nero,85.87
Колготки женские Classic 20den ЭТО рXL nero,85.87
Колготки женские Classic 20den ЭТО рS nero,85.87
Колготки женские с начесом EMI 300ден рS/М черный,130
Фарш говяжий Самбери 500г,339.99
Сыр творожный с зеленью 140г Самбери,109.99
Колготки женские Classic 20den ЭТО рL daino,85.87
Сыр плавленый сегменты сливочный 130г Самбери,99.99
Сыр плавленый сегменты ассорти 130г Самбери,99.99
Порошок стиральный Seiyo лимон 1кг,249.98
"Майонез SeiYo 78,5% 300г",119.99
Сыр плавленый сегменты с ветчиной 130г Самбери,99.99
Какао-напиток Choco Boom м/у 200г,119.99
Оливки с креветкой Самбери 314 мл,149.99
Колготки женские Classic 20den ЭТО рS daino,85.87
Колготки женские Classic 20den ЭТО рM daino,85.87
Вареники с картофелем 800г Всегда Добрый день,149.99
Сыр творожный с грибами лисичками 140г Самбери,109.99
Колготки женские Classic 20den ЭТО рM nero,85.87
Диски ватные Всегда Добрый день 80шт,47.89
Колготки женские Classic 40den ЭТО рXL nero,119.98
Перчатки латексные с хлопком рМ ЭТО,79.99
Перец черный горошек мельница Всегда Добрый День 35г,89.99
Кондиционер Самбери Silk&Soft Черничный лес 1л,189.98
Кондиционер Всегда Добрый день Цветущая вишня 750мл,67.99
Приправа для рыбы мельница Самбери 40г,189.96
Колготки женские Classic 40den ЭТО рS nero,119.98
Приправа для салатов мельница Самбери 50г,189.96
Рукав для запекания 38смх5м с клипсами Самбери,159.98
Средство для стирки Всегда Добрый день Черные ткани 750мл,119.98
"Напиток Всегда Добрый День дюшес 0,5л",24.99
Колготки женские Classic 40den ЭТО рXL daino,119.98
Колготки женские Classic 40den ЭТО рL daino,119.98
Кондиционер Самбери Silk&Soft Черничный лес 2л,279.98
Палочки ватные Всегда Добрый день 200шт,44.98
Маслины без косточки крупные Всегда Добрый день 425мл,154.69
"Напиток MIX Тропический Самбери 1,5л",44.99
Гольфы женские 20den черный ЭТО,26.98
Кондиционер Самбери Silk&Soft Сад Орхидей 2л,279.98
"Напиток Ванильный MIX Самбери 1,5л",54.98
Рис длиннозерный Всегда Добрый день 5х80г,62.99
Капуста цветная Самбери 400г,129.99
Носки мужские ЭТО р27 бежевый,32.98
Грибное ассорти Самбери 580мл,249.99
Средство для стирки Всегда Добрый день Деликатные ткани 750мл,119.98
Перец черный молотый Всегда Добрый День 10г,13.98
Носки мужские ЭТО р31 бежевый,32.98
"Напиток морсовый клюква Всегда Добрый день 0,5л",39.96
Перец черный горошек Всегда Добрый День 10г,18.99
Носки мужские ЭТО р29 бежевый,32.98
Приправа для мяса мельница Самбери 40г,189.96
Диски ватные Самбери Like You 100шт,97.89
Колготки женские Slim 40ден р4 nero EMI,149.99
Колготки женские Classic 40den ЭТО рS daino,119.98
Диски ватные Самбери Like You 120шт,114.98
Кондиционер Всегда Добрый день Детский 750мл,67.99
Гольфы женские 20den телесный ЭТО,26.98
Смесь перцев Пикантная мельница Самбери 35г,179.78
Приправа Французские травы мельница Самбери 60г,189.96
Носки мужские ЭТО р29 темно-серый,32.98
Колготки женские Slim 40ден р2 glase EMI,149.99
Носки мужские ЭТО р25 темно-серый,32.98
Фольга алюминиевая 10м 12 мкм с ножом Самбери,148.98
Кондиционер Самбери Silk&Soft Сад Орхидей 1л,189.98
"Напиток Всегда Добрый День лимонад 0,5л",24.99
Колготки женские Classic 40den ЭТО рL nero,119.98
Перловая крупа Самбери 5х80г,74.99
Кондиционер Всегда Добрый день Белый лотос 750мл,67.99
Сыр Сливочный нарезка Всегда Добрый день 50% 125г,149.99
Напиток морсовый клюква Всегда Добрый день 1л,59.98
Чай зеленый Всегда Добрый день лимон 25 пакетиков,59.99
"Напиток MIX Цитрусовый Самбери 0,5л",24.99
Кондиционер Самбери Silk&Soft Страна льдов 1л,189.98
Колготки женские Classic 40den ЭТО рM daino,119.98
Гель для душа Всегда Добрый день Овсяное молочко 500мл,69.98
Ананас кусочки в сиропе Самбери 892мл,199.98
Сыр Российский нарезка Всегда Добрый день 50% 125г,149.99
Каша овсяная Всегда Добрый день с абрикосом 35г,13.99
Шампиньоны целые Всегда Добрый День 850мл,174.99
Гель для душа Всегда Добрый день Грейпфрут 500мл,69.98
Приправа Итальянские травы мельница Самбери 60г,189.96
Колготки женские Slim 40ден р2 nero EMI,149.99
Носки мужские ЭТО р31 темно-серый,32.98
Гольфы женские 20ден ностальгия Crabro,26.98
Напиток морсовый брусника Всегда Добрый день 1л,59.98
Сыр Сметанковый-НТ Всегда Добрый день 50% 210г,179.98
Рис длиннозерный Самбери 5х80г,89.99
"Напиток MIX Тропический Самбери 0,5л",34.98
Соль морская мельница Самбери 90г,124.96
Носки мужские ЭТО р29 черный,32.98
Носки мужские ЭТО р31 черный,32.98
Носки мужские ЭТО р25 черный,32.98
Носки мужские ЭТО р27 черный,32.98
Кондиционер Всегда Добрый день Нежность шелка 750мл,67.99
Колготки женские Slim 40ден р3 nero EMI,149.99
Колготки женские Slim 40ден р3 glase EMI,149.99
Рис длиннозерный обработанный паром Самбери 5х80г,99.99
Носки мужские ЭТО р27 темно-серый,32.98
Сыр Витязь Всегда Добрый день 50% 210г,179.98
Маффины Самбери ванильные с клубничой начинкой 450г,169.99
Колготки женские Classic 40den ЭТО рM nero,119.98
Морс Самбери малина 1л,87.68
"Напиток морсовый брусника Всегда Добрый день 0,5л",39.96
Диски ватные Самбери Like You 150шт,129.99
Кофе растворимый Всегда Добрый день 150г,289.99
Ячневая крупа Самбери 5х80г,79.99
Соль гималайская мельница Самбери 95г,169.87
Носки мужские ЭТО р25 бежевый,32.98
Сыр Сметанковый-НТ Всегда Добрый день 50% нарезка 125г,149.99
Грибы Шампиньоны целые Всегда Добрый день 400г,119.99
Фасоль стручковая Самбери 400г,139.99
Маслины с косточкой крупные Всегда Добрый День 425мл,154.69
Грибы Шампиньоны резаные Самбери 400г,129.99
Маслины с косточкой мини Всегда Добрый День 300мл,84.99
Бокал одноразовый 200мл 5шт Самбери,79.98
Перец черный молотый Всегда Добрый День 100г,84.99
"Напиток MIX Клубничный Самбери 1,5л",44.99
Гель для душа Всегда Добрый день Орхидея 500мл,69.98
Маффины Самбери ванильные с шоколадной начинкой 450г,169.99
Рукав для запекания 30смх3м с клипсами Самбери,79.99
Кофе зерновой Самбери Бразилия Суль-де-Минас 250г,449.99
Морс Самбери брусника 1л,87.68
Нектар Самбери тыква/морковь 1л,114.99
Приправа для кофе и десертов мельница Самбери 48г,269.99
Каша овсяная Всегда Добрый день клубника/сливки 35г,13.99
Коврик антипригарный 35х40см Самбери,298.98
Манная крупа Всегда Добрый День 700г,34.99
Фольга алюминиевая 10м 12мкм Самбери,129.98
Сыр Российский Всегда Добрый день 50% 210г,179.98
Сок томатный Самбери 1л,99.99
Средство для стирки Всегда Добрый день Универсальный 750мл,119.98
Колготки женские EMI Velour 40 р5 nero,169.99
Гречневая крупа Всегда Добрый день 5х80г,46.99
Цикорий растворимый Самбери классический 100г,89.99
Кофе растворимый Всегда Добрый день 40г,89.99
Шампиньоны резаные Всегда Добрый День 850мл,137.96
Ананас кольца в сиропе Самбери 892мл,199.98
Салат из морской капусты с кальмаром Юбилейный Самбери 250г,139.98
Манная крупа Самбери 500г,54.98
"Напиток MIX Цитрусовый Самбери 1,5л",54.98
Нектар Самбери тыква/морковь/яблок 1л,114.99
Сырок глазированный Самбери 26% ваниль 45г,54.99
Кешью жареный 130г Самбери,269.99
Томатная паста Экстра Самбери 270г,78.98
Чай зеленый Всегда Добрый день 25 пакетиков,59.99
Гель для душа Всегда Добрый день Кокос 500мл,69.98
Зубочистки Самбери 500шт,139.99
Рис пропаренный Всегда Добрый День 800г,84.99
Рис длиннозерный Самбери 900г,104.99
Средство для стирки Всегда Добрый день Детский 750мл,119.98
Блинчики с творогом Самбери 420г,159.99
"Масло сливочное соленое Самбери 82,5% 180г",199.99
Короб для хранения  30х30х84 Romantic NinaHome,458.98
Сыр плавленый Самбери сливочный 80г,49.99
Сыр плавленый Самбери с ветчиной 80г,49.99
Макаронные изделия перья Всегда Добрый день 3кг,199.99
Колготки женские Slim 40ден р4 glase EMI,149.99
Масло сливочное Шоколадное Самбери 62% 180г,189.99
Пергамент для выпечки 30смx12м Самбери,139.99
Каша овсяная Всегда Добрый день с яблоком 35г,13.99
Зубочистки Самбери 100шт,29.98
Нектар Самбери морковь 1л,114.99
Средство моющее для пола универсальное Всегда Добрый день 1л,89.98
Сырок глазированный Самбери 26% какао 45г,54.99
Колготки женские EMI Velour 40 р2 nero,169.99
Корнишоны маринованные Самбери 500мл,197.99
Бумага для выпечки 30смх5м Всегда Добрый день,59.98
Зубочистки Самбери 200шт,59.98
Короб для хранения 28х14х14см Romantic Nina Home,198.98
Перловая крупа Самбери 700г,54.99
Фасоль стручковая Самбери 1кг,248.99
Шампиньоны резаные Всегда Добрый день 425мл,64.99
Салат Царский Самбери 400г,179.99
"Масло сливочное Крестьянское Всегда Добрый день 72,5% 400г",319.99
Смесь риса бурый и дикий Самбери 450г,154.88
Сыр Сливочный Всегда Добрый день 50% 210г,179.98
Рис круглозерный Всегда Добрый День 5x80г,59.99
Грибы Шампиньоны резаные Самбери 1кг,274.99
Кукуруза сахарная Самбери 212мл,69.99
Корнишоны маринованные Самбери 370мл,168.99
Капуста цветная Самбери 1кг,268.99
Маффины Самбери ванильные с вареной сгущенкой 450г,169.99
Печенье Орешки на сливочном масле Самбери 300г,249.99
Маслины без косточки мини Всегда Добрый День 300мл,75.98
Маффины Самбери шоколадные со вкусом пломбира 360г,169.99
Каша овсяная Всегда Добрый день Традиционная со сливками 35г,8.98
Кофе зерновой Самбери Колумбия Атьокия 250г,489.99
Сырок глазированный Самбери 26% с вареной сгущенкой 45г,54.99
Каша овсяная Всегда Добрый день персик/сливки 35г,13.99
"Масло сливочное Крестьянское Всегда Добрый день 72,5% 180г",144.99
Рис круглозерный Самбери 5х80г,89.98
Миндаль жареный 130г Самбери,249.99
"Напиток MIX Клубничный Самбери 0,5л",34.98
"Масло сливочное Крестьянское Самбери 72,5% 180г",179.99
Диски ватные Всегда Добрый день 120шт,59.89
Рис круглозерный Самбери 900г,99.99
Горошек зеленый Самбери 400г,139.99
"Напиток Всегда Добрый День дюшес 1,5л",34.99
Цикорий растворимый Самбери с черникой 100г,99.99
Рис басмати Самбери 500г,159.98
Булгур Самбери 450г,114.88
Салат Мексиканский Самбери 400г,159.99
Макаронные изделия спирали Всегда Добрый день 3кг,199.99
Ананас кусочки в сиропе Всегда Добрый День 850мл,154.99
Ананас кольца Всегда Добрый День 850мл,159.99
Сыр Голландский Всегда Добрый день 45% 210г,179.98
"Масло сливочное Традиционное Всегда Добрый день 82,5% 180г",164.99
Стейк из голени индейки Самбери,359.99
Сок гранатовый Самбери 1л,129.99
Компот джекфрут SeiYo 580мл,227.99
Колбаса вареная Чайная ГОСТ Всегда Добрый день 450г,199.99
Ананас кольца в сиропе Самбери 627мл,139.98
Шпинат шариками Самбери 400г,139.99
Капуста брокколи Самбери 1кг,268.99
Бекон сырокопченый нарезка Самбери 200г,209.99
Варенье из кедровых шишек с кедровыми орешками Самбери 290г,319.99
Томатная паста Экстра Самбери 550г,134.99
Сосиски Добрячки 400г,174.99
Гречневая крупа Самбери 900г,84.99
Стейк из свинины бескостный Самбери,449.99
"Масло сливочное Традиционное Самбери 82,5% 180г",199.99
Бекон сырокопченый нарезка Самбери 500г,469.99
Кофе зерновой Самбери Колумбия Атьокия 1кг,1899.99
Хлопья кукурузные Самбери 300г,84.67
Фольга алюминиевая 10м 9мкм Всегда добрый день,69.99
Блинчики с мясом Самбери 420г,169.99
Салат Мексиканский Самбери 1кг,249.99
Мидии Самбери 450г,249.98
Салат Царский Самбери 1кг,279.99
Грецкий орех очищенный 100г Самбери,249.99
Салат Любимый Самбери 1кг,298.99
"Масло сливочное Традиционное Всегда Добрый день 82,5% 400г",359.99
Капуста брокколи Самбери 400г,169.99
Кукуруза сахарная Самбери 425мл,114.99
Морской коктейль Самбери 450г,249.98
Кета кусок замороженный фасованный Самбери,529.98
Грузди маринованные Самбери 580мл,229.99
Дамплинги SeiYo с овощами для жарки 800г,379.99
Макаронные изделия рожки Всегда Добрый день 3кг,199.99
"Напиток Всегда Добрый День лимонад 1,5л",34.99
Креветки Северные Самбери 450г,499.98
Гречневая крупа Всегда Добрый День 800г,74.99
Перец черный горошек мельница Самбери 40г,219.79
Шампиньоны целые Всегда Добрый день 425мл,89.99
Колбаса вареная Молочная ГОСТ Всегда Добрый день 450г,189.99
Варенье из сосновых шишек Самбери 290г,319.99
Рис круглозерный Всегда Добрый День 800г,89.99
Салат из морской капусты с кальмаром Юбилейный Самбери 500г,199.98
Солянка из морской капусты с кальмаром Самбери 500г,189.98
Салат из морской капусты по-восточному Самбери 250г,74.98
Ананас кусочки в сиропе Самбери 627мл,139.98
Блинчики с ветчиной и сыром Самбери 420г,159.99
Нектар Самбери тыква 1л,114.99
Масло подсолнечное рафинированное Доброе Самбери 1л,149.98
Тесто слоеное пресное Всегда Добрый день 500г,109.99
Компот Самбери курага 1л,87.98
Мука пшеничная высший сорт Самбери 2кг,119.99
Салат из морской капуста по-восточному Самбери 500г,109.99
Рис длинозерный обработанный паром Всегда Добрый день 5х80г,59.99
Дамплинги SeiYo с морепродуктами 800г,549.99
Солянка из морской капусты с кальмаром Самбери 250г,121.98
Компот Самбери яблоко/чернослив 1л,87.98
Томатная паста Экстра Самбери 1кг,219.99
Дамплинги SeiYo с курицей и свининой 800г,549.99
Дамплинги SeiYo с морепродуктами для жарки 800г,549.99
Колбаса вареная Докторская ГОСТ Всегда Добрый день 450г,189.99
Дамплинги SeiYo с овощами 800г,339.99
Стейк Денвер мраморная говядина Matured Beef Мираторг 310г,729.87
Свинина на кости рулька замороженная фасованная Россия,269.98
Ноги цыпленка бройлера 1кг Амурский Бройлер,109.89
Стейк из мраморной говядины Чак ролл Matured Beef Мираторг 650г,1069.98
Стейк Рамп Мираторг 480г,899.79
Стейк Пиканья из мраморной говядины BlackAngus Мираторг 325г,729.96
Стейк Техас мраморная говядина Мираторг 300г,549.68
Свинина на кости корейка экстра замороженная Мясной ряд,399.96
Яйцо куриное Белореченское С1 15шт пленка,149.99
Стейк Мачете из мраморной говядины МЯSOЕТ 200г охл,589.98
Стейк Рибай из говядины Родные места 320г,619.89
"Тушка цыпленка,корнишон КФХ Дорофеев 500г",369.87
Грудная кость куриная Амурский Бройлер,94.99
Стейк Рамп из мраморной говядины МЯSOЕТ 200г,599.87
Печень говяжья замороженная Ратимир,369.99
Головы ЦБ 1кг пакет Амурский бройлер,99.97
Печень свиная замороженная Ратимир,199.99
Стейк Ранчо из говядины бескостные Родные места 250г,498.98
Стейк Топ-Блейд мраморная говядина Праймбиф 400г,1399.78
Тушка кролика Россия,639.77
Стейк Пиканья из мраморной говядины МЯSOЕТ 200г,599.99
Стейк Фермер из говядины бескостные Родные места 250г,449.89
Стейк Бавет из мраморной говядины МЯSOЕТ 400г,1099.99
Стейк Нью-Йорк из мраморной говядины МЯSOЕТ 200г,849.69
Свинина без кости шея экстра Мясной Ряд,489.79
Стейк ЧакАйРолл мраморная говядина Праймбиф 400г,1049.99
Стейк Рамп мраморная говядина Праймбиф 400г,799.79
Яйцо перепелиное 20шт Березовка,159.99
Стейк Рибай из мраморной говядины МЯSOЕТ 200г,999.97
Стейк Денвер из мраморной говядины МЯSOЕТ 200г,699.99
Яйцо перепелиное 10шт,99.98
Лопатка свиная в маринаде СловоМясника,469.96
Стейк Яблочко мраморная говядина Праймбиф 400г,999.97
Свинина шея без кости охлажденная Слово мясника,529.96
Вегас стейк из мраморной говядины Мираторг 480г,949.97
Цыпленок Халяль 1 сорт ALFOOR,269.78
Цыпленок Халяль 1сорт Равис,257.97
Фарш Пикантный из печени Мясное дело 800г,219.68
Стейк Топ-Сирлойн мраморная говядина Праймбиф 400г,999.99
Ребра бараньи на кости Халяль Россия,699.96
Цыпленок 2 категория замороженный пакет Приосколье,249.68
Окорочок утенка Улыбино,679.89
Бедро куриное Михайловский бройлер подложка,249.69
Яйцо куриное С0 15шт Птицефабрика Заря,169.99
Свинина без кости корейка замороженная Слово Мясника,399.99
Шейка баранья Эколь,789.78
Желудки куриные охлажденные Амурский бройлер,369.78
Филе индейки малое Индилайт 1кг,739.97
Филе грудки куриное Михайловский бройлер подложка,399.99
Крыло куриное охлажденная на подложке Дальневост птица,329.77
Ножки свиные охл.,89.90
Лопатка баранья без кости в сетке Халяль Россия,1049.96
Грудка куриная Михайловский бройлер подложка,339.97
Свинина бескостный окорок охлажденный Слово мясника,419.68
Гуляш из говядины Халяль Мясо Есть,919.87
Филе грудки индейки Индилайт 1кг,739.87
Цыпленок 1 категория Халял Приосколье,239.88
Фарш домашний замороженный Карина 500г,169.98
Крыло куриное замороженное Амурский Бройлер,299.78
Окорочок куриный Михайловский бройлер подложка,279.99
Стейк Паризьен из мраморной говядины Black Angus Мираторг 290г,599.79
Шея свиная Викинг,489.88
Набор куриный для супа Михайловский бройлер подложка,129.89
Яйцо куриное С1 Белореченское 30шт,289.98
Свинина без кости карбонад экстра Мясной Ряд,449.88
Стейк Топ Блейд мраморная говядина Black Angus Мираторг 460г,1099.98
Голяшка говяжья без кости Оренбив,709.69
Грудинка баранья Эколь,329.99
Фарш домашний замороженный Карина 1кг,329.99
Баранина для плова Халяль Россия,699.99
Набор для первых блюд Амурский Бройлер,99.99
Бефстроганов из говядины 400г Надежда-95,499.87
Печень индейки Краснобор,399.99
Купаты Французские свинина/сыр Охотно 400г,249.69
Тушка утенка замороженная Улыбино,379.97
Крыло куриное замороженное,319.89
Стейк Мачете в маринаде Открытый огонь 200г,469.67
Шашлык куриный Аппетитный без специй бескостный Амурский Бройлер подложка,499.97
Голень ягнёнка на кости Мясники Отара,749.98
Яйцо куриное С0 Белореченское 15шт,177.99
Эскалоп свиной без кости Ратимир,469.98
Половинка цыпленка 1 категория Амурский Бройлер,309.99
Свинина без кости лопатка Слово мясника,379.99
Фарш куриный Домоседка 500г,119.79
Фарш куриный Карина 500г,169.99
Шницель из индейки Индилайт 1кг,709.69
Сердце куриное охлажденное Амурский бройлер,529.96
Яйцо перепелиное копченое Молодецкие 20шт,357.98
Печень куриная охлажденная Амурский бройлер,309.99
Сердце куриное подложка Приосколье,319.69
Набор для супа куриный Михайловский бройлер подложка,139.68
Голень индейки Краснобор,289.68
Фарш Смешанный баранина/говядина Эколь,429.79
Стейк грудки индейки Индилайт 1кг,749.79
Цыпленок 1с Байсад фирменный пакет,199.87
Шеи цыпленка-бройлера Амурский бройлер 1кг,129.68
Ребрышки говяжьи Конфи Россия,599.96
Колбаски свиные для жарки и гриля Классические Доброе дело 350г,279.87
Набор для тушения охлаждённый Амурский Бройлер,119.99
Желудки куриные замороженные Приосколье,179.96
Фарш домашний ГОСТ 600г Ратимир,369.98
Цыпленок 1 категория охлажденный Амурский Бройлер,240.98
Свинина без кости лопаточная часть экстра замороженная Мясной ряд,369.99
Фарш говяжий замороженный 500г Карина,172.79
Голень куриная охлажденная на подложке Дальневосточная птица,299.99
Рагу свиное Слово Мясника,169.99
Бедро бескостное полуфабрикат из мяса птицы Амурский Бройлер,499.77
Цыпленок 1 сорт Михайловский бройлер,198.99
Стейк Рибай из говядины толстый край Открытый огонь 250г,649.69
Стейк Минутка из мраморной говядины BlackAngus Мираторг 190г,389.87
Голень индейки замороженная,259.99
Свинина без кости шея замороженная в/у Слово мясника,531.97
Цыпленок 1 сорт Михайловский бройлер подложка,289.88
Грудка куриная охлажденная Амурский Бройлер,200
Крыло куриное охлажденное Амурский Бройлер,339.89
Говядина без кости внутренняя часть тазобедренного отруба,699.99
Фарш Столичный из индейки Индилайт 900г,169.98
Грудка куриная охлажденная на подложке Михайловский бройлер,349.89
Яйцо куриное С1 Белореченское Домашнее 10шт,102.98
Рагу баранье Халяль Мясо Есть,149.79
Голень индейки Индилайт,299.87
"Фарш ""Особенный"" рубленный охлаждённый Амурский бройлер",439.89
Яйцо куриное С1 10шт Племптицезавод,99.98
Голень куриная охлажденная Амурский Бройлер,296.98
Бедро куринное охлажденная на подложке Дальневосточная птица,279.89
Ребро свиное с корейки Слово Мясника,439.77
Свинина на кости окорок экстра Мясной ряд,339.99
Свинина без кости окорок экстра замороженная Мясной ряд,398.98
Свинина без кости замороженная окорок в/у Слово мясника,429.99
Крыло куриное замороженное на подложке Приосколье,259.79
Филе бедра индейки Индилайт 1кг,769.67
Филе цыпленка замороженное Амурский Бройлер,429.98
Яйцо куриное С1 30шт Племптицезавод,269.99
Свинина без кости мясо котлетное замороженное Слово Мясника,399.79
Грудка куриная замороженная на подложке Приосколье,309.88
Печень куриная замороженная на подложка Приосколье,209.99
Яйцо куриное копченое Молодецкие 4шт,199.98
Яйцо куриное С0 10шт Племптицезавод,109.98
Филе грудки куриное охлажденное без кожи на подложке Дальневосточная птица,489.67
"Свинина (голяшка, рулька) охлаждённая",279.90
Яйцо куриное С1 20шт Местное,229.99
Тушка утенка 1с Озерка,329.67
Яйцо куриное столовое отборное 20шт тепличное Племптицезавод,217.99
Цыпленок 1кат замороженный пакет Приосколье,193.85
Филей лопаточной части говядины без кости Оренбив,789.96
Фарш говяжий 600г Ратимир,389.78
Голень куриная замороженная на подложке Приосколье,208.98
Окорочок бескостный подложка Приосколье,399.99
Баранина для плова Эколь,429.96
Шашлык свиной по-Кавказски Слово Мясника ведро,429.98
Колбаски для жарки и гриля с паприкой Доброе дело 350г,279.87
Бедро куриное охлажденное Амурский Бройлер,296.98
Печень говяжья замороженная фасованная,293.98
Окорочка куриные (четвертина) фасованные Россия,225.98
Хрящи свиные на кости,149.78
Бедро куриное замороженное,239.99
Яйцо куриное СО 10шт Местное,114.99
Голень куриная замороженная,259.98
Бедро куриное замороженное на подложке Приосколье,191.98
Филе грудки куриное охлажденное Амурский Бройлер,449.97
Филе грудки куриное замороженное на подложке Приосколье,303.79
Говядина бескостная экстра лопаточная часть Ратимир,749.97
Варенье Ежевика экстра Noyan 450г,299.98
Джем Айва Noyan 425г,199.98
Варенье Арбуз экстра Noyan 450г,299.98
Мед липовый Сота 300г,259.98
Суфле медовое Медовый дом маракуйя 250г,229.98
Варенье Сава облепиха 300г,169.98
Варенье персиковое домашнее Вологодское 370г,227.98
Джем клубника Делфур 284г,389.98
Варенье малиновое Вологодское 370г,269.98
Варенье малиновое домашнее Спасский 420г,179.98
Сироп Шиповниковый BioNergy 200мл,149.98
Мёд цветочный Медовая семья 150г,109.98
Варенье абрикосовое Вологодское 370г,227.98
Сироп черносмородиновый Lesnika 300мл,165.98
Джем вишня Ратибор 360г,169.98
Мед цветочный Сота 300г,249.98
Мёд гречишный призма 350г Башкирские пасеки,299.98
Мед Алтайцвет Горный Избранное 200г,249.98
Варенье вишнёвое без косточки Лукашинские 450г,259.98
Варенье чёрносмородиновое Лукашинские 450г,259.98
Джем малина 400г Махеев,259.98
Джем ананас-манго Делфур 284г,389.98
Мед липовый с лимонником Lesnika 250г,199.98
Джем St.Dalfour манго/маракуйя 284г,389.98
Мёдовый набор липа/цветочный/гречичный Башкирские пасеки 450г,599.98
Мед липовый с пыльцой Lesnika 250г,199.98
Варенье крыжовниковое Спасский 420г,179.98
Сироп шиповник Lesnika 300мл,165.98
Джем клюква/черника St.Dalfour 284г,389.98
Мед таёжный Lesnika 250г,149.98
Джем St.Dalfour яблоко/корица 284г,389.98
Мёд липовый призма 350г Башкирские пасеки,459.98
Джем вишня Абрико 270г,84.98
Мёд цветочный призма 350г Башкирские пасеки,299.98
Мед липовый с женьшенем Lesnika 250г,199.98
Варенье абрикосовое Лукашинские 450г,259.98
Мед цветочный с прополисом Берестов А.С. 200г,299.98
Джем Сава вишневый с кусочками 300г,129.98
Сироп шиповник Lesnika 500мл,239.98
Джем ежевика St.Dalfour 284г,389.98
Джем Terra Frutta апельсин/киви 200г,89.99
Джем персик Делфур 284г,389.98
Джем слива Мирабелла St.Dalfour 284г,389.98
Варенье Сава жимолость 300г,219.98
Мёд липовый в соте Избранное Берестов А.С. 200г,449.98
Мед гречишный Lesnika 250г,149.98
Сироп клюква Lesnika 300мл,165.98
Джем Terra Frutta апельсин/лимон/имбирь 200г,149.98
Ягода протертая с сахаром черника Сава 280г,109.98
Джем клубника/ревень St.Dalfour 284г,389.98
Мед гречишный Медовая семья 400г,219.98
Сироп облепиха Lesnika 300мл,165.98
Мёд гречишный Медовая семья 1000г,449.98
Варенье клубничное Лукашинские 450г,259.98
Джем малина St.Dalfour 284г,389.98
Мёд цветочный 1кг,449.98
Мед липовый Lesnika 250г,159.98
Мед таёжный Lesnika 450г,269.98
Ягода протертая с сахаром брусника Сава 280г,109.98
Сироп черника Lesnika 300мл,165.98
Варенье персиковое Лукашинские 450г,259.98
Джем черника St.Dalfour 284г,389.98
Джем груша и банан с ванилью Махеев 300г,118.98
Варенье Сава клубничное 300г,189.98
Джем абрикос Ратибор 360г,169.98
Мёд набор Башкирские пасеки 5*40г,459.98
Джем кумкват St.Dalfour 284г,389.98
Джем малина/гранат St.Dalfour 284г,389.98
Джем Персик и Манго 400г Махеев,229.98
Повидло вишнево-яблочное Мама сказала! 1кг,146.99
Ягода протертая с сахаром земляника Сава 280г,109.98
Варенье малина Лукашинские 450г,379.89
Джем сливовый Махеев 300г,118.98
Джем клубника Абрико 330г,84.98
Мёд цветочный/грецкий орех Сотка 220г Башкирские пасеки,299.98
Повидло клубнично-яблочное Мама сказала! 1кг,146.99
Джем Terra Frutta апельсин/манго 200г,149.98
Молоко кокосовое Chaokoh 65мл,77.89
Джем черная смородина Махеев 300г,129.98
Джем вишневый Махеев 300г,129.98
Джем апельсин Делфур 284г,389.98
Повидло яблочное Мама сказала! 630г,107.99
Джем клубника Махеев 300г,115.98
Топпинг Мягкая Карамель Махеев 300г,169.98
Джем клубника 400г ст/б Махеев,229.98
Сироп Кедровый Бионерджи 200мл,149.98
Повидло абрикосово-яблочное Мама сказала! 1кг,146.99
Мед липовый Медовая семья 150г,119.98
Джем малина Махеев 300г,142.98
Мед таежный Медовая семья 150г,109.98
Сироп кленовый Maple Joe 189мл,528.68
Повидло яблочное Мама сказала! 1кг,146.99
Мёд липовый Медовая семья 1000г,479.99
Джем Сава абрикосовый с кусочками 300г,129.98
Молоко кокосовое Ampawa 17% 400г,199.89
Молоко кокосовое 60% Aroy-d 400мл,299.89
Лампа Gauss светодиодная шар 12Вт Е27 теплый свет,289.99
Лампа Gauss светодиодная А67 25ВТ Е27 холодный свет,399.99
Лампа Gauss светодиодная шар 12Вт Е27 холодный свет,289.99
Элемент питания Duracell Basic ААА 1.5V LR03 2шт,199.67
Лампа InHome светодиодная A60 15Вт Е27 холодный свет,129.87
Лампа InHome светодиодная JCDR 11Вт GU5.3 холодный свет,149.98
Лампа ОНЛАЙТ светодиодная A55 10Вт Е27 холодный свет,69.99
Лампа ЭРА ECO светодиодная свеча 8Вт Е27 теплый свет,104.99
"Лампа Gauss светодиодная шар 6,5Вт Е27 теплый свет",159.87
Лампа ЭРА светодиодная А60 11Вт Е27 теплый свет,149.99
Лампа Gauss светодиодная А67 25ВТ Е27 теплый свет,399.99
Лампа Эра галогенная GY6.35 JCD 35W 230V,79.99
Элемент питания Duracell Basic AA 1.5V LR6 2шт,199.67
Лампа ЭРА светодиодная А60 15Вт Е27 теплый свет,199.99
Лампа InHome светодиодная A60 8Вт Е27 холодный свет,89.67
Лампа Эра галогенная G4 JCD 40W 230V,79.99
Лампа Эра галогенная GU5.3 JCDR (MR16) 35W 230V,99.99
Лампа Gauss светодиодная шар 15Вт Е27 теплый свет,269.99
Лампа ЭРА ECO светодиодная шар 8Вт Е14 холодный свет,104.99
Лампа ЭРА светодиодная свеча 11Вт Е27 холодный свет,199.99
Лампа ЭРА ECO светодиодная свеча 8Вт Е14 теплый свет,104.99
Лампа Эра галогенная GY6.35 JC 35Вт 12V,69.99
Лампа ЭРА светодиодная А60 13Вт Е27 теплый свет,169.99
"Лампа Gauss светодиодная шар 6,5Вт Е27 холодный свет",159.87
Лампа ЭРА светодиодная свеча 11Вт Е27 теплый свет,199.99
Лампа InHome светодиодная JC 3Вт G4 холодный свет,169.67
Лампа InHome светодиодная HP-PRO 30Вт Е27 холодный свет,319.88
Лампа ЭРА ECO светодиодная свеча 8Вт Е27 холодный свет,104.99
Элемент питания Duracell 12V MN27 1шт,239.96
Лампа Эра галогенная G4 JC 20W 12V,54.99
Лампа InHome светодиодная шар 8Вт Е27 теплый свет,99.79
Лампа InHome светодиодная свеча 11Вт Е14 холодный свет,129.78
Лампа ЭРА ECO светодиодная шар 8Вт Е14 теплый свет,104.99
Лампа ЭРА ECO светодиодная свеча 8Вт Е14 холодный свет,104.99
Элемент питания Duracell Basic 9V 6LR61 1шт,449.87
Элемент питания Duracell 1.5V LR44 2шт,189.96
Лампа InHome светодиодная шар 6Вт Е14 теплый свет,89.87
Лампа ЭРА светодиодная А60 13Вт Е27 холодный свет,169.99
Лампа ЭРА светодиодная А60 11Вт Е27 холодный свет,149.99
Лампа ЭРА шар 60Вт Е27 прозрачная,39.99
Элемент питания Duracell Ultra Power АА LR6 4шт,409.99
Лампа InHome светодиодная A60 10Вт Е27 холодный свет,99.99
Лампа ЭРА светодиодная свеча 11Вт Е14 теплый свет,199.99
Лампа InHome светодиодная JCDR 11Вт GU5.3 теплый свет,149.98
Лампа ЭРА светодиодная шар 7Вт Е27 теплый свет,149.99
Лампа ЭРА шар 40Вт Е27 прозрачная,39.99
"Лампа Gauss светодиодная свеча 9,5Вт Е14 теплый свет",249.99
Лампа ЭРА светодиодная свеча 7Вт Е27 теплый свет,149.99
Лампа ЭРА светодиодная свеча 7Вт Е14 теплый свет,149.99
Лампа ЭРА свеча 60Вт Е14 прозрачная,39.99
Лампа InHome светодиодная JCD 3Вт G9 холодный свет,179.98
"Лампа InHome светодиодная JC 1,5Вт G4 холодный свет",129.78
Лампа ЭРА светодиодная А65 19Вт Е27 теплый свет,239.99
Лампа ЭРА светодиодная F-LED свеча 5Вт Е14 теплый свет,169.99
Элемент питания Duracell 12V MN21 1шт,169.88
Лампа ЭРА светодиодная JCD 5Вт G9 теплый свет,239.99
Лампа ЭРА светодиодная А60 15Вт Е27 холодный свет,199.99
Лампа ЭРА светодиодная шар 11Вт Е14 холодный свет,199.99
Лампа ЭРА светодиодная свеча 11Вт Е14 холодный свет,199.99
Лампа ЭРА свеча 60Вт Е27 прозрачная,39.99
Лампа ЭРА светодиодная MR16 8Вт GU5.3 теплый свет,104.99
Лампа InHome светодиодная шар 6Вт Е14 холодный свет,89.87
Лампа ЭРА светодиодная свеча 7Вт Е27 холодный свет,149.99
Лампа ЭРА светодиодная свеча 7Вт Е14 холодный свет,149.99
Элемент питания Duracell Specialty 2025 2шт,369.78
Элемент питания Duracell UltraPower ААА LR03 4шт,409.99
Удлинитель ЭРА 3гн 10м с заземлением,869.99
Лампа InHome светодиодная A60 8Вт Е27 теплый свет,89.67
Лампа ЭРА светодиодная шар 7Вт Е27 холодный свет,149.99
Лампа ЭРА светодиодная А65 19Вт Е27 холодный свет,239.99
Лампа Эра галогенная GU10 JCDR 35Вт 230V,129.99
Лампа InHome светодиодная JCD 5Вт G9 холодный свет,179.98
Лампа InHome светодиодная JCDR 4Вт GU5.3 теплый свет,99.98
Элемент питания Duracell UltraPower АА LR6 2шт,219.79
Лампа Эра галогенная G9 JCD 40 230V Cl,79.99
Элемент питания Duracell Basic ААА 1.5V LR03 4шт,249.99
Лампа InHome светодиодная JCDR 6Вт GU5.3 холодный свет,89.96
Лампа ЭРА свеча 40Вт Е14 прозрачная,39.99
Лампа ЭРА шар 60Вт Е14 прозрачная,39.99
Элемент питания Duracell Basic D 1.5V LR20 2шт,679.97
Сетевой фильтр 5 гнезд 3м с заземлением/2USB/защитные шторки Duwi,949.69
Лампа ОНЛАЙТ светодиодная A55 10Вт Е27 теплый свет,69.99
Лампа InHome светодиодная A60 10Вт Е27 холодный свет,99.99
Лампа InHome светодиодная JCDR 11Вт GU5.3 холодный свет,149.98
Лампа InHome светодиодная свеча 11Вт Е14 теплый свет,129.78
Лампа InHome светодиодная шар 8Вт Е27 холодный свет,99.79
Мышь беспроводная MW175 Intro,409.99
Лампа InHome светодиодная свеча 6Вт Е27 теплый свет,89.99
Лампа ЭРА шар 40Вт Е14 прозрачная,39.99
Лампа ЭРА светодиодная F-LED свеча 5Вт Е14 холодный свет,169.99
Лампа ЭРА светодиодная шар 7Вт Е14 теплый свет,149.99
Аккумулятор Трофи HR03 950mAh 2шт,269.77
Лампа ЭРА светодиодная JCD 5Вт G9 холодный свет,239.99
Лампа Эра галогенная с отражателем GU5.3 35W 12V,79.99
Кабель USB/iPhone 1м пружина Appacs,419.99
Лампа ЭРА светодиодная MR16 8Вт GU5.3 холодный свет,104.99
Лампа InHome светодиодная A60 10Вт Е27 теплый свет,99.99
Лампа InHome светодиодная шар 8Вт Е14 теплый свет,99.89
Лампа InHome светодиодная свеча 6Вт Е27 холодный свет,89.99
Лампа InHome светодиодная HP-PRO 30Вт Е27 холодный свет,319.88
Светильник светодиодный на липучке Эра 3хААА,239.99
Удлинитель ЭРА Эконом 3 гнезда 3м без заземления,229.99
Лампа InHome светодиодная JCDR 8Вт GU5.3 теплый свет,99.69
Лампа InHome светодиодная JCDR 8Вт GU5.3 холодный свет,99.69
Лампа InHome светодиодная свеча 8Вт Е27 холодный свет,99.68
Лампа InHome светодиодная A60 20Вт Е27 холодный свет,179.68
Элемент питания Duracell Spec 2016 2шт,369.79
"Удлинитель ЭРА Эконом 3 гнезда 1,5м без заземления",199.99
Кабель USB/microUSB 1м пружина Appacs,419.99
Наушники вкладыши RX-190 Intro,116.99
Кабель USB/Type-C 1м пружина Appacs,419.99
Лампа InHome светодиодная A60 15Вт Е27 теплый свет,129.87
Лампа ЭРА светодиодная шар 11Вт Е14 теплый свет,199.99
Элемент питания ORS'O G1 LR60 10шт,69.99
Лампа накаливания МСЛЗ 75Вт Е27,29.99
Аккумулятор Трофи HR6 2100mAh 2шт,499.78
Элемент питания ORS'O CR2025 1шт,49.99
Удлинитель 3 гнезда 5м с заземлением Duwi,449.99
Элемент питания Duracell Basic AA 1.5V LR6 4шт,249.99
Кабель USB/microUSB 1м белый Appacs,199.99
Лампа ЭРА светодиодная шар 7Вт Е14 холодный свет,149.99
Лампа ЭРА ECO светодиодная шар 8Вт Е27 теплый свет,104.99
Элемент питания Duracell Basic AA 1.5V LR6 8шт,629.97
"Удлинитель 3 гнезда 1,5м с заземлением Duwi",249.97
Переходник Фотон АМ 6-1 6А,119.99
Элемент питания ORS'O CR2032 1шт,49.99
Удлинитель 3 гнезда 3м с заземлением Duwi,279.77
Кабель USB/iPhone 1м текстиль Appacs,329.99
Удлинитель ЭРА Эконом 3 гнезда 5м без заземления,389.99
Элемент питания Duracell Basic ААА 1.5V LR03 8шт,629.97
Удлинитель 3 гнезда 3м с заземлением/выключатель/шторки Duwi,399.79
Кабель USB/iPhone 1м белый Appacs,199.99
Кабель USB/Type-C 1м текстиль Appacs,329.99
Кабель USB/microUSB 1м текстиль Appacs,329.99
Лампа InHome светодиодная свеча 8Вт Е14 холодный свет,99.79
Кабель USB/Type-C 1м белый Appacs,199.99
Лампа ЭРА светодиодная JC 3Вт G4 теплый свет,229.99
Элемент питания ORS'O D LR20 2шт,449.99
Лампа Gauss светодиодная шар 20Вт Е27 холодный свет,289.99
Лампа ЭРА светодиодная шар 11Вт Е27 холодный свет,199.99
Элемент питания ORS'O С LR14 2шт,319.99
Элемент питания ORS'O ААА LR03 4шт,169.99
Лампа InHome светодиодная A60 20Вт Е27 теплый свет,179.68
Лампа ЭРА светодиодная JC 3Вт G4 холодный свет,229.99
Элемент питания Duracell Basic С 1.5V LR14 2шт,459.96
Лампа ЭРА светодиодная шар 11Вт Е27 теплый свет,199.99
Элемент питания ORS'O CR2032 5шт,169.99
Лампа ЭРА светодиодная филаментная А60 9Вт Е27 теплый свет,259.99
Лампа накаливания МСЛЗ 95Вт Е27,29.99
Лампа InHome светодиодная JCDR 6Вт GU5.3 теплый свет,89.96
"Фильтр сетевой ЭРА 4гн 1,5м с заземлением",519.99
Элемент питания ORS'O G13 LR44 10шт,79.99
Разветвитель Фотон на 3 розетки,289.99
Элемент питания ORS'O 6LR61 1шт,219.99
Элемент питания ORS'O CR1632 1шт,49.99
Батарейка Duracell Specialty 2032 2шт,369.77
"Наушники вкладыши 1,2м RX-260 Intro",229.99
Элемент питания ORS'O АА LR6 4шт,169.99
Лампа Gauss светодиодная шар 15Вт Е27 холодный свет,269.99
Лампа Gauss светодиодный шар 20Вт Е27 теплый свет,289.99
"Лампа Gauss светодиодная шар 6,5Вт Е14",159.87
"Лампа Gauss светодиодная шар 6,5Вт Е14",159.87
Кабель аудио AUX3.5 1м Appacs,399.99
Лампа InHome светодиодная шар 11Вт Е27 холодный свет,129.78
Лампа InHome светодиодная JCDR 4Вт GU5.3 холодный свет,99.98
