"Сланцы цельнолитые женские р36-41,  ЭВА",359.98 
"Сланцы сборные, мужские р40-45, верх ПВХ подошва ЭВА",249.98 
Сланцы женские р36-41 Ритм,249.98 
Платок носовой женский 30х30см в ассортименте,39.98 
Платок носовой мужской 30х30см в ассортименте,39.98 
Носки-следки женские р35-40 в ассортименте,59.98 
Носки-следки мужские р40-44 EMI,79.98 
Носки детские р23-25,49.98 
Носки-следки женские р35-40 в ассортименте,79.98 
Носки для мальчиков р16-18 Геометрия ТОП,69.98 
Носки для мальчиков р22-24 Геометрия ТОП,69.98 
Носки для мальчиков р18-20 Геометрия ТОП,69.98 
Носки для мальчиков р20-22 Геометрия ТОП,69.98 
Носки для мальчиков р14-16 Геометрия ТОП,69.98 
Носки для мальчиков р22-24 Классика ТОП,69.98 
Носки для мальчиков р20-22 Классика ТОП,69.98 
Носки для мальчиков р18-20 Классика ТОП,69.98 
Носки для мальчиков р14-16 Классика ТОП,69.98 
Носки для мальчиков р16-18 Классика ТОП,69.98 
Носки для мальчиков ассортимент р18-20 Виктория,39.98 
Носки для девочек ассортимент р16-18 Виктория,39.98 
Носки для девочек ассортимент р22-24 Виктория,39.98 
Носки для мальчиков ассортимент р22-24 Виктория,39.98 
Носки для мальчиков ассортимент р20-22 Виктория,39.98 
Носки для мальчиков ассортимент р14-16 Виктория,39.98 
Носки для девочек ассортимент р14-16 Виктория,39.98 
Носки для мальчиков ассортимент р16-18 Виктория,39.98 
Носки для девочек ассортимент р18-20 Виктория,39.98 
Носки детские р14-16 т синий ТОП,69.98 
Носки для мальчиков р16-18 Ромбы ТОП,69.98 
Носки для мальчиков р20-22 Ромбы ТОП,69.98 
Носки для мальчиков р22-24 Ромбы ТОП,69.98 
Носки детские р14-16 серый меланж ТОП,69.98 
Носки для мальчиков р14-16 Ромбы ТОП,69.98 
Носки для мальчиков р18-20 Ромбы ТОП,69.98 
Носки для девочек р20-22 Картинки ТОП,69.98 
Носки для девочек р18-20 Кошки-ушки ТОП,69.98 
Носки для девочек р14-16 Картинки ТОП,69.98 
Носки для девочек р16-18 Картинки ТОП,69.98 
Носки для девочек р14-16 Кошки-ушки ТОП,69.98 
Носки для девочек р16-18 Кошки-ушки ТОП,69.98 
Носки для девочек р18-20 Картинки ТОП,69.98 
Носки для девочек р22-24 Картинки ТОП,69.98 
Носки для девочек р20-22 Кошки-ушки ТОП,69.98 
Носки для девочек р22-24 Кошки-ушки ТОП,69.98 
Носки детские р14-16 черный ТОП,69.98 
Носки детские р16-18 укороченные белый ТОП,69.98 
Носки детские р14-16 укороченные белый ТОП,69.98 
Носки детские р20-22 укороченные белый ТОП,69.98 
Носки детские р22-24 синий ТОП,69.98 
Носки детские р18-20 укороченные белый ТОП,69.98 
Носки детские р16-18 синий ТОП,69.98 
Носки детские р22-24 белый ТОП,40 
Носки детский р22-24 серый меланж ТОП,69.98 
Носки-следки женские р36-40 EMI,79.98 
Носки-следки женские р36-40 EMI,79.98 
Носки-следки женские р36-40 EMI,79.98 
Носки женские укороченные р36-40 EMI,79.98 
Носки женские укороченные р36-40 EMI,79.98 
Носки-следки мужские р40-44 EMI,79.98 
Носки-следки женские р36-40 EMI,79.98 
Колготки женские Slim 40ден р4 glase EMI,229.98 
Колготки женские Slim 40ден р3 nero EMI,229.98 
Колготки женские Slim 40ден р2 nero EMI,229.98 
Колготки женские Slim 40ден р4 nero EMI,229.98 
Колготки женские Slim 40ден р2 glase EMI,229.98 
Колготки женские Slim 40ден р3 glase EMI,229.98 
Носки детские р16-18 черный ТОП,69.98 
Носки детские р18-20 черный ТОП,69.98 
Носки детские р18-20 синий ТОП,69.98 
Носки детские р16-18 серый меланж ТОП,69.98 
Носки детские р20-22 черный ТОП,69.98 
Носки детские р20-22 серый меланж ТОП,69.98 
Носки детские р18-20 серый меланж ТОП,69.98 
Носки детские р20-22 синий ТОП,69.98 
Носки женские укороченные р23-25 черный Гранд,79.98 
Носки женские укороченные р25-27 черный Гранд,79.98 
Носки женские укороченные р25-27 серый Гранд,79.98 
Носки женские укороченные р23-25 серый Гранд,79.98 
Носки женские укороченные р25-27 белый Гранд,79.98 
Носки женские укороченные р23-25 белый Гранд,79.98 
Носки-следки женские р36-40,79.98 
Носки мужские Гамма р29 черный,108.98 
Носки мужские Гамма р29 черный,108.98 
Носки мужские Everneat р27 черный,119.98 
Носки мужские Everneat р25 черный,119.98 
Носки мужские Everneat р29 черный,119.98 
Носки мужские ЭТО р25 черный,25.99 
Носки мужские ЭТО р29 темно-серый,25.99 
Носки мужские ЭТО р29 черный,25.99 
Носки мужские ЭТО р31 темно-серый,25.99 
Носки мужские ЭТО р27 темно-серый,25.99 
Носки мужские ЭТО р31 черный,25.99 
Носки мужские ЭТО р27 черный,25.99 
Носки мужские ЭТО р25 темно-серый,25.99 
Носки мужские Everneat р25 темно-серый,119.98 
Носки мужские Everneat р29 темно-серый,119.98 
Носки мужские Everneat р27 темно-серый,119.98 
Носки мужские бамбук Гранд р27 коричневый,109.98 
Носки мужские бамбук Гранд р25 коричневый,109.98 
Носки мужские бамбук Гранд р25 серый,109.98 
Носки мужские бамбук Гранд р29 коричневый,109.98 
Носки мужские ЭТО р29 бежевый,25.99 
Носки мужские ЭТО р27 бежевый,25.99 
Носки мужские ЭТО р25 бежевый,25.99 
Носки мужские ЭТО р31 бежевый,25.99 
Носки мужские р29-31 белый Гранд,79.98 
Колготки женские Omsa Super 40den р4 nero,269.98 
Колготки женские Omsa Super 40den р4 daino,269.98 
Колготки женские Omsa Super 40den р2 daino,269.98 
Колготки женские Omsa Super 40den р3 nero,269.98 
Колготки женские Omsa Super 40den р3 daino,269.98 
Колготки женские Omsa Super 40den р2 nero,269.98 
Колготки женские Omsa Super 40den р3 fumo,269.98 
Колготки женские Omsa Super 40den р2 fumo,269.98 
Колготки женские Omsa Super 40den р4 fumo,269.98 
Колготки женские Omsa Attiva 40den р4 сaramello,279.99 
Колготки женские Omsa Attiva 40den р4 nero,279.99 
Колготки женские Omsa Attiva 40den р4 daino,279.99 
Колготки женские Omsa Attiva 40den р3 сaramello,279.99 
Колготки женские Omsa Attiva 40den р3 daino,279.99 
Колготки женские Omsa Attiva 40den р3 nero,279.99 
Колготки женские Omsa Attiva 40den р2 сaramello,279.99 
Колготки женские Omsa Attiva 40den р2 nero,279.99 
Колготки женские Omsa Attiva 40den р2 daino,279.99 
Колготки женские Pierre Cardin Dijon 40den р4 bronzo,319.98 
Колготки женские Pierre Cardin Dijon 40den р4 nero,319.98 
Колготки женские Pierre Cardin Dijon 40den р2 visone,319.98 
Колготки женские Pierre Cardin Dijon 40den р4 visone,319.98 
Колготки женские Pierre Cardin Dijon 40den р3 bronzo,319.98 
Колготки женские Pierre Cardin Dijon 40den р2 nero,319.98 
Колготки женские Pierre Cardin Dijon 40den р3 nero,319.98 
Колготки женские Pierre Cardin Dijon 40den р2 bronzo,319.98 
Колготки женские Pierre Cardin Avignon 40den р3 bronzo,319.98 
Колготки женские Pierre Cardin Avignon 40den р2 bronzo,319.98 
Колготки женские Pierre Cardin Avignon 40den р4 bronzo,319.98 
Колготки женские Omsa Attiva 40den р6 сaramello,319.99 
Колготки женские Omsa Attiva 40den р5 nero,279.99 
Колготки женские Omsa Attiva 40den р6 daino,319.99 
Колготки женские Omsa Attiva 40den р5 daino,279.99 
Колготки женские Omsa Attiva 40den р5 сaramello,279.99 
Колготки женские Classic 40den ЭТО рXL daino,119.98 
Колготки женские Classic 40den ЭТО рXL nero,119.98 
Носки мужские укороченные р29-31 черный Гранд,79.98 
Носки мужские укороченные р25-27 серый Гранд,79.98 
Носки мужские укороченные р27-29 серый Гранд,79.98 
Носки мужские укороченные р27-29 черный Гранд,79.98 
Носки мужские укороченные р29-31 серый Гранд,79.98 
Носки мужские укороченные р25-27 черный Гранд,79.98 
Носки женские Pierre Cardin Tours 40ден р3 visone,79.99 
Колготки женские Pierre Cardin Avignon 40den р3 visone,319.98 
Колготки женские Pierre Cardin Avignon 40den р2 nero,319.98 
Колготки женские Pierre Cardin Avignon 40den р4 visone,319.98 
Колготки женские Pierre Cardin Avignon 40den р2 visone,319.98 
Носки мужские хлопок Гранд р23-25 черный,109.98 
Носки мужские №1 р25 серый,59.99 
Носки мужские №1 р31 серый,59.99 
Носки мужские №1 р29 серый,59.99 
Носки мужские №1 р27 серый,59.99 
Носки мужские №1 р31 черный,59.99 
Носки мужские №1 р29 черный,59.99 
Носки мужские №1 р25 черный,59.99 
Колготки женские Innamore Bella 40den р2 miele,198.98 
Колготки женские Innamore Bella 40den р4 miele,198.98 
Колготки женские Innamore Bella 40den р5 miele,198.98 
Колготки женские Innamore Bella 40den р3 miele,198.98 
Колготки женские Innamore Bella 40den р5 nero,198.98 
Колготки женские Innamore Bella 40den р5 daino,198.98 
Колготки женские Innamore Bella 40den р2 dainо,198.98 
Колготки женские Innamore Bella 40den р4 daino,198.98 
Колготки женские Innamore Bella 40den р3 nero,198.98 
Колготки женские Innamore Bella 40den р3 dainо,198.98 
Гольфы женские 20ден ностальгия Crabro,26.98 
Носки мужские №3 р29 черный,89.98 
Носки мужские №3 р27 черный,89.98 
Носки мужские №3 р25 черный,89.98 
Носки мужские №3 р31 черный,89.98 
Гольфы женские 20den черный ЭТО,26.98 
Носки мужские хлопок Гранд р29-31 черный-бордо,99.87 
Носки мужские хлопок Гранд р27-29 черный-бордо,99.87 
Носки мужские хлопок Гранд р25-27 коричневый,99.87 
Носки мужские хлопок Гранд р25-27 бутылочно-зеленый,99.87 
Гольфы женские Nimes 40ден nero Pierre Cardin,129.98 
Колготки женские Omsa Attiva 40den р6 nero,319.99 
Носки мужские №1 р27 черный,59.99 
Гольфы женские 20den телесный ЭТО,26.98 
Носки женские Pierre Cardin Tours 40ден р3 nero,79.99 
Носки мужские х/б Cayen р43-44 черный Pierre Cardin,159.98 
Носки мужские х/б Cayen р39-40 черный Pierre Cardin,159.98 
Носки женские ЭТО 30ден р27-29 телесный,23.98 
Колготки женские Classic 40den ЭТО рS daino,119.98 
Колготки женские Classic 40den ЭТО рS nero,119.98 
Колготки женские Classic 40den ЭТО рM daino,119.98 
Колготки женские Classic 40den ЭТО рL daino,119.98 
Колготки женские Classic 40den ЭТО рM nero,119.98 
Колготки женские Classic 40den ЭТО рL nero,119.98 
Носки женские ЭТО 30ден р27-29 ностальгия,23.98 
Гольфы женские Nansy 40ден р3 nero Pierre Cardin,129.98 
Гольфы женские Nimes 40ден visone Pierre Cardin,129.98 
