Гель капсулы Ariel для чуствительной кожи 13шт,899.98 
KEON / Стиральный порошок концентрат кислородный отбеливатель 505г,199.98 
"Порошок стиральный BAIMAO 2,5кг",999.98 
Отбеливатель Rocket Soap 600мл,159.98 
Гель капсулы  WHITECAT SODA 20шт,699.98 
"Туалетный блок Bref Brilliance Gel Арктическая Волна, 3х42г",599.98 
Губка для обуви Unimax Волна для гладкой кожи бесцветная,79.98 
Губка волна для обуви из гладкой кожи Unimax черная,79.98 
"Кондиционер Vernel Fresh Control Ледяная прохлада 1,74л",449.78 
"Кондиционер для белья VERNEL Ароматерапия+ Пион и белый чай, 1,74 л",449.78 
"Кондиционер Vernel Supreme Pleasure 1,2л",449.78 
"Кондиционер Vernel Арома Дивная могнолия 1,74мл",449.78 
"Кондиционер для белья Vernel Кокосовая вода и минералы, концентрированный, 1,74 л",449.78 
"Кондиционер Vernel Fresh Control Цветной заряд 1,74л",449.78 
Гель капсулы Losk Ароматерапия 26шт,899.98 
Гель капсулы Ласка black 10шт,459.98 
Гель капсулы Ласка color 10шт,459.98 
Гель капсулы Losk малазийский цветок 18шт,749.98 
Блок для унитаза Bref Brilliance gel Свежесть дождя 2х42г,299.99 
Блок для унитаза Bref Brilliance gel Арктическая волна 2х42г,299.99 
Гель капсулы Persil Power color 28штук,1449.98 
Гель капсулы Ласка black 24шт,699.99 
Гель капсулы Ласка color 24шт,699.99 
Пакеты для мусора 35л 10шт с завязками CELESTA,71.98 
Блок для унитаза Bref Brilliance gel Свежесть дождя 3х42г,349.99 
Блок для унитаза Bref Brilliance gel Арктич волна 3х42г,349.99 
Блок для унитаза Domestos Power5 Ледяная магнолия 2х55г,399.98 
Средство чистящее для ванн Cilit Bang Природная сила 450мл,399.98 
Мыло хозяиственное Аист 2в1 для удаления пятен 150г,49.98 
Гель капсулы Mayeri Sensitive ЭКО 16шт,579.98 
Краска Unimax для замши черный 250мл,249.98 
Средство для защиты от обуви воды Unimax 250мл,249.98 
Сменный флакон AirWick для диффузора Вишневый сад 19мл,449.99 
Тряпка для пола вискоза 50х60см Соната,51.98 
Отбеливатель Vanish Oxi Advance Порошок 400г,689.99 
Блок для унитаза Domestos Power5 Свежесть лайма 3х55г,499.98 
Блок для унитаза Domestos Power5 Свежесть Океана 3х55г,499.98 
Средство для смягчения воды Calgon 3в1 Порошок 400г,399.98 
Средство для смягчения воды Calgon 3в1 Порошок 1500г,849.98 
Средство для смягчения воды Calgon 3в1 Гель 750мл,499.99 
Пятновыводитель Vanish Oxi Advance Гель 750мл,689.99 
Отбеливатель Vanish Oxi Advance гель 750мл,689.99 
Губка для посуды GRIFON Hard металл 15г,69.98 
"Короб полипропилен с крышкой 35,5х24,5х11 Вязание",449.79 
"Короб полипропилен с крышкой 35,5х24,5х20 Вязание",599.87 
"Короб полипропилен с крышкой 24,5х10,5х18см Вязание",269.96 
Стекломой с пульверизатором 25х27см Clean up,499.98 
Набор для шитья 16 предметов в футляре,99.96 
Порошок для посудомоечных машин Finish Азия 900г,699.98 
Порошок для посудомоечных машин Finish Лимон Азия 900г,699.98 
Таблетки для посудомоечных машин Finish Азия 100шт,1210.99 
"Средство для стирки Attack BioEX 0,88кг",849.98 
Средство для стирки Attack New Beads Роза концентрированная 780г,999.98 
Средство для стирки Attack New Beads Ландыш концентрированный 780г,999.98 
Пятновыводитель Attack Wide Haiter EX Power 600мл,899.98 
Щетка-утюжок пластик 14х6х10см Clean up,259.98 
Салфетка целлюлозная 15х15см 3шт Самбери,89.98 
Блок для унитаза Domestos Power5 Ледяная магнолия 3х55г,499.98 
Средство для стекол/зеркал/пластика BioMio 500мл,299.98 
Гель капсулы Tide Альпийская свежесть 45шт,1299.98 
Гель капсулы Tide Color 45шт,1199.98 
Средство для посуды Fairy Лайм 650мл,299.98 
Порошок стиральный Миф Свежесть северных цветов 400г,99.98 
Набор для шитья Ромашка 18 предметов,99.96 
"Кондиционер Vernel Ароматерапия Загадочный лотос 1,74л",449.78 
"Кондиционер Vernel Ароматерапия Чарующая ваниль 1,74л",449.78 
"Кондиционер Vernel Ароматерапия Чувственная роза 1,74л",449.78 
Салфетка для уборки микрофибра 30х30см антипыль Pumpkin,79.98 
Салфетки влажные House Lux для обуви с белой подошвой 15шт,39.99 
"Кондиционер Nissan FaFa Антибактериальный 1,4л",899.98 
Стекломой с длинной ручкой 180см Clean up,899.96 
Освежитель AirWick Японская весна 290мл,179.98 
Насадка для швабры микрофибра c микроворсом Pumpkin,169.96 
Совок пластик 19х31см Pumpkin,99.98 
Метла пластиковая 27х3х120см с черенком Pumpkin,269.99 
Пакет вакуумный 40х50см Nina Home,59.99 
"Вешалка плательная с перекладиной и пришепками 44,5см Nina Home",199.98 
Набор детских вешалок пластик 4шт 30см Nina Home,169.98 
Вешалка для платков на 7шт металл/ПВХ Nina Home,100 
Вешалка плательная широкое плечо металл/ПВХ Nina Home,129.89 
Губка для обуви Silver Блеск Черный,69.98 
Кондиционер Vernel Чарующая ваниль 870мл,269.98 
Салфетки для уборки 20х25см 220шт рулон House Lux,459.98 
Мешок для стирки платьев 36х22см полиэстер,129.99 
Набор швейный 7 предметов,259.69 
"Средство для стирки Safi Цветочный букет 2,1л",449.98 
"Средство для посуды Safi Гранат 1,2л",349.98 
"Кондиционер Safi Цветочный букет 2,1л",449.98 
"Средство для стирки Safi Пион 2,1л",449.98 
"Средство для посуды Safi Яблоко 1,2л",349.98 
"Средство для посуды Safi Лимон 1,2л",349.98 
"Кондиционер Safi Пион 2,1л",449.98 
"Кондиционер Safi Тропические фрукты 2,1л",449.98 
"Средство для стирки Safi Тропические фрукты 2,1л",449.98 
Освежитель Glade мини-гель Свежесть белья 70г,159.98 
Мешок для стирки носков 20х21см полиэстер,129.99 
Перчатки одноразовые нитрил Pumpkin рМ синий 10шт,298.98 
Перчатки одноразовые винил Pumpkin рМ 10шт,249.99 
Салфетки ддя уборки вискозные Celesta 30шт,249.96 
Блок для унитаза Bref Deluxe Магнолия 2х50г,299.99 
Средство для ванной/санфаянса Expel 750мл+Антидождь 450мл,349.98 
Сменный баллон Air Wick Дикий гранат 55мл,449.99 
Освежитель Glade Климентины 300мл,154.98 
Гель капсулы Persil Power Caps 4in1 Свежесть от Вернель 14 шт,799.98 
Гель капсулы Persil Power Сaps Color 14шт,799.98 
Мыло хозяйственное Универсальное 72% 100г,29.98 
Мешок для стирки белья 30х40см черный Хозяюшка Мила,69.99 
Мешок для стирки белья 50х40см белый Хозяюшка Мила,89.96 
Губка для посуды поролон 13х10х4см абразивная AISEN,99.96 
Губка для посуды поролон 12х9х4см жесткая AISEN,159.96 
Губка для посуды поролон 10x7x5см сетка AJWA 5шт,179.96 
Губка для посуды поролон 14х8х2см антибактериальная AISEN,149.96 
"Блок для унитаза Утенок Морской 38,6г",229.98 
Крем Silver Блеск Коричневый 60мл,69.98 
"Средство для стирки Persil Premium 1,17л",799.98 
Средство для посуды Fairy Pure&Clean Лаванда 450мл,249.98 
Салфетки для уборки вискозные Multi Cleaning 5шт,109.98 
Пакеты для мусора 240л 10шт двухслойные GRIFON,349.96 
Мыло хозяйственное Авента 72% 150г,29.99 
Набор органайзеров для хранения 3шт белый,250 
Средство чистящее Unicum Жироудалитель гель 380мл,289.98 
Средство для стирки Всегда Добрый день Детский 750мл,99.98 
Кондиционер Всегда Добрый день Детский 750мл,67.99 
Кондиционер Всегда Добрый день Цветущая вишня 750мл,67.99 
"Сушилка на радиатор 45х23,5см Nina Home",229.99 
Сушилка для белья металл 14м 180х50х105см Pumpkin,879.99 
Освежитель Самбери Цветочное настроение 330мл,129.99 
Освежитель Самбери Гранат 330мл,129.99 
Освежитель Самбери Белый чай 330мл,129.99 
Освежитель Самбери Дыхание моря 330мл,129.99 
"Губки для посуды поролон Трио 76х75х11,5 Русалочка 3шт",59.98 
Пакеты для мусора с завязками Overlap GRIFON 35л 15шт,109.98 
Средство чистящее Cillit Bang против черной плесени 750мл,499.98 
Средство чистящее универсальное Domestos Свежесть моря 750мл,299.98 
Средство чистящее универсальное Domestos Свежесть леса 750мл,299.98 
Капсулы для посудомоечных машин Finish Ultimate 15шт,899.98 
Таблетки для посудомоечных машин Finish Азия 60шт,689.98 
Губки кухонные антибактериальные Antibatterico 5шт,119.98 
Средство чистящее для сантехники Harpic Оригинальный 700мл,289.99 
Средство чистящее для сантехники Harpic Лимонная свежесть 700мл,289.99 
Средство чистящее для ванной Sarma Антиржавчина 500мл,149.98 
Таблетки для посудомоечных машин Finish All in1 Max 75шт,1499.99 
Освежитель Kobayashi Sawaday Peach 140г,299.98 
Поглотитель запаха Kokubo Shoshyu персик 150г,249.98 
Освежитель Kobayashi Sawaday Lavender 140г,299.98 
Поглотитель запаха Kokubo Shoshyu лимон 150г,249.98 
Пакеты для мусора с завязками Celesta 60л 10шт,109.98 
"Средство для стирки Ariel Color 1,3л",999.98 
Кондиционер Lenor HauteCouture L'Ingеnue концентрированный 910мл,249.98 
Гель капсулы Ariel Liquid Color 60шт,1899.98 
Перчатки одноразовые GRIFON 100шт рМ,79.96 
Вешалка-зажим для брюк деревянная EISHO,119.98 
Освежитель AirWick Сибирская сказка 290мл,179.98 
"Насадка для швабры микроф двустор 45х14,5см Pumpkin",359.96 
Перчатки виниловые 4шт рS прозрачные Impacto Home,59.96 
Перчатки виниловые 4шт рL прозрачные Impacto Home,59.96 
Перчатки виниловые 4шт рM прозрачные Impacto Home,59.96 
Салфетка для уборки микрофибра 30х30см Pumpkin,24.98 
Салфетка для стекол микрофибра 30х30см Pumpkin,79.98 
"Щетка пластиковая 14х6,5х8,5см Pumpkin",199.98 
Стельки для обуви все сезоны с натуральной пробкой Silver,149.98 
Кондиционер Pigeon Розовая роза 2100мл,249.99 
Кондиционер Pigeon Желтая Мимоза 2500мл,299.99 
Кондиционер Pigeon Желтая Мимоза 2100мл,249.99 
Кондиционер Pigeon Морозная свежесть 2500мл,299.99 
Крем чистящий универсальный Всегда Добрый день 500мл,77.98 
Порошок стиральный Ariel Масло Ши автомат 6кг,1499.98 
Средство моющее для пола Mr.Proper для домов с питомцем 1л,349.98 
Средство моющее для пола Mr.Muscle Цитрусовый коктейль 500мл,165.98 
"Порошок стиральный Ariel Масло Ши автомат 4,5кг",1499.98 
Карандаш для белой подошвы Braus Super White 75мл,359.98 
"Вешалка плательная деревянная 44,5см цветная Nina Home",119.96 
Таблетки для посудомоечной машины Finish Quantum Ultimate 45шт,2399.98 
Средство для посуды ZeroAnti-virus Яблочный уксус 500мл,114.98 
Средство чистящее Mitsuei Универсальное отбелививающее 400мл,299.98 
Средство для посуды Lion Pro Berry Power 400мл,99.98 
Набор вешалок для брюк и юбок 3шт 30см металл Nina Home,209.98 
Тряпка для пола хлопок 50х60см,29.96 
Средство моющее для пола Mr.Proper с содой 1л,349.98 
Средство моющее для пола Mr.Proper Натуральное мыло 1л,349.98 
"Средство для стирки Ласка Арома уход 1,8л",699.99 
Средство для стирки Ласка Арома уход 900мл,449.98 
Средство чистящее для ванной Sarma Дезинфицирующее 500мл,169.98 
Набор детских вешалок 3шт 30см металл/ПВХ Nina Home,119.98 
Средство для обработки поверхности Over Dez дезинфицирующее,79.98 
"Порошок стиральный Детский Bimbo 2,4кг",149.96 
Порошок стиральный Reflect White концентрированный 650г,449.68 
"Средство для стирки Reflect ECO baby концентрированное 1,5л",709.98 
Средство чистящее для сантехники Comet Полярный бриз 700мл,229.98 
Средство для удаления жира Bagi Шуманит Extra пена 400мл,799.98 
Средство чистящее для сантехники Comet Океан 700мл,229.98 
Средство для удаления засора Bagi Шуманит 450мл,549.98 
"Блок для унитаза Утенок Цитрус отбеливающий 38,6г",229.98 
Кондиционер Vernel Supreme Elegance 600мл,259.98 
Пятновыводитель-спрей Reflect Oxy 275мл,299.98 
"Таз пластиковый 9,5л круглый мятный/пудровый",259.96 
Средство для стирки Woolite Premium Pro-care 900мл,549.98 
Средство для стирки Woolite Premium Delicate 900мл,549.98 
Средство для стирки Woolite Premium Dark 900мл,549.98 
Средство для стирки Woolite Premium Color 900мл,549.98 
Арома саше Nina Home роза 15г,78.98 
Арома саше Nina Home хлопок 15г,78.98 
Арома саше Nina Home лаванда 15г,78.98 
Арома саше Nina Home ваниль 15г,78.98 
Набор вешалок для одежды 5шт 42см пластик Nina Home,199.99 
Губка для посуды с абразивным слоем 5шт мягкая AJWA,179.96 
Средство чистящее Cillit Bang мегаблеск/защита 750мл,299.99 
Блок для унитаза Bref Perfume Swith Яблоня и лотос 2х50г,349.98 
Освежитель Glade Микроспрей Пион 10мл,219.98 
Освежитель AirWick Французская ривьера 290мл,179.98 
Освежитель AirWick Испанские каникулы 290мл,179.98 
Освежитель AirWick Швейцарские Альпы 290мл,179.98 
Стельки для обуви Salton Термо Контроль Зима 3-х слойные,449.98 
"Средство для стирки Persil Лаванда 1,3л",799.98 
Стельки для обуви Salton Антизапах Антибактериальные,349.98 
Средство для посуды Fairy Pure&Clean Имбирь 450мл,249.98 
"Кондиционер Vernel Supreme Elegance 1,2л",449.78 
Кондиционер Е Детский 2л,299.98 
"Средство для стирки Persil Premium Color 1,17л",799.98 
"Средство для стирки Enbliss Blue 1,8л",449.98 
Кондиционер Самбери Silk&Soft Сад Орхидей 1л,189.98 
Салфетка для уборки микрофибра 30х30см с тиснением Pumpkin,79.98 
"Набор для уборки совок 83,5см + щетка 78см Pumpkin",449.99 
Мешок для стирки бюстгалтеров полиэстер,189.89 
Прищепки для белья пластик 24шт 4 цвета Pumpkin,119.99 
Прищепки для белья дерево 20шт Pumpkin,119.99 
Прищепки для белья пластик 24шт 3 цвета Pumpkin,119.99 
Прищепки для белья пластик с силиконом 12шт 4 цвета Pumpkin,139.99 
Ершик для бутылок 2шт 2 цветов Pumpkin,99.98 
Набор булавок в блистере 40шт Ромашка,29.96 
Щетка для мытья посуды 22х5х5см Колибри малая,64.96 
Чехол для гладильной доски термостойкий 120х40см Eva,439.99 
Ткань для глажки белья 80х80см Eva,139.99 
Чехол для гладильной доски хлопок без поролона 120х38см Eva,229.99 
Вешалка для легкой одежды с поворачивающимся крючком,19.99 
Набор плательных вешалок 10шт металл/ПВХ Nina Home,459.98 
"Вешалка плательная с перекладиной 44,5см темное дерево Nina Home",129.98 
Перчатки латексные с хлопком рL ЭТО,99.98 
Вешалка для детской одежды пластик цветная,27.98 
Вешалка для верхней одежды пластик р48-54,27.98 
Швабра для пола дерево 120см,164.96 
Таз пластиковый 10л овальный аквамарин,279.96 
Ведро пластик 5л аквамарин,149.96 
Ведро пластик 10л мятное/пудровое,259.96 
Губка для посуды металлическая нержавеющая сталь 4шт,99.96 
Антинакипин Celesta Express 300г,129.97 
Антинакипин Celesta Active 1кг,229.98 
Тряпка для пола вискоза 60х70см Ламбада,109.98 
Тряпка для пола микрофибра 50х60см Pumpkin,239.98 
Салфетка для уборки 17х23см Pumpkin,79.98 
Салфетка для посуды 30х30см Pumpkin,99.98 
Салфетка для уборки марля 30х30см,69.96 
Салфетки перфорированные вискоза 30х38см 3шт Антелла,39.98 
Освежитель для смывного бачка Pumpkin Хвоя 3х50г,149.99 
Губка для посуды поролон трехслойная CELESTA,66.98 
Губка для посуды с абразивным покрытием Эффект 3шт,24.96 
Блок для унитаза Bref Perfume Switch Яблоня и Лотос 50г,259.98 
Освежитель для смывного бачка ЭТО Хвоя 40г,37.89 
Освежитель для смывного бачка ЭТО Океан 40г,37.89 
Блок для унитаза Pumpkin с ароматом лимона шар 55г,139.99 
Средство чистящее для сантехники Domestos Хвойная свежесть 750мл,199.98 
"Средство чистящее для сантехники Domestos Хвойная свежесть 1,5л",349.98 
Средство чистящее для сантехники Domestos Свежесть атлантики 750мл,199.98 
Средство чистящее для сантехники Domestos Лимонная свежесть 750мл,199.98 
Средство чистящее для сантехники Domestos Ультра белый 750мл,199.98 
"Средство чистящее для сантехники Domestos Ультра блеск 1,5л",349.98 
Крем Salton Expert для замши-нубука-велюра черный 75мл,299.98 
Освежитель Glade Automatic Пион и Сочные ягоды 269мл,799.99 
Активная-пена Salton White Express для белой обуви 200мл,549.98 
Краска Дивидик для гладкой кожи и нубука Коричневая 250мл,249.98 
"Средство для стирки Persil Vernel 2,6л",1319.98 
Ополаскиватель Unicum дизенфицирующий 1л,369.98 
Кондиционер Ушастый нянь Алоэ Вера детский 1л,169.98 
Набор ниток 2шт черные/белые,34.96 
Освежитель St Shoushuuriki Сандал 400мл,399.98 
Блок для унитаза Bref Color Aktiv Цветочная свежесть 50г,259.98 
Освежитель AirWick Мальдивские мечты 290мл,179.98 
Гель для посудомоечных машин Finish Classic 1л,749.98 
Таблетки для посудомоечных машин Finish All in 1 50шт,1699.98 
Таблетки для посудомоечных машин Finish All in1 13шт,499.98 
Средство чистящее Мистер Чистер для духовок 500мл,269.98 
Крем чистящий Mitsuei Апельсин 400мл,199.98 
Средство чистящее Cif Ультрабыстрый 500мл,349.98 
"Средство чистящее для сантехники Domestos Ультра белый 1,5л",349.98 
"Средство чистящее для сантехники Domestos Свежесть атлантики 1,5л",349.98 
"Средство чистящее для сантехники Domestos Лимонная свежесть 1,5л",349.98 
Усилитель цвета Salton для замши и нубука бесцветный 200мл,399.98 
Спрей-краска восстановление для нубука и замши Silver 3в1 250мл,299.98 
Порошок стиральный Tide Альпийская свежесть автомат 450г,119.98 
"Порошок стиральный Losk Горное озеро автомат 2,7кг",549.98 
"Порошок стиральный Losk Color автомат 4,05кг",799.98 
"Порошок стиральный Losk Горное озеро автомат 4,05кг",799.98 
"Порошок стиральный Losk Color автомат 2,7кг",549.98 
"Средство для стирки Losk Color 1,3л",499.98 
"Средство для стирки Losk Горное озеро 1,3л",499.98 
Мыло хозяйственное Kaneyo для воротников и манжетов 190г,249.98 
Пятновыводитель Vanish Oxi Action Кристальная белизна 250г,249.98 
"Контейнер для мусора настольный пластик 10,9х10,9х1 Yamada",329.98 
Средство для посуды/овощей/фруктов Mitsuei апельсин 1л,299.98 
Средство для посуды/овощей/фруктов Mitsuei лайм 1л,349.98 
Мешок для стирки нижнего белья полиэстер,189.89 
Мешок для стирки нижнего белья полиэстер 50х60см,139.99 
Мешок для стирки рубашки полиэстер,129.99 
Мешок для стирки нижнего белья полиэстер 40х50см,129.99 
Мешок для стирки нижнего белья полиэстер 30х40см,94.99 
Мешок для стирки футболок полиэстер,229.99 
Гладильная доска сталь 33х110см Pumpkin,1599.99 
Кондиционер Lenor Масло Ши 910мл,249.98 
Освежитель для смывного бачка Pumpkin Океан 3х50г,149.99 
Блок для унитаза Pumpkin с ароматом океана 50г,139.99 
Средство чистящее для холодильников Unicum 500мл,299.78 
Порошок стиральный Losk Горное озеро 410г,89.98 
Пятновыводитель Ушастый нянь детский 500г,229.98 
Крем Silver Блеск натуральный 60мл,69.98 
Краска Salton для гладкой кожи черная 300мл,399.98 
Крем Silver Comfort Блеск Черный 50мл,79.98 
Поглотитель влаги/запахов St Drypet для шкафов 2х50г,499.98 
Средство для посуды Fairy Детский 450мл,249.98 
Сушилка для обуви i-Dry,329.98 
Сушилка для обуви Тимсон противогрибковая,799.78 
Поглотитель запаха St Dashshuutan для морозильной камеры 70г,399.98 
Поглотитель запаха St Dashshuutan для холодильника 142г,499.98 
Чехол для гладильной доски хлопок 156х53см Eva Макси,339.99 
Освежитель St Shoushuuriki Лимон 400мл,499.98 
Гель капсулы Ariel 3в1 Горный родник автомат 15шт,899.98 
Тряпка для пола микрофибра 70х80см Pumpkin,279.98 
Пакеты для мусора 35 литров 15шт особо прочные Pumpkin,104.98 
"Щетка-утюжок 14х5,5х8,7см Pumpkin",199.98 
Пакет вакуумный с клапаном 60х80см Nina Home,99.99 
Гель капсулы Tide Color 15шт,699.99 
"Порошок стиральный Tide Детский Color 4,5кг",1099.98 
Освежитель ЭТО Антитабак 300мл,59.99 
"Щетка пластик 26,5х5х108см с черенком Pumpkin",299.98 
Ролик для чистки одежды 45л Pumpkin,59.99 
"Совок для уборки складной 82х23х24,5см Pumpkin",299.98 
Пакеты для мусора 50л 25шт ЭТО,94.98 
"Насадка для швабры отжимной ПВА 27,5см Pumpkin",209.96 
Пакет вакуумный с клапаном 70х100см Nina Home,199.99 
Салфетки для уборки универсальные 35шт рулон Pumpkin,169.98 
Швабра отжимная с губкой ПВА для пола 27зх117см Pumpkin,459.69 
Перчатки хозяйственные ПВХ рL,199.98 
Перчатки хозяйственные латексные рL,54.99 
Перчатки хозяйственные латексные рM,54.99 
Перчатки хозяйственные латексные рS,54.99 
Пакеты для мусора 60л 20шт с завязками Bio VITALUX,159.98 
Освежитель Chirton Light Air Шоколадное ассорти 300мл,229.98 
Освежитель Chirton Light Air Гранатовый мусс 300мл,229.98 
Средство чистящее для пола Glorix Нежная забота 1л,299.98 
Средство чистящее для сантехники Утенок 5в1 Морской 500мл,184.98 
Средство чистящее для сантехники Утенок Видимый эффект 500мл,189.98 
"Порошок стиральный Persil Premium 2,43кг",799.98 
Пакеты для мусора 30л 25шт цветные ароматизированные Pumpkin,84.98 
"Метла с черенком 33х3,5х106см Pumpkin",299.98 
Салфетки для уборки 25х40см ЭТО 100шт,249.99 
Ролик для чистки одежды 60 листов,239.96 
Набор Ролик для чистки одежды и 2 сменных блока,169.99 
Вешалка для верхней одежды 45см темное дерево Ninа Home,329.98 
Вешалка для верхней одежды 45см светлое дерево Nina Home,329.98 
Кондиционер Lion Kodomo детский 1л,449.98 
Кондиционер Vernel Supreme Romance 600мл,259.98 
Набор плательных вешалок с флоковым покрытием 5шт 40см Nina Home,299.98 
Кондиционер Vernel Supreme Glamour 600мл,259.98 
Губка для обуви Silver широкая Черный,69.98 
Средство чистящее Vewin для сантехники 500мл,199.98 
Крем чистящий Cif Max эффект Ледяной бриз 450мл,249.98 
Средство для пола Glorix Весеннее пробуждение 1л,299.98 
Средство моющее для пола и стен Mr.Proper Горный ручей 1л,399.98 
Сушилка для белья металл 20м 180х55х105см Pumpkin,1279.99 
Сушилка для белья металл 16м 145х55х95см Pumpkin,2399.99 
Насадка для швабры 43х13см микрофибра Pumpkin,89.99 
Ролик для чистки одежды ЭТО 20 листов,49.99 
Насадка для швабры микрофибра 41х12см Лапша Pumpkin,219.69 
Швабра для пола микрофибра 41х130см Лапша Pumpkin,519.69 
Пакеты для мусора 30л 25шт с завязками Pumpkin,99.98 
Порошок стиральный Миф Морозная свежесть автомат 400г,99.98 
Краска Silver Premium для замши нубука Коричневая 250мл+20%,249.98 
Краска Silver для гладкой кожи Черный 250мл,299.98 
Краска Silver Premium для замши/нубука Черная 250мл,299.98 
Набор вешалок для деликатных тканей 3шт 38см Nina Home,259.96 
Пакеты для мусора с завязками 60л 15шт ЭТО,99.98 
Пакеты для мусора 35л 15шт с завязками Pumpkin,99.98 
Пакеты для мусора 30л 25шт с ручками Pumpkin,82.98 
Губка для посуды 5шт DOMI,99.98 
Швабра для пола 43х134см микрофибра Pumpkin,499.89 
Сушилка для белья 16 прищепок полипропилен,259.99 
Веревка 20м КНР,129.96 
Веревка 50м КНР,199.96 
Средство моющее для пола и стен Mr.Proper Лимон 1л,329.98 
Блок для унитаза Domestos Power 5 Ледяная магнолия 55г,249.98 
"Набор для уборки совок+щетка 30х20,5х5,5см Pumpkin",239.98 
Средство для посуды Fairy Pure&Clean 450мл,249.98 
Порошок стиральный Lotos Универсал 350г,59.98 
Стельки для обуви Corbby LatexAromat Желтые безразмерные,149.98 
Прищепки для белья пластиковые 6шт,99.99 
Порошок стиральный Persil Expert Color автомат 450г,149.98 
Порошок стиральный Persil Expert Color автомат 3кг,799.98 
Отбеливатель Aktiv Кислород 450г,59.98 
Мыло хозяйственное Мистер Чистер 450мл,99.98 
Вешалка-зажим для брюк/юбок 30см Nina Home,119.98 
Средство для посуды Fairy Pure&Clean 650мл,299.98 
Краска Дивидик Универсальная Бесцветная 250мл,249.98 
Кондиционер Vernel Ароматерапия Гибискус и роза 1820мл,399.99 
Гель капсулы Ariel 3в1 Color&Style автомат 15шт,899.98 
Средство для стирки Ласка Уход и свежесть 1л,449.98 
Пакеты для мусора 30л 30шт черные ЭТО,49.98 
Пакеты для мусора 60л 20шт цветные Pumpkin,124.98 
Средство моющее для пола Mr.Proper Бережная уборка 1л,399.98 
"Кондиционер Vernel Supreme Romance 1,2л",449.78 
"Кондиционер Vernel Supreme Glamour 1,2л",449.78 
Окномойка с черенком 46см Pumpkin,199.98 
Порошок Dr.Norvin для смягчения воды Express защита для стиральных машин 300г,99.68 
Кондиционер Lion Hi-Class Очаровательная свежесть 650мл,149.98 
Салфетки влажные House Lux для обуви 15шт,39.99 
Средство для посуды/овощей/фруктов Mitsuei апельсин 600мл,149.98 
Растяжитель для обуви Silver Premium 150мл,199.98 
Средство для посуды/овощей/фруктов Mitsuei лайм 600мл,199.98 
Стельки для обуви Corbby Uni Leder кожа безразмерная,199.98 
Средство для стирки Salton CleanTech для пуха 250мл,349.98 
"Средство для стирки Ariel Touch of Lenor fresh 1,3л",999.98 
Губка для посуды меламиновая Hsk 7х11х3см,89.89 
Губки для посуды 2шт 100х68х35мм Сицилия,109.98 
Вешалка 40см металлическая ЭВА Nina Home,209.98 
Средство чистящее Domestos Универсальный 500мл,349.98 
Таблетки для посудомоечных машин Finish Классик 28шт,269.99 
Освежитель для посудомоечных машин Finish Лимон и Лайм,499.98 
Средство для стирки Wool Shampoo Black&Color 1л,699.98 
Освежитель ЭТО Океан 300мл,59.99 
Освежитель ЭТО Манго и Киви 300мл,69.99 
Освежитель ЭТО Цитрус 300мл,59.99 
Освежитель ЭТО Свежесть после дождя 300мл,69.99 
Губка для ванной абразив Флоренция,39.98 
Кондиционер Vernel Свежесть летнего утра 1820мл,449.98 
Пакеты для мусора 20л 25шт рулон ЭТО,34.98 
Салфетка для уборки вискоза 30х38см 10шт ЭТО,129.98 
Салфетка для уборки 30х26 вискоз 3шт,29.98 
Кондиционер Lenor Альпийские луга 2л,549.98 
Порошок стиральный Ворсинка для шерсти и деликатных тканей 350г,119.98 
Кондиционер Vernel Детский 910мл,269.98 
Краска Дивидик для замши/велюра/нубука Черный 250мл,249.98 
Кондиционер Lenor Морские минералы 1785мл,549.98 
Гель капсулы Tide Альпийская свежесть 15шт,699.99 
"Порошок стиральный Ariel Горный родник автомат 4,5кг",899.99 
Кондиционер Lenor Золотая орхидея 1.8л,399.98 
Кондиционер Lenor Скандинавская весна 2л,549.98 
Порошок стиральный Ariel Горный родник автомат 6кг,1499.98 
Пятновыводитель Vanish Oxi Action 1л,499.98 
Кондиционер Vernel Детский 1820мл,449.78 
Порошок Tide Альпийская свежесть ручная стирка 400г,99.98 
Губка для посуды целлюлозная 3шт,119.98 
Губка для посуды целлюлозная Люкс Хард 25х6х11 Русалочка,61.89 
"Вешалка плательная с перекладиной 44,5см светлое дерево Nina Home",129.98 
Перчатки хозяйственные виниловые тонкие рL зеленые,219.96 
Ящик для игрушек на колесах 60х40х30см,859.98 
Губка для тефлоновых поверхностей CELESTA,66.98 
Губка для посуды поролоновая 3шт CELESTA,97.98 
Губка для посуды поролон волнистые 3шт CELESTA,74.98 
Перчатки латексные длинные с хлопковым напылением 38см рL Pumpkin,199.98 
Мочалки для посуды пластик 3шт VITALUX,69.98 
Губка для посуды меламиновая 6х4см Mistica Quattro,108.98 
"Губка универсальная 11х7х3,5см меламиновая",99.98 
Перчатки латексные с хлопковым напылением рL Pumpkin,129.98 
Перчатки латексные с хлопковым напылением рM Pumpkin,129.98 
Набор салфеток для кухни 30х38см бамбук 3шт,69.77 
Веревка бельевая d4мм 20м Хозяюшка Мила,45.99 
Губка для посуды поролон Стандарт 45х65х20 5шт Русалочка,21.99 
Веревка бельевая d4мм 10м Хозяюшка Мила,23.99 
Корзина для мусора пластиковая,129.98 
Губка для посуды поролон профильные CELESTA,74.98 
Тряпка для пола хлопок 80х100см Эко Лайн,89.98 
Салфетки целлюлозные 3шт DOMI,149.98 
"Контейнер для стирального порошка 5л пластик 23х167х19,6",289.98 
Губка для посуды Макси 93х65х30мм 10шт Хозяюшка Мила,89.96 
Мешки для мусора 160л 10шт Лекси,179.98 
Пена-очиститель Salton Универсальная для кожи и ткани 150мл,399.98 
"Кондиционер Vernel Свежий бриз 1,82л",449.78 
Перчатки латексные длинные с хлопковым напылением 38см рS Pumpkin,199.98 
Перчатки латексные с хлопком рS Pumpkin,129.98 
Стельки для обуви Silver Polar осень-зима с тканью,169.98 
Салфетки для уборки целлюлозные Celesta 3шт,109.98 
Салфетки губчатые 3шт РУСАЛОЧКА,79.98 
Очиститель для стиральных машин Tiret 250мл,329.99 
Пропитка Дивидик водоотталкивающая для кожи и замши 250мл,249.99 
Губка для обуви Дивидик для нубука,99.98 
Губка для обуви Salton Волна для нубука/замши/велюра,249.98 
Порошок стиральный Losk Горное озеро автомат 450г,149.98 
Средство для стирки Ласка Care&Repair 1л,449.98 
Антистатик Лана-1 200мл,109.87 
Порошок стиральный Dosia Color 400г,69.98 
"Средство для стирки Ariel Горный родник 1,3л",999.98 
"Кондиционер CJ Lion Violet 2,1л",549.98 
Мыло хозяйственное Liby с кокосовым маслом 122г,89.98 
Растяжитель для обуви Salton спрей 100мл,299.98 
Кондиционер Vernel для белья Свежий бриз 910мл,269.98 
Порошок стиральный Ariel Горный родник автомат 3кг,999.98 
Пятновыводитель АСE Oxi Magic 200г,89.97 
Растяжитель для обуви Дивидик для кожи/замши 125мл,189.98 
Кондиционер Lenor Скандинавская весна 1л,149.98 
Порошок стиральный Losk Color автомат 450г,149.98 
Кондиционер CJ Lion Pink rose 2100мл,549.98 
Порошок стиральный Persil Expert Vernel автомат 450г,149.98 
Отбеливатель Sarma Active 500г,159.98 
Порошок стиральный Tide Color автомат 450г,119.98 
"Отбеливатель Бос без хлора 1,2л",199.98 
Средство для стирки Ласка Care&Repair 2л,699.99 
Порошок стиральный Persil Sensitive детский 3кг,749.98 
Крем Silver Блеск Черный 50мл,69.98 
Губка для обуви Salton Волна для гладкой кожи Черная,199.98 
Мыло хозяиственное Ушастый нянь отбеливающее детское 180г,71.99 
Средство для стирки Ласка Шерсть и Шелк 2л,699.99 
Средство для стирки Ласка Шерсть и Шелк 1л,449.98 
Кондиционер Lenor Скандинавская весна 1л,249.98 
Пятновыводитель Ушастый нянь детский 750мл,199.98 
Пятновыводитель Vanish Oxi Action для белого 1л,499.98 
Пятновыводитель Vanish Oxi Action для белого 450мл,249.99 
Средство для стирки Ласка Восстановление цвета 3D 1л,449.98 
Кондиционер Chirton Цветущая Скандинавия 2000мл,349.98 
Порошок стиральный Ariel Deluxe Color автомат 450г,139.98 
Средство для стирки Ласка Восстановление цвета 3D 2л,699.99 
"Порошок стиральный Лотос-М Универсальный 2,4кг",249.98 
Средство для стирки Ласка Сияние черного 1л,449.98 
Порошок стиральный Миф 3в1 Свежий цвет автомат 400г,99.98 
Порошок стиральный Ariel Горный родник универсальный 450г,139.98 
Мыло хозяйственное Sarma Отбеливающий эффект 140г,64.99 
Белизна Санфор 3в1 гель 500мл,119.98 
Порошок стиральный Sarma Горная свежесть 800г,199.98 
Отбеливатель Ушастый нянь 750мл,159.98 
Пятновыводитель Vanish Oxi Action 450мл,249.99 
Пятновыводитель Vanish Gold Oxi Action 500г,614.98 
Порошок стиральный Миф Морозная свежесть ручная стирка 400г,89.98 
Пятновыводитель Vanish Oxi Action для белого 500г,614.98 
Средство для стекол Clin Лимон 500мл,299.98 
Мыло хозяйственное Ушастый нянь пятновыводитель 180г,71.99 
Средство для посуды Ушастый нянь Ромашка/Алоэ 500мл,149.98 
Поглотитель запаха St Dashshuutan для основной камеры 140г,499.98 
Средство чистящее для ковров Vanish для ручной чистки 100мл,199.98 
Освежитель Symphony Лаванда и Грейпфрут 300мл,99.99 
Диски для унитаза Утенок Чистоты Эвкалипт сменный блок 38г,249.98 
Салфетки влажные House Lux Антибактериальные для дома 30шт,69.99 
Средство для посуды Liby Чистая посуда 500г,149.98 
Средство для удаления засора Mr.Muscle 70г,155.98 
Средство чистящее Zero на Виноградном уксусе 500мл,129.98 
Стикер для унитаза Утенок Океанский оазис 3шт,125.98 
Таблетки для посудомоечных машин Finish All in1 100шт,2999.98 
Освежитель Symphony Антитабак Лайм 300мл,99.99 
Освежитель Glade Микроспрей После дождя 10мл,219.98 
Средство для стекол Mr.Muscle сменный блок 500мл,249.98 
Средство чистящее для посудомоечной машины Finish 250мл,549.98 
Мыло для очищения поверхности Zero на Молочной сыворотке 500мл,169.98 
"Порошок для посудомоечных машин Finish PowerPowder 2,5кг",1599.98 
Освежитель AirWick Дикий гранат сменный блок 250мл,349.99 
Стикер для унитаза Свежинка Лимон 3х10г,69.98 
Освежитель Symphony Сочные ягоды 300мл,99.99 
"Средство для посуды Liby Зеленый чай 1,1кг",399.98 
Шампунь для ковров Chirton 500мл,199.98 
Средство для посуды Баймао Классическое 500мл,199.98 
Освежитель Glade После Дождя 300мл,179.98 
Освежитель AirWick Pure Цветущая вишня 250мл,349.99 
"Средство чистящее Synergetic для кухонных плит 0,5л",269.89 
Средство для посуды Synergetic Лимон концентрированное 500мл,149.98 
"Средство чистящее для пола Mr.Proper Универсальный Лимон 1,5л",499.98 
Средство для посуды Детский 500мл,99.99 
Освежитель AirWick Райские цветы 250мл,349.99 
Порошок чистящий Пемолюкс Лимон 480г,99.98 
Порошок чистящий Пемолюкс Морской бриз 480г,99.98 
Порошок чистящий Пемолюкс Яблоко 480г,99.98 
Таблетки для посудомоечных машин Finish All in1 Max 25шт,599.99 
Средство чистящее Мистер Чистер для акриловых ванн 500мл,269.98 
Гель для удаления засоров Mr.Muscle 500мл,399.98 
Средство для стекол Mr.Muscle со спиртом 500мл,349.98 
Средство для стекол Mr.Muscle 500мл,319.98 
Средство чистящее Cillit Bang от налета и грязи 750мл,299.99 
Средство моющее для пола Mr.Proper Лимон 500мл,179.98 
Средство чистящее для ковров Vanish 3в1 450мл,499.99 
Освежитель Chirton Eco Light Горный воздух 280мл,249.98 
Средство моющее для пола и стен Mr.Proper Океан 1л,349.98 
Средство чистящее Шуманит для плит/кастрюль 400мл,699.98 
Освежитель Chirton Свежесть моря гелевый 120г,249.98 
Средство моющее для пола и стен Mr.Proper Лавандовое спокойствие 1л,399.98 
Диски для унитаза Утенок Океанский оазис 6шт,299.98 
Освежитель Chirton Тропический остров 300мл,199.98 
Освежитель Chirton Антитабак гелевый 120г,249.98 
Освежитель Chirton Яблоко 300мл,199.98 
Средство для посуды Fairy Ледяная свежесть 430мл,249.98 
Диски для унитаза Утенок Морская свежесть 6шт,299.98 
Гель чистящий для ванной Sarma Универсальный 500мл,169.98 
Блок для унитаза Bref Сила Актив Лимонная свежесть 50г,249.98 
Средство для стекол Clin Яблоко 500мл,299.98 
Средство чистящее для ванной Mr. Muscle 5в1 500мл,389.98 
Полироль для мебели Chirton Антипыль с воском 300мл,199.98 
Освежитель AirWick Нежность шелка и Лилии и сменный блок 250мл,799.98 
Стикер для унитаза Утенок Морской 3шт,125.98 
Освежитель Symphony Свежесть дождя 300мл,99.99 
Средство для посуды Liby Морская соль 460г,199.98 
Средство чистящее Cillit Bang Ультра блеск 750мл,299.99 
Полироль для мебели Mebelux Антистатик 300мл,159.98 
Средство для посуды CJ Lion Chamgreen Гранат 900мл,499.89 
Освежитель Chirton Light Air Сочный лимон 300мл,249.98 
Освежитель Chirton Light Air Лотос 300мл,229.98 
Средство для посуды Kaneyo Свежий лайм сменный блок 500мл,199.98 
Освежитель воздуха ST Neopara Color Ball 150г,299.98 
Средство чистящее для ковров мебели Сияние 3в1 500мл,199.98 
Освежитель Glade Океанский Оазис 300мл,179.98 
Средство чистящее для пола Mr.Muscle После дождя 500мл,165.98 
Средство чистящее Шуманит для стеклокерамики 500мл,699.98 
Салфетки влажные House Lux для стекол и зеркал 30шт,69.99 
Средство для посуды овощей и фруктов CJ Lion Chamgreen Японский абрикос 960мл,399.98 
Средство чистящее Cillit Bang от налета и ржавчины 450мл,349.98 
Арома кристалл Glade Sensation Фруктовая фантазия 8г,249.98 
Средство чистящее Unicum Gold Жироудалитель 380мл,229.96 
"Средство для посуды CJ Lion Washing Pro 1,2л",349.98 
Освежитель AirWick Утро в лесу сменный блок 250мл,349.99 
Блок для унитаза Bref Duo Cubes 2х50г,249.98 
Поглотитель запаха Breesal Био для холодильника 80г,349.98 
Арома кристалл Glade Sensation Океанский оазис 8г,249.98 
Средство для посуды Баймао Лимон и Черный чай 500мл,149.98 
Средство для удаления засоров Mitsuei 400мл,199.98 
Поглотитель запаха Breesal BIO для холодильника 80г,249.98 
Освежитель для смывного бачка Баймао Жасмин 50г,69.98 
"Средство для посуды CJ Lion CHG Натуральные ферменты 1,2л",399.98 
Освежитель Glade Японский сад 300мл,179.98 
Крем чистящий Cif Active Лимон 500мл,249.98 
Освежитель Glade Свежесть утра 300мл,179.98 
Освежитель Glade Automatic Свежесть белья 269мл,399.99 
Диски для унитаза Утенок Цитрусовый бриз сменный блок 38г,249.98 
Средство для посуды Миф Алоэ вера 500мл,119.98 
Губка для посуды металлическая ФЕРА 2шт,64.98 
"Порошок стиральный Tide детский для чувствительной кожи автомат 2,4 кг",499.98 
Мыло хозяйственное Аист с глицерином 150г,49.98 
Стельки для обуви Silver Анти-Запах Всесезонные,139.98 
Кондиционер Lenor для чувствительной детской кожи 1л,249.98 
Прошок чистящий Sarma Сода-Эффект 400г,99.98 
Гель чистящий для сантехники Сарма Лимон 750мл,169.98 
Порошок стиральный для стирки детского белья Ушастый нянь 400г,99.98 
Белизна Кемерово 900мл,69.99 
Освежитель Symphony Горный воздух 300мл,99.99 
Порошок стиральный Пемос Универсал 3в1 для ручной стирки 350г,59.98 
"Кондиционер Ушастый нянь детский 1,2л",249.99 
Гель Sanita Антижир Мультисила 500г,99.99 
Мыло хозяиственное Антипятин от пятен без отдушек 90г,79.98 
Мыло хозяиственное Солнышко Лимон 140г,59.99 
Порошок стиральный Ушастый нянь для стирки детского белья 800 г,189.98 
Порошок стиральный Persil Expert Лаванда автомат 3кг,799.98 
Пакеты для мусора с завязками GRIFON 50л 15шт,134.98 
Средство чистящее Mr.Muscle для кухни 450мл,399.98 
Средство чистящее Domestos Свежесть атлантики 1л,299.98 
Кондиционер Lenor Альпийские Луга 1л,249.98 
Губка для посуды поролон 65х95х18мм 5шт Русалочка Макси,59.77 
Освежитель AirWick Нежность шелка и Лилии сменный блок 250мл,349.99 
Средство для посуды Fairy Чайное дерево и мята 450мл,149.98 
Средство для посуды Fairy Сочный лимон 450мл,149.98 
Кондиционер Lenor Миндальное Масло для чувствительной кожи концентрат 2л,549.98 
Средство для посуды Миф Свежесть цитрусов 1л,199.98 
Средство для посуды Fairy Ромашка и витамин Е 450мл,149.98 
Средство чистящее для пола Glorix Лимонная энергия 1л,299.98 
Средство чистящее Шуманит для плит и кастрюль 270мл,399.98 
Средство Tiret для удаления засоров 500мл,449.99 
Средство для посуды Fairy Сочный лимон 900мл,279.98 
Средство для посуды Fairy Ромашка и витамин Е 650мл,249.98 
"Гель для стирки детского белья Ушастый нянь 1,2л",399.98 
Порошок Finish для посудомоечных машин Power Powder 1кг,749.98 
Средство для Fairy посуды Зеленое яблоко 900мл,299.98 
Средство для посуды Cочный лимон Fairy 650мл,239.98 
Освежитель AirWick Life Scents Королевский десерт 250мл,349.99 
Средство для посуды Fairy Чайное дерево и мята 650мл,249.98 
Крем чистящий Cif Active Фреш 500мл,249.98 
Пакеты для мусора 30л 20шт ПНД Био микс Грифон,79.99 
Кондиционер Lenor Золотая орхидея 930мл,249.98 
Средство для стирки Ласка Сияние черного 2л,699.99 
Порошок стиральный Tide Color Lenor Scent автомат 3кг,849.98 
Порошок стиральный Миф Морозная свежесть автомат 2кг,399.98 
"Порошок стиральный Ушастый нянь для стирки детского белья 2,4 кг",499.98 
Кондиционер Lenor для чувствительной кожи детский 2л,399.98 
Таблетки для посудомоечных машин Ушастый нянь 20шт,499.99 
