Бумага офисная А4 500л 80г/м2 класс С,600 
Набор цветной мелованной бумаги и картона А4 16л. 8цв.,119.99 
Альбом для рисования 20л А4 Кошачьи игры Unnika,69.99 
Альбом для рисования 20л А4 Пиратский корабль Unnika,69.99 
Картон А4 8л белый немелован Пингвины Unnika,49.99 
Книги для записей А5-(115х195) 80л (Graсe),299.99 
Тетрадь 48л А5 клетка Total Lilac Unnika,69.99 
Картон А4 8л Белый мелованый На облаке Unnika,79.99 
Журнал Зайка/Дед Мазай,179.77 
Кнопки-гвоздики канцелярские цветные 25шт Centrum,59.99 
Клей декоративный 21мл Блестки цветные в ассортименте Centrum,49.99 
Лупа карманная d50мм Centrum,149.99 
Скрепки 33мм 100шт Золото Centrum,69.99 
Скрепки 28мм 100шт Серебро Centrum,69.99 
Скрепки 28мм 80шт Цветные Centrum,69.99 
Подушечка увлажняющая для пальцев Centrum,89.99 
Журнал Русская история,54.99 
Журнал 1000 советов кулинару,39.99 
Ручка гелевая автомат Smart-Gel черная ErichKrause,79.99 
Ручка гелевая автомат Smart-Gel синяя ErichKrause,79.99 
Журнал Сабрина специальный выпуск,189.99 
Журнал Моё любимое хобби/Вышивка крестиком,319.99 
Журнал Boutique Trends/Идеи для шитья,314.99 
Журнал Дачный спец,39.99 
Журнал Тайны и расследования,59.96 
Журнал Тайны и загадки,49.99 
Журнал Японские сканворды/Мир новостей,49.99 
Журнал Секретная история,89.99 
Газета Наша версия,39.87 
Журнал Доступные сканворды,29.99 
Журнал Садовод и огородник,39.67 
Журнал Ё-моё!,54.88 
Журнал Тайны СССР,54.99 
Блок для заметок 9х9х5см белый/сменный Mazari,79.99 
Блок для заметок 9х9х5см цветной сменный Mazari,99.99 
Набор ручек гелевых 4шт 2 цвета Centrum,79.99 
Футляр для очков Bouquiniste в ассортименте,249.99 
Очки для чтения A-Vision 2в1 Кат1 (+2.5),349.87 
Очки для чтения Bouquiniste 4в1 Кат2 (+1.5),599.96 
Очки для чтения Bouquiniste 4в1 Кат2 (+3.0),599.96 
Очки для чтения Bouquiniste 4в1 Кат2 (+2.0),599.96 
Очки для чтения A-Vision 2в1 Кат1 (+3.0),349.87 
Очки для чтения Bouquiniste 4в1 Кат2 (+1.0),599.96 
Очки для чтения A-Vision 2в1 Кат1 (+1.5),349.87 
Очки для чтения Bouquiniste 4в1 Кат2 (+3.5),599.96 
Тетрадь 12л А5 линия Я-Робот Hatber,19.99 
Тетрадь 48л А5 клетка Яркие цветы Unnika,49.99 
Тетрадь 48л А5 клетка Тигр/Джунгли Unnika,49.99 
Тетрадь 96л А5 клетка Цветы винтаж Unnika,79.88 
Тетрадь 96л А5 клетка Урбан Unnika,79.99 
Тетрадь 96л А5 клетка Изумрудные оттенки Unnika,79.77 
Тетрадь 12л А5 клетка Фруктовый сад Unnika,19.99 
Тетрадь 48л А5 клетка Be positive Listoff,49.99 
Тетрадь 24л А5 линия Корги Unnika,26.99 
Тетрадь 18л А5 линия Цветы/Орнамент Unnika,24.99 
Тетрадь 96л А4 клетка Нежные цветы Unnika,169.99 
Бумага А4 10л 10цв двусторонняя Кот/Серфер Unnika,109.99 
Картон А4 8л 8цв мелованный/перламутровый Кит Эксмо,59.99 
Книга для записей А6 64л микс Listoff,89.99 
Тетрадь 96л А4 клетка Небоскребы Эксмо,139.99 
Ластик красно-синий DeVente,12.99 
Корректирующая жидкость 20мл с кисточкой DeVente,39.99 
Рассказы и сказки Осеева В. Волшебное слово,149.99 
Приключения барона Мюнхаузена Распэ Р.,149.99 
Энциклопедия для детского сада в ассортименте Росмэн,199.99 
Годовой курс для детей 4-5лет ПрофПресс,399.99 
Сказки-минутки на каждый вечер Росмэн,499.99 
Большая Книга Оранжевая корова/Синий трактор,149.99 
Стихи и загадки серия4 ПрофПресс,99.99 
Стихи и загадки серия3 ПрофПресс,99.99 
Денискины рассказы Драгунский В.,149.99 
Книга Занимаемся с мамой для детей 2-3 лет Эксмо,199.99 
Книга Занимаемся с мамой для детей 4-5 лет Эксмо,199.99 
Прописи Печатные буквы ПрофПресс,99.99 
Прописи Прописные буквы ПрофПресс,99.99 
Рабочая тетрадь Письмо Старшая группа,199.99 
Рабочая тетрадь Чтение Старшая группа,199.99 
Рабочая тетрадь Математика Старшая группа,199.99 
Рабочая тетрадь Математика Средняя группа,199.99 
Книга Супер Окошки Земля ND Play,299.99 
Книга Супер Окошки Космос ND Play,299.99 
Первые плакаты для малыша от 0 до 3 лет АСТ,199.99 
Книга Супер Окошки Динозавры ND Play,299.99 
Атлас Мира ПрофПресс,599.99 
Книга-Вырубка с глазками ПрофПресс,149.99 
Энциклопедия Зачем котам усы ПрофПресс,399.99 
Книга Мой друг Единорог ПрофПресс,299.99 
Черепашонок Тим и его большая мечта ПрофПресс,349.99 
Пандочка и папин подарок ПрофПресс,298.86 
Фломастеры 18 цветов пластиковый кейс Aihao,299.99 
Фломастеры 24 цвета пластиковый кейс Aihao,399.99 
Фломастеры 24 цвета 2-х сторонние/смывающиеся/пластиковый кейс Aihao,449.99 
Фломастеры 18 цветов 2-х сторонние/смывающиеся/пластиковый кейс Aihao,399.99 
Фломастеры 12 цветов пластиковый кейс Aihao,199.99 
Тетрадь 48л А5 клетка Zoo Роботы Unnika,49.79 
Тетрадь 48л клетка Беседы с котом Unnika,49.99 
Блокнот А6 48л линия Животные Микс Listoff,109.99 
Линейка пластиковая гибкая 20см Mazari,49.99 
Блок бумаги цветной для заметок 9х9х5см пластиковый бокс Mazari,109.99 
Ручка гелевая черная Aihao,59.99 
Ручка гелевая красная Aihao,59.99 
Фломастеры 12 цветов 2-х сторонние/смывающиеся Aihao,299.99 
Книга-вырубка Сказки серия 1 ПрофПресс,99.99 
Тетрадь 48л клетка Милаш Unnika,49.99 
Журнал Коллекция филвордов,89.99 
Газета Совершенно секретно приложение,39.69 
"Карандаш механический 0,5мм+стержни Delta ErichKrause",119.99 
Ластик ErgoLine Prism Erich Krause,39.99 
Ручка шариковая Erich Krause Neo Original синяя,39.99 
Ручка шариковая Erich Krause Classic Stick 1мм черная,39.99 
Ручка шариковая автоматическая Erich Krause Original синяя,59.99 
Краски Гуашь 9 цветов 20мл Erich Krause,259.99 
Папка А4 30 файлов Diagonal Neon ассорти Erich Krause,169.99 
Краски Гуашь 6 цветов 17мл Basic Erich Krause,169.99 
Папка А4 на 2х кольцах Matt Neon ассорти Erich Krause,149.99 
Краски Акварель 18 цветов Erich Krause,209.99 
Тетрадь 18л линия Для Вдохновения Hatber,24.99 
Тетрадь 18л А5 клетка Читатели Hatber,24.99 
Бумага для записей самоклеющаяся 76х76мм желтая Centrum,44.99 
Альбом для акварели 20л А4 Причал Hatber,139.99 
"Ручка гелевая 0,5мм One красная Hatber",59.99 
Тетрадь 48л клетка Космические приключения Эксмо,49.77 
Тетрадь 48л А5 клетка Цвет в ассортименте Эксмо,49.98 
Ластик Trinity Hatber,39.99 
"Ручка гелевая 0,6мм PetParty стираемая синяя",59.99 
Альбом для рисования 8 листов А4 Веселые картинки Хатбер,34.99 
Блокнот 40л А7 клетка Щенки Хатбер,19.99 
"Ручка гелевая 0,6мм SenseM стираемая синяя",49.99 
Тетрадь 80л А4 клетка Sketch Listoff,149.78 
Усачев А. Умная и знаменитая собачка Соня Росмэн,149.99 
Пушкин А.С. Сказки Росмэн,149.99 
Ластик треугольный Mini Triangle Erich Krause,49.99 
Корректор-роллер 8ммх5м Centrum,109.99 
Три Любимые сказки серия 2 ПрофПресс,99.99 
Веселые прописи Щенячий патруль ND PLAY,149.99 
Игры и головоломки с Гигантозавром АСТ,199.99 
Блокнот А6 40л клетка Cool Animals Hatber,29.99 
Ручка гелевая черная,69.99 
Журнал Крепость/Филворды,59.99 
Журнал Зайка/Кейворды,89.99 
Журнал Зайка/Сканворды/Кросс-Турнир,129.99 
Журнал Русский размер/Сканворды,22.99 
Журнал Мир судоку,39.99 
Журнал Невыдуманные истории,44.99 
Журнал Все загадки мира,49.99 
Журнал Архивы XX века,64.99 
Журнал Discovery,139.99 
Газета 1000 секретов,39.99 
Журнал Дачный клуб,54.99 
Журнал Burda Extra,219.87 
Журнал Burda Creazion,259.99 
Журнал Магические истории,39.99 
Корректор-ручка 7мл DeVente,89.99 
Ножницы 17см Standard Erich Krause,169.99 
Супер Окошки Человек ND Play,299.99 
"Ручка гелевая 0,38мм G-Soft черная Erich Krause",69.99 
"Ручка гелевая 0,38мм G-Soft синяя Erich Krause",69.99 
"Набор ручек гелевых 0,7мм Plasma 2шт черный/синий Centrum",49.99 
Готовлюсь к школе Буквы/Чтение с наклейками Росмэн,199.99 
Журнал Чемодан сканвордов,129.99 
Журнал Ума палата Коллекция сканвордов,169.96 
Журнал Тещины сканворды,109.99 
Журнал Тещин язык+Зятек,79.99 
Журнал Бабушки пирог/Крупная клетка,99.99 
Журнал Зятек и компания,79.99 
Журнал Веселый дачник,79.99 
Журнал Большая крепость,99.99 
Журнал Зятек,39.99 
Журнал Лиза Кросс-Хит,109.99 
Журнал Мамонт Марафон сканвордов,139.99 
Журнал Зайка Много сканвордов,154.99 
Журнал Большие клетки Сканворд,79.99 
Журнал Крепость Сборник ключвордов,129.99 
Журнал Крепость Сундук Сканвордов,194.99 
Журнал Крепость классическая,54.99 
Журнал Крепость Вояж,109.99 
Журнал Крепость Ключворды,54.99 
Блокнот А6 60л клетка Фиксики Centrum,44.99 
Альбом для рисования 24л А4 Смайлы Centrum,89.99 
Набор карандашей чернографитных НВ с ластиком Centrum 4шт,59.99 
Карандаш чернографитный НВ с ластиком Centrum,24.99 
Набор карандашей чернографитных НВ с ластиком Centrum 3шт,49.99 
Ручка синяя шариковая автоматическая 1мм Smart Centrum,59.99 
"Ручка синяя шариковая автоматическая 0,7мм Prima Centrum",39.99 
Клей жидкий с запасной губкой 60мл,99.99 
Посмотри и найди Принцессы Disney Эксмо,199.99 
Пластилин 12 цветов со стеком Фиксики Centrum 240г,159.99 
Пластилин 6 цветов со стеком Фиксики Centrum 120г,99.99 
Клей жидкий 40мл Корея,79.99 
Журнал Тещина кухня,59.99 
Журнал Моя прекрасная дача,39.99 
"Журнал Сад,огород-кормилец и лекарь",79.88 
Газета Ступени Оракула,54.99 
Журнал Все звезды,129.99 
Журнал 1000 советов дачнику,44.99 
Журнал Дачный совет,44.99 
Журнал Гороскопы и предсказания,54.99 
Газета Хабаровская неделя,17.69 
Журнал Ретро Тайны звезд,49.99 
Журнал Оракул,64.99 
Газета Хабаровские вести,19.88 
Газета Хабаровский Экспресс,24.99 
Журнал Школа монстров,309.68 
Журнал Lego City,437.99 
Газета Дача,29.99 
Журнал L.O.L. Surprise,199.97 
Журнал Ёжик,59.99 
Журнал Кроссворденок,119.99 
Газета Собеседник,69.99 
Газета Будьте здоровы,9.79 
Газета Лечебные письма,39.99 
Журнал Тошка,112.68 
Журнал Рисование по точкам для детей,109.99 
Журнал Смешарики,159.99 
Журнал Сканворденок,99.99 
Журнал Маленькие академики,74.67 
Журнал Мегамозг,69.99 
Журнал 3/9 Царство,69.99 
Набор цветной немелованный картон/бумага А4 16л 8 цветов Unnika,79.99 
Тетрадь 120л А5 на кольцах Буквы Listoff,299.99 
Тетрадь 120л А5 на кольцах Осторожно! Listoff,299.99 
Тетрадь 120л А5 на кольцах Золотые слова Listoff,299.99 
Журнал Здоровье пенсионера,39.99 
Журнал Дарья Биография,59.99 
Журнал 1000 рецептов,44.99 
Журнал Наша История,84.99 
Журнал Военная история,54.99 
Журнал Пенсионер Дачник,44.99 
Журнал Мульт,119.99 
Журнал Ума палата/Бегемот,106.99 
Тетрадь 80л клетка Кофе Hatber,79.99 
Пальчиковые краски 12 цветов + кисть Кв-Групп,279.99 
Скоро в школу Окружающий мир Эксмо,199.99 
Краски гуашь 12 цветов 25г Радужное путешествие Hatber,229.99 
Блокнот А6 40л клетка Животные Микс Эксмо,29.99 
Журнал Наш Совет,49.99 
Журнал Мир пенсионера,59.99 
Журнал На нашей кухне,69.99 
Журнал Идеи Вашего дома,589.99 
Брошюра Народные рецепты-здоровье,49.99 
Журнал 1000 советов,44.99 
Журнал Всему свету по совету,49.99 
Брошюра Народный лекарь,39.87 
Журнал Любовные драмы звезд,49.99 
Журнал Ностальгия и воспоминания,54.99 
Тетрадь 80л А5 клетка Good Moments Hatber,79.99 
Очки для чтения A-Vision 2в1 Кат1 (+1.0),349.87 
Очки для чтения A-Vision 2в1 Кат1 (+3.5),349.87 
Тетрадь 120л А5 клетка Стиль и цвет микс №2 Эксмо,109.99 
Письмо Благодарственное А4 символика РФ/золото,29.99 
Альбом для рисования 40л А4 СпортКлуб Hatber,139.99 
Блокнот А7 40л клетка Совушки Hatber,19.99 
Блокнот 40л А7 Машинки Hatber,19.99 
Карандаши 12 цветов 6шт 2-х сторонние Centrum,124.99 
"Набор ручек гелевых 0,5мм Plasma 2шт синяя/красная Centrum",59.99 
Набор ручек шариковых 1мм 10шт 10 цветов CENTRUM,169.99 
Бумага для записей самоклеящаяся фигурная мини 5 цветов 20шт CENTRUM,79.99 
Бумага для записей самоклеющаяся 51х76мм 100шт Centrum,44.99 
Тетрадь 80л клетка Ассорти Hatber,69.99 
Папка на резинке А4 3 клапана в ассортименте Centrum,189.99 
Грамота Почетная А4 символика РФ/золото,29.99 
"Ручка гелевая 0,5мм Erasable стираемая синяя CENTRUM",69.99 
"Набор ручек шариковых 0,7мм Scout 2шт синий Centrum",49.99 
Набор ластиков фигурные Mazari Rainbow в ассортименте,24.99 
Набор ластиков фигурные Mazari Fruity в ассортименте,24.99 
Набор ластиков фигурных Chasnay,59.99 
Карандаш чернографитный HB с ластиком Joy Erich Krause,24.99 
Фоторамка пластик Interior Office 10х15см яшма,109.99 
Фоторамка пластик Interior Office 15х20см яшма,169.99 
Дырокол стальной 20л CENTRUM,289.99 
Фоторамка дерево Image Art 15х21 сосна,149.99 
Фоторамка дерево Image Art 30х40 сосна,369.99 
Фоторамка дерево Image Art 10х15 сосна,99.99 
Фоторамка пластик Image Art 15х21 черный,219.99 
Фоторамка пластик Image Art 10х15 белый,169.99 
Фоторамка пластик Image Art 21х30 белый,249.99 
Фоторамка пластик Image Art 15х21 белый,219.99 
Фоторамка пластик Image Art 10х15 черный,169.99 
Фоторамка пластик Image Art 21х30 черный,249.99 
Пластилин 12 цветов со стеком Hot Wheels Centrum 240г,159.99 
Рабочая тетрадь 6-7 лет Внимание/Мышление/Память,99.99 
Книга Сказка Приключения домовёнка Кузьки,199.99 
Книга Зощенко М. Рассказы для детей Росмэн,149.99 
Книга Волшебник Изумрудного города Волков А.,149.99 
Тетрадь 100л на кольцах сменный блок Dreams Эксмо,349.99 
Тетрадь 80л клетка Автомобили Hatber,79.99 
Тетрадь 120л клетка Стиль и цвет микс №1 Эксмо,109.99 
Тетрадь 120л клетка спираль/разделитель Синяя Unnika,249.99 
Журнал Лунтик,169.99 
Журнал Красивые квартиры,299.89 
Журнал 200 судоку Русский размер,89.99 
Журнал Лиза Бабушкин компот,119.99 
Тетрадь 12л линия Летающие звери Hatber,19.99 
Тетрадь 18л линия Пастель в ассортименте Hatber,24.99 
Тетрадь 18л клетка Пастель в ассортименте Hatber,24.99 
Тетрадь 18л клетка Спорт Клуб Hatber,24.99 
Бумага А4 16л 8 цветов Hot Wheels CENTRUM,64.99 
Бумага А4 16л 8 цветов Смайлы CENTRUM,64.99 
Блокнот 60л А6 клетка Enchantimals CENTRUM,69.99 
Блокнот 60л А5 клетка Enchantimals CENTRUM,79.99 
Альбом для рисования 30л А4 Улыбочку Эксмо,109.99 
Альбом для рисования 12л А4 Совушки Hatber,49.99 
Блокнот 24л А6 скрепка Наши друзья Hatber,29.99 
Блокнот 48л А7 клетка Кеды Hatber,19.99 
Бумага для записей самоклеящаяся 4 цвета 50х12мм 100шт CENTRUM,79.99 
Ручка шариковая Т-34 красная Hatber,29.99 
Точилка с контейнером и ластиком CENTRUM,49.99 
"Набор ручек шариковых 0,7мм 6 цветов Hatber",149.99 
"Набор ручек гелевых 0,5мм 8 цветов Solo Hatber",249.99 
"Ручка шариковая AQUA 0,7мм синий CENTRUM",59.99 
Набор ручек гелевых Metallic 6 цветов Centrum,159.99 
Маркер для доски черный CENTRUM,49.99 
Ластик фигурный Коты CENTRUM,39.99 
Маркер для доски синий CENTRUM,49.99 
Набор карандашей чернографитных HB/B/H 4шт CENTRUM,69.99 
Карандаш HB сегментный выдвижной CENTRUM,24.99 
Карандаш механический 2мм CENTRUM,49.99 
Циркуль пластмассовый 15см со стержнями Centrum,169.99 
Очки для чтения Bouquiniste Кат2 (+3.5),499.79 
Очки для чтения Bouquiniste Кат2 (+2.5),499.79 
"Карандаш механический 0,5мм Centrum",49.99 
Степлер №24/6 на 25л Centrum,349.99 
Скотч узкий 2-сторонний суперпрочный 12ммх1м Centrum,79.99 
Кнопки силовые канцелярские цветные 36шт Centrum,39.99 
Нож канцелярский 18мм + 4 лезвия CENTRUM,299.99 
Фломастеры 6 цветов Фиксики Centrum,59.99 
Клей-карандаш ПВА Centrum 9г,39.99 
Пластилин 10 цветов со стеком Enchantimals Centrum 200г,159.99 
Фломастеры 12 цветов Hot Wheels Centrum,109.99 
Карандаши 12 цветов Фиксики Centrum,99.99 
Папка-уголок А4 с перфорацией Centrum,34.99 
Папка-конверт на кнопке с перфорацией А4 Centrum,69.99 
Карандаш чернографитный HB 3-х гранный Ultra Неон Hatber,24.99 
Альбом для рисования 12л А4 Автостиль Hatber,49.99 
Тетрадь 12л широкая линейка зеленая Гознак,6.99 
"Ручка шариковая синяя 0,5мм CENTRUM",49.99 
Фоторамка дерево Image Art 21х30 сосна,199.99 
Газета Амурский меридиан,32.99 
Газета Антенна,39.99 
Журнал Мега сканворд Василий Иванович,189.99 
Газета Аргументы и Факты,36.87 
Карандаш HB с ластиком Centrum,24.99 
"Набор кистей художественных 3шт №2,4,6 Centrum",99.99 
Тетрадь 12л косая линия зеленая Гознак,6.99 
Тетрадь 12л клетка зеленая Гознак,6.99 
Набор для черчения линейка/треугольник/транспортир Centrum,109.99 
Набор ручек гелевых Neon 6шт 6 цветов Centrum,159.99 
Карандаш HB сегментный с ластиком CENTRUM,24.99 
Тетрадь 24л линия Летающие звери Hatber,26.99 
Скобы для степлера №24/6-26/6 1000шт CENTRUM,44.99 
Тетрадь 12л клетка Ломоносов М.В. Hatber,14.99 
Ножницы офисные 16см CENTRUM,89.99 
Краски Акварель 6 цветов без кисти Дельфины Hatber,29.89 
Ластик треугольный 42х42мм CENTRUM,39.99 
Папка-конверт с перфорацией А4 Centrum,44.99 
Папка-конверт на молнии А5 Centrum,34.99 
Журнал Крепость профессионал,194.99 
Газета Презент,22.67 
Журнал Звезды и советы,44.99 
Тетрадь 80л клетка спираль Пушистые мордочки Hatber,109.99 
Журнал Топ-модель,219.99 
Журнал Гигант-сканворд,154.99 
Газета Комсомольская правда,29.97 
Журнал Тайны ХХ века,39.99 
Степлер №10 Centrum в ассортименте,139.99 
Газета Московский Комсомолец,26.99 
Газета Моя семья,37.99 
Журнал Щенячий патруль,169.99 
Журнал Lego Ninjago,394.99 
Газета Жизнь,34.99 
"Набор ручек капиллярных 0,7мм Liner 6шт 6 цветов Centrum",149.99 
Карандаши двусторонние 24 цвета Centrum,199.99 
Журнал Burda,229.69 
Журнал Трансформеры,384.99 
Журнал Барби,339.99 
Журнал Щенячий патруль Спецвыпуск,319.99 
Журнал Непоседа,69.99 
Журнал Люблю цветы,59.99 
Журнал Мой маленький пони,349.99 
Журнал Загадки истории,44.99 
Журнал Forbes,429.88 
Журнал Добрые советы Люблю готовить,59.99 
Журнал Спид инфо,59.97 
Журнал Лиза,94.99 
Журнал Тайны звезд,59.99 
Газета Здоровый образ жизни,46.97 
Брошюра Все для женщины,44.99 
Журнал Крепость 24 часа,119.99 
Журнал Максим,219.99 
Журнал Сабрина,179.99 
Журнал Авторевю,149.69 
Журнал Cosmopolitan,179.67 
Газета Крот-сканворды,21.89 
Журнал Охота и рыбалка ХХI век,199.98 
Журнал За рулем,214.98 
Журнал Вокруг света,229.99 
Альбом для рисования 40л А4 спираль Смайлики CENTRUM,139.99 
Скотч 48ммх66мх40мк темный Unibob,119.99 
Скотч узкий прозрачный 15ммх10м CENTRUM,44.99 
Фломастеры 6 цветов ZOO Centrum,59.99 
Скобы для степлера №10 1000шт Centrum,34.99 
Альбом для рисования 24л А4 Фиксики,89.99 
Точилка Фиксики с контейнером CENTRUM,49.99 
"Ручка шариковая синяя ЖЕСТЫ 0,5мм CENTRUM",49.99 
"Ручка шариковая синяя TROPIC 0,5мм CENTRUM",39.99 
Ластик Фиксики CENTRUM,39.99 
Папка-карман А4 с перфорацией 20шт Centrum,89.99 
Папка на резинке А5 в ассортименте Centrum,89.99 
Нож канцелярский 9мм CENTRUM,39.99 
Набор маркеров для доски 3шт CENTRUM,149.99 
Нож канцелярский 18мм CENTRUM,69.99 
Папка-конверт на кнопке А4 Centrum,34.99 
Ручка шариковая Nice синий CENTRUM,49.99 
"Ручка шариковая ORANGE 0,7мм синий CENTRUM",9.99 
Клей ПВА Centrum 60г,69.99 
Набор ручек шариковых Pioneer черный-красный-синий CENTRUM 3шт,59.99 
Газета Аргументы недели,29.97 
Набор ручек шариковых Pioneer CENTRUM 3шт,49.99 
Газета Анонс ТВ,29.89 
Газета Солнышко,24.99 
Газета Хабаровский пенсионер,14.98 
Газета Тихоокеанская звезда,18.97 
