Сыр Тильзитер 45% 200г Шонфилд,229.98 
Сыр с белой плесенью Камамбер 50% 125г из Жуковки,449.89 
Сыр Раклет c перцем 45% 150г Хэйди Швейцария,439.99 
Сыр Пармезан выдержанный 2 мес 50% нарезка Шонфилд 125г,229.89 
Сыр творожный Шонфилд сливочный 65% 140г,119.89 
Сыр Пармезан выдержанный 6 мес 42% 175г Шонфилд,379.89 
Сыр с белой плесенью Ля Брик 45% 200г Президент,659.89 
Сыр Маасдам 45% 200г Шонфилд,259.89 
Сыр Пармезан выдерж 2 мес 50% 200г Шонфилд,339.89 
Сыр Раклет с паприкой 45% 150г Хэйди Швейцария,439.99 
Сыр Пармезан выдержанный 3 мес 42% 175г Шонфилд,339.89 
Сыр Гауда 45% нарезка Шонфилд 125г,169.98 
Сыр Страчателла 52% 250г Гальбани,299.99 
Сыр творожный Шонфилд с зеленью 65% 140г,119.89 
Сыр Четук для жарки 45% Умалат 370г,347.89 
Сыр с белой плесенью Бри Дабл крем 73% 200г Президент,679.98 
Сыр Гауда 45% 200г Шонфилд,229.98 
Сыр Маасдам 45% 125г нарезка Шонфилд,179.89 
Сыр Эдам 45% 125г нарезка Шонфилд,169.98 
"Пищевой продукт Green Idea со вкусом сыра Пармезан, тертый, 200 г",269.89 
"Специализированное питание Green Idea, со вкусом сыра Гауда",194.89 
"Специализированное питание Green Idea, со вкусом сыра Моцарелла, кусок, 200 г",214.89 
Сыр Пармезан 40% Лайме Швейцария,1499.89 
Сыр Грюйер 51% 170г Швейцария,319.99 
Сыр Колыбельский 45% 200г Эконива Россия,198.89 
Сыр Щучанский 45% Эконива Россия 200г,198.89 
Сыр Моцарелла Eletto 45% Гиагинский МЗ 200г,264.89 
Сыр Моцарелла Eletto 45% 4 палочки Гиагинский 160г,214.89 
Тофу в кисло-сладком соусе Грин Ист 200г,149.89 
Сыр Алтайский 50% Киприно,1139.89 
Сыр Гауда 50% Бергмастер,859.98 
Сыр Молочный 50% Киприно 200г,214.89 
Сыр с белой плесенью Бри 60% Алти 125г,299.98 
Сыр Маасдам нарезка Киприно 50% 125г,184.98 
Сыр Лайт нарезка Киприно 15% 125г,164.98 
Сыр Кремчиз Претто с паприкой Умалат 70% 140г,169.89 
Сыр Тильзитер нарезка Киприно 50% 125г,184.98 
Сыр Трамонтана 42% Хэйди Щвейцария 200г,689.89 
Сыр плавленный с ветчиной Крымская коровка 380г,259.89 
Сыр плавленный Дружба Крымская коровка 50% 180г,134.89 
Сыр плавленный с грибами Крымская коровка 50% 180г,134.89 
Сыр плавленный Крымские травы Крымская коровка 180г,134.89 
Сыр плавленный сливки Крымская коровка 50% 180г,134.89 
Сыр плавленный Янтарь Крымская коровка 50% 180г,134.89 
Сыр Грюнландер Hochland 50% 190г,224.89 
Сыр Пошехонский 45% Данке Беларусь 180г,199.89 
Сыр Эдам 45% Данке Беларусь 180г,199.89 
Сыр Тильзитер 45% Данке Беларусь 180г,199.89 
Сыр Голландский 45% Данке Беларусь 180г,199.89 
Сыр Российский фирменный 50% Кобрин,889.89 
Сыр Касеус со вкусом карамели 50% Алтай,884.98 
Сыр Золото Алтая со вкусом сливок 50% Алтай,799.98 
Сыр Маасдам Николаевские Сыроварни 45%,839.89 
Сыр Королей с ароматом топленого молока 50%,799.99 
Сыр Версаль с ароматом грецкого ореха 50%,909.89 
Сыр Алиса со вкусом топленого молока 50% Беларусь,899.89 
Сыр Лёгкий Николаевские Сыроварни 30% 200г,219.98 
Сыр плавленый Самбери сливочный 80г,49.99 
Сыр плавленый Самбери с ветчиной 80г,49.99 
Сыр Кремлевский Традиции сыроваров 45%,699.98 
Сыр плавленый Hochland ассорти 140г,107.99 
Сыр плавленый Hochland бекон 140г,107.99 
Сыр плавленый Hochland сливочный 140г,107.99 
Сыр плавленый Hochland ветчина 140г,107.99 
Сыр Кремчиз Унагранде 70% 200г,234.89 
Сыр Кавказский Умалат 45% 370г,389.89 
Сыр Маскарпоне Тирамису Бонфесто 65% 250г,297.98 
Сыр Маасдам Брест-Литовск нарезка 45% 130г,217.98 
Сыр Чечил Паутинка Mimin 40% 80г,119.89 
Сыр Чечил Косичка копченая Mimin 40% 100г,119.89 
Сыр с голубой плесенью Бергер 55%,1669.98 
Сыр мягкий А Ла Крем 150г,144.89 
Сыр Пармезан Laime 38% 140г,429.98 
Сыр Гойя Ла Паулина 40% Аргентина,1677.89 
Сыр Швейцарский 46% HEIDI Швейцария 170г,517.96 
Сыр Грюйер Пещерный 51% HEIDI Швейцария 170г,829.98 
Сыр Чеддер 50% HEIDI Швейцария 200г,569.89 
Сырная тарелка №32 Спешел Сет Чиз Галери 205г,585.99 
Сыр Донталер 45%,1029.89 
Сыр Cheese Gallery Бри Сливочный Крэм ан крэм 60% 125г,269.87 
Сыр АйсКро ВегЧиз кешью/французские травы/чеснок 200г,269.89 
Сыр Cheese Gallery Бри Крэм а ля Трюф 50% 110г,245.97 
Сыр Моцарелла Чильеджина Унагранде 50% без лактозы 125г,249.89 
Сыр колотый Палерма 40% 120г,229.89 
Сыр Палермо слайсы 40% 120г,229.89 
Сыр тертый Палермо 40% 120г,229.89 
Продукт плавленый Ежедень с сыром и ветчиной 370г,147.99 
Продукт плавленый Ежедень с сыром и грибами 370г,147.99 
Продукт плавленый Ежедень с сыром Классический 370г,147.99 
Сыр Матерхорн Bergstolz 100г,287.96 
Сыр творожный Almette Легкий 150г,149.89 
Сыр Король Севера 45% Россия,1159.89 
Сыр Гауда нарезка Киприно 125г,100.99 
Сыр Маасдам Голд Радость Вкуса 45% 200г,239.89 
Сыр Топленое молочко Радость Вкуса 50% 200г,219.89 
Сыр Монблан Снежная Вершина 50% 180г,229.89 
Сыр рассольный Апетина Арла 250г,189.89 
Сыр Ореховый Амига 45% с фисташками 150г,319.89 
Сыр Десертный Амига 45% ягоды годжи/миндаль 150г,309.89 
Сыр Ореховый Амига 45% с грецким орехом 150г,319.89 
Сыр Гурмэ Амига 45% сыровяленая мраморная говядина/трюфель 150г,309.89 
Сыр Творожный из козьего молока Белое Золото 150г,189.89 
Сыр Маасдам Киприно 45%,969.89 
Сыр Моцарелла Плавыч 40% 250г,219.98 
Сыр творожный Hochland для кулинарии 180г,169.89 
Сыр плавленый Карамельный Карат 230г,127.89 
Сыр плавленый Шоколадно-Ореховый Карат 230г,127.89 
Сыр Золото Артура 50%,789.98 
Сыр Горный Мастер Киприно 50% 180г,217.89 
Сыр Палермо 40% 180г,289.98 
Сыр Шеф Савье Margot Fromages 20% Швейцария,4699.98 
Сыр Сбринц 47% 200г + нож Heidi Швейцария,999.98 
Сыр Камбоцола из Жуковки 50% 125г,189.99 
Сыр Бри из Жуковки 60% 125г,317.99 
Сыр Пармезан выдержанный 18 месяцев Лайм 180г,449.98 
Сыр Пармезан выдержанный 12 месяцев Лайм 180г,449.97 
Cыр Визен Грана Швейцария 38% 180г,869.98 
Сыр Чеддер La Paulina 48%,1239.89 
Сыр Маасдам Excelsior 45%,1079.89 
Сыр Пармезан Швейцария 40%,2699.99 
Сыр Хаварти Кастелло 45% 200г,319.98 
Сыр мягкий сливочный Crema di Salsa Bonfesto 500г,309.89 
Крем-сыр мягкий сливочный Клюква/Апельсин Амига 120г,179.89 
Крем-сыр мягкий сливочный Голубая плесень Амига 120г,179.89 
Крем-сыр мягкий сливочный Томат/песто Амига 120г,179.89 
Крем-сыр мягкий сливочный Брускетта Амига 120г,179.89 
Крем-сыр мягкий сливочный Пармезан Амига 120г,179.89 
Крем-сыр мягкий сливочный Трюфель Амига 120г,179.89 
Сыр Рикотта с ванилью Бонжорно Умалат 30% 200г,219.89 
Сыр Рикотта шоколад/орех Бонжорно Умалат 35% 200г,234.89 
Сыр Маскарпоне шоколад Бонжорно Умалат 50% 200г,259.89 
Сыр Моцарелла Бонжорно Умалат 45% палочки 4шт 120г,164.89 
Сыр Рикотта шоколад Бонжорно Умалат 200г,209.89 
Сыр Монтерей Excelsior 45%,1039.89 
Сыр Эмменталь Excelsior 45%,989.98 
Сыр Адыгейский из козьего молока Белое Золото 150г,269.89 
Сыр Грана Кози из козьего молока Белое Золото 150г,406.98 
Сыр Венский Антон Палыч 45%,699.98 
Сыр Пармезан La Paulina Аргентина,1969.97 
Сыр Маасдам Рейф Милдар 45%,1129.98 
Сыр Белая Вежа Милдар 50%,1049.98 
Сыр Гауда Янг Милдар 45%,1049.98 
Сыр Бутеркейзе Милдар 45%,1049.98 
Сыр Тильзитер Супреме Милдар 50%,1059.98 
Сыр творожный КремЧиз Бонфесто шампиньоны 170г,139.89 
Сыр творожный КремЧиз Бонфесто 170г,139.89 
Сыр творожный КремЧиз Бонфесто Тар-тар 170г,139.89 
Сыр копченый Проволетта мини Бонфесто 150г,239.89 
Сыр творожный КремЧиз Бонфесто базилик/чеснок/орегано 170г,139.89 
Сыр творжный КремЧиз Бонфесто Неаполианский 170г,139.89 
Сыр Чеддер Ла Паулина 48% нарезка 150г,249.89 
Сыр Тильзитер Ферма Долюбово 50% 200г,239.89 
Сыр Фермерский Ферма Долюбово 55% 200г,239.89 
Сыр Легкий Ферма Долюбово 30% 200г,239.89 
Сыр Гауда Ферма Долюбово 45% 200г,239.89 
Сыр Сливочный Арла Натура 45% 400г,459.89 
Сыр Сливочный Арла Натура 45% нарезка 150г,219.86 
Сыр Моцарелла для сэндвичей без лактозы Унагранде 280г,389.98 
Сыр козий Вардеваал 45%,1209.98 
Сыр Киприно 50%,989.89 
Сыр копченый Скаморца Бонфесто 45% 235г,369.89 
Сыр тертый Два Сыра Киприно 120г,127.89 
Сыр плавленый с белой плесенью Крем Де Бри President 50% 125г,239.89 
Сыр плавленый с белой плесенью Крем Де Камамбер President 50% 125г,239.89 
Сыр творожный из козьего молока Шевр President 65% 140г,449.89 
Сыр с белой плесенью Бри Жан 125г,229.89 
Сыр с белой плесенью Камамбер Жан 125г,229.89 
Сыр с голубой плесенью Тамплиер 55% Беларусь,1699.89 
Сыр творожный сливочный President CREMERIE 56% 140г,169.89 
Сыр Бутербродный нарезка Valio 120г,179.89 
Сыр Для Перекуса нарезка Valio 120г,179.89 
Сыр Грюнландер Hochland 50% нарезка 150г,199.98 
Сыр с белой и голубой плесенью Камамбер 125г,207.99 
Сыр с белой плесенью Камамбер с орехами 125г,249.89 
Сыр Фрибушен 50% 180г,229.89 
Сыр с белой плесенью Камамбер с грибами Жан 125г,249.89 
Сыр Сливочный Ландерс 45% 260г,209.89 
Сыр Легкий Ландерс 30% 230г,179.97 
Сыр Пармезан Киприно 34% 200г,399.98 
Сыр с голубой плесенью Galbani 62% 125г,399.86 
Продукт плавленый с сыром Ассорти фольга 70г,14.98 
Продукт сырный копченый Папа Сыр Коса Плетеная 40% 100г,74.89 
Сыр Легкий 30% Arla Natura 200г,259.98 
Сыр-Мусс творожный President Прованс 60% грибы 120г,169.89 
Сыр-Мусс творожный President Прованс 62% сливочный 120г,169.89 
Сыр-Мусс творожный President Прованс 60% чеснок 120г,169.89 
Сыр Швейцарский Киприно 50% нарезка 125г,209.89 
Сыр Советский Киприно 50% нарезка 125г,199.89 
Сыр Российский Киприно 50% нарезка 125г,174.89 
Сыр Алтайский 50% нарезка Киприно 125г,207.89 
Сыр Моцарелла Galbani 45% 125г,279.89 
Сыр Ламбер Гауда 45% 180г,249.89 
Сыр Ламбер Голландский 45% 180г,249.89 
Сыр Ламбер Маасдам 45% 180г,267.98 
Сыр Ламбер Тильзитер 50% 180г,249.89 
Сыр Сулугуни Басни о сыре 40% 200г,199.89 
Сыр Сулугуни палочки Умалат 45% 120г,147.89 
Сыр Гауда Радость Вкуса 45%,989.89 
Сыр Пармезан Олд Ультра Беларусь 45%,1049.98 
Сыр Рамзес 50% 230г,249.89 
Сыр Роттер де Мар 50% 180г,179.99 
Сыр Арамель с пажитником 50% 230г,189.99 
Сыр Пармезан Олд Ультра 45% 180г,249.89 
Крем-сыр Лабне 45% лимонный чизкейк 180г,149.89 
Крем-сыр Лабне 60% чеснок/зеленый лук 180г,149.89 
Крем-сыр Лабне 60% сливочный 180г,149.89 
Крем-сыр Лабне шоколадный 180г,167.89 
Сыр творожный воздушный Савушкин сливочный 150г,119.97 
Сыр творожный воздушный Савушкин с зеленью 150г,119.97 
Сыр Моцарелла Голд Ландерс 40% 260г,219.86 
Сыр Витязь Киприно 50% 250г,259.98 
Сыр Камамбер из Жуковки 60% 125г,317.99 
Сыр Спагетти Эллазан Рикон копченый 60г,89.98 
Сыр Косичка Эллазан Рикон копченая 125г,125.89 
Сыр Косичка Эллазан Рикон 125г,125.89 
Сыр Львиное Сердце Радость Вкуса 45% нарезка 150г,189.89 
Сыр Львиное Сердце Радость Вкуса 45% 200г,219.97 
Сыр с козьим молоком Львиное Сердце Радость вкуса 45% 200г,289.98 
Сыр с козьим молоком Львиное Сердце Радость вкуса 45% нарезка 125г,239.89 
Сыр Моцарелла Унагранде 45% без лактозы 125г,249.89 
Сыр Рикотта Унагранде 50% 250г,224.89 
Сыр Моцарелла для сэндвичей Унагранде 45% 280г,299.89 
Сыр Рамсес Беларусь 46%,899.89 
Сыр Фрибушен 50% Беларусь,1069.89 
Сыр Швейцарский Киприно 50% 250г,339.89 
Сыр Советский Киприно 50% 230г,324.98 
Сыр Алтайский Киприно 50% 250г,339.98 
Сыр Маасдам Делюкс Белослава 50%,989.89 
Сыр плавленый колбасный копченый Чулымский 200г,109.87 
Сыр Бургомистр с ароматом топленого молока 50%,799.89 
Сырная тарелка Пармезан/Марципан 140г,369.89 
Сыр Маасдам Голд Радость Вкуса 45% нарезка 125г,169.89 
Сыр творожный Арла Натура 55% зелень 150г,119.97 
Сыр творожный Арла Натура 60% сливочный 150г,119.97 
Сыр Топленое молочко Радость Вкуса 45% нарезка 125г,169.89 
Сыр Сливочный Киприно 50%,969.89 
Сыр Российский нарезка Всегда Добрый день 50% 125г,139.99 
Сыр Сливочный Всегда Добрый день 50% 210г,189.99 
Сыр Сметанковый-НТ Всегда Добрый день 50% 210г,189.99 
Сыр Витязь Всегда Добрый день 50% 210г,189.99 
Сыр Сметанковый-НТ Всегда Добрый день 50% нарезка 125г,139.99 
Сыр Сливочный нарезка Всегда Добрый день 50% 125г,139.99 
Сыр Тильзитер Люкс Радость Вкуса 45%,879.98 
Сыр Российский Всегда Добрый день 50% 210г,189.99 
Сыр Голландский Всегда Добрый день 45% 210г,189.99 
Сыр Алтайский Голд Киприно 50%,1299.89 
Сыр Пармезан Киприно 34%,1169.98 
Продукт сырный Витязь Романовский 50%,549.98 
Сыр Чеддер Киприно 45% 200г,249.97 
Сыр Чеддер Рыжий Радость Вкуса 45%,939.89 
Сыр Арамель с пажитником Беларусь 50%,899.89 
Сыр плавленый Hochland сливочный классический 150г,109.99 
Сыр Фитнес Лайт Антон Палыч 25%,799.89 
Сыр Раклетт Хэйди 50% 200г,559.97 
Сыр Роттер Де Мар Беларусь 50%,1039.98 
Соус к сыру Грушевый 60г,299.89 
Соус к сыру Инжирный 60г,299.89 
Соус к сыру Виноградный 60г,299.89 
Сыр плавленый Виола Нежная салями 400г,229.89 
Сыр Чеддер Ла Паулина 48% 200г,284.89 
Сыр с белой плесенью Бри Снэк из козьего молока 50% 90г,389.89 
Сыр плавленый Виола Нежная 400г,229.89 
Сыр Кастелло Реджианидо 32% 150г,199.99 
Сыр плавленый Классическая коллекция President 140г,139.89 
Сыр Финский Брест-Литовский нарезка 150г,118.99 
Сыр плавленный Коралл 230г Карат,124.89 
Сыр Монблан Беларусь 50%,1159.89 
Сыр творожный Hochland Креметте 65% 800г,529.98 
Сыр Деревенский Горный 49% Швейцария,3349.97 
Сыр Хаварти Кастелло 45% нарезка 150г,259.89 
Сыр Камамбер Кастелло 50% 125г,289.98 
Сыр плавленый Hochland Фетакса маслины и паприка 200г,159.97 
Сыр Hochland Фетакса Классическая 200г,189.89 
Сыр с белой плесенью Камамбер 125г Шонфилд,299.89 
Сыр с белой плесенью Бри 125г Шонфилд,299.89 
Сырный продукт Российский 50% Романовский,549.98 
Сыр Песто Рэд зелень чеснок 45%,999.98 
Сыр Песто Грин базилик/чеснок 45%,999.98 
Сыр Деликатесный 30% Благовещенский МК,689.98 
Сыр Спагетти копченый 80г Гиагинский МЗ,137.89 
Сыр Косичка копченый 100г Гиагинский МЗ,179.89 
Сыр плавленый Янтарь 230г Карат,124.89 
Сыр плавленый Дружба 230г Карат,124.89 
Сыр тертый Пармезан 30% Киприно 90г,194.98 
Сыр Паради Жура 45% твердый Швейцария,1989.98 
Сыр Честор соломка Киприно 90г,99.89 
Сыр Косичка 100г Гиагинский МЗ,154.97 
Сыр Ореховый с фенугреком 45% Радость вкуса,939.89 
Сыр Львиное сердце 45% Радость Вкуса,889.89 
Сыр Лайт Киприно 250г,289.89 
Сыр мягкий Кремчиз 70%,619.98 
Сыр плавленый Сырная коллекция President 140г,139.89 
Сыр с белой плесенью Бри 60% 180г Алти,409.97 
Сыр из козьего молока Капретте 50% Россия 200г,599.89 
Сыр тертый Три сыра Киприно 200г,194.89 
Продукт плавленый с сыром Киприно 70г фольга в ассортименте,21.89 
Сыр плавленый Hochland сливочно-сырный 50г,39.89 
Сыр плавленый Hochland с копченым мясом 50г,39.89 
Сыр плавленый Hochland Фетакса тост 150г,109.89 
Сыр Эмменталер АOC из коровьего молока 45% жирности Швейцария,3498.86 
Сыр Маасдам Голд 45% Беларусь,829.98 
Сыр Эдам Уругвай 50%,619.89 
Сыр Моцарелла Мини Galbani 45% 150г,329.89 
Сыр Моцарелла Макси Galbani 250г,479.89 
Сыр Бри Свисс Эмми Швейцария,3129.98 
Сыр Лайт 30% Киприно,829.89 
Сыр легкий 30% 150г  Арла Натура,229.89 
Сыр с белой плесенью Камамбер 50% 125г Алти,294.89 
Сыр плавленый Hochland тост с грибами и копченым мясом 150г,117.99 
Сыр Маасдам 46% Уругвай,998.89 
Сыр Гауда 50% Уругвай,619.89 
Сырный продукт рассольный Фета Парижская буренка 200г,109.97 
Сыр Пармезан Уругвай 32%,1039.97 
Сыр с голубой плесенью Сливочный 100г 56% Грандблю,329.89 
Сыр с голубой плесенью Гранд Блю Интенс 56% 100г,329.89 
Сыр Голландский 45% Киприно,869.89 
Сыр Покровский 50% Мамонтовский МЗ,939.89 
Сыр Золото Швейцарии 50% Швейцария,3897.89 
Перчик черри со сливочным сыром 230г,479.89 
Сыр с голубой плесенью Горгонзола 50% Тиролез,1699.89 
Сыр плавленый колбасный копченый 40% 400г Из Жуковки,279.98 
Сыр плав Для супа с грибами 90г фольга Карат,48.89 
Сыр плавленный Плавыч 140г сегменты Ассорти Классическое,119.89 
Сыр плавленый Hochland ассорти мясное 140г,107.99 
Сыр творожный Виолет шоколадный 50% 140г Карат,109.89 
Сыр Король Эдвард 45% Беларусь,798.89 
Сыр Моцарелла 1 шарик Бонфесто 45% 100г,186.99 
Сыр с голубой плесенью 50% 100г Дорблю,399.89 
Сыр Леаус Мамонтовский МЗ 50%,939.89 
Сыр Швейцарский 50% Алтай,799.98 
Сыр Алтайский 50% Алтай,799.98 
Сыр плавленый ГринАгро 50% сливочный 180г,114.89 
Сыр Пармезан Лайм 40% 200г Аргентина,389.89 
Сыр cливочный Арла Натура 45% 200г Россия,244.89 
Закуска с кедровыми орешками Хумус 200г Тайны Востока,169.99 
Сыр плавленый Маасдам President тосты 150г,147.97 
Сыр Монт Блю с голубой плесенью 50% Россия,1499.89 
Сыр Margot Fromages Tete de Moine AOC (Тет де Муан) 51%,4469.98 
Сыр Свиссталер легкий из коровьего молока 20% Швейцария,3249.89 
Сыр плавленый Маасдам President 200г,179.97 
Сыр Грюйер АОС из коровьего молока 49% жирности Швейцария,3479.98 
Сыр мягкий Снек President 60% 170г,539.86 
Сыр Бри 60% President 200г,689.98 
"Сыр козий Радость вкуса ""Львиное сердце"" 45%",1299.97 
Сыр Брынза Лёгкий Сербия 10% 250г,189.89 
Сыр Моцарелла Чильеджина 175г Благовещенский МК,134.89 
Сыр плавленый ГринАгро 50% грибы 180г,114.89 
Сыр плавленый Шоколадный 230г Карат,124.89 
Сыр плавленый колбасный копченый СырБургер 40% 400г Плавыч,239.98 
Сыр плавленый Плавыч с ветчиной 400г ванна,289.89 
Творожный сыр Маскарпоне 400г Плавыч,459.98 
Сыр плавленый Плавыч сливочный 400г,289.89 
Сыр плавленный Плавыч с ветчиной 180г ванна,139.98 
Сыр плав Плавыч сливочный 180г ванна,139.98 
Сыр Коса копченая 45% 110г Предгорье Кавказа,199.89 
Сыр Пиковая Дама 45% Беларусь,699.86 
Сыр плавленый волна 90г фольга Карат,48.89 
Сыр плавленый Кисломолочный 90г фольга Карат,48.89 
Сыр плавленый Городской 90г фольга Карат,48.89 
Сыр плавленый Дружба 90г фольга Карат,48.89 
Сыр Белорусское золото 45% Беларусь,689.97 
Сыр Голландский 45% Беларусь,699.89 
Сыр плавленый President тосты с ветчиной 150г,147.97 
Сыр Король Артур 50%,799.89 
Сыр Фитнес Чиз 25% Беларусь,697.98 
Сыр Гранд Блю с голубой плесенью сливочный 56% Аргентина,1999.99 
Сыр мягкий Бри President 60%,2939.89 
Сыр Тет-де-Муан АОС 51% 100г нарезка Швейцария,969.98 
Сыр Люстенбергер 50% 110г Швейцария,399.89 
Сырная тарелка №5 165г,329.89 
Сыр плавленый Дружба 400г ванна Карат,199.98 
Сыр Брынза 40% 200г Киприно Алтай,209.89 
Сыр Сулугуни 45% 280г Умалат,319.89 
Сыр Гойя Ла Паулина 40% Аргентина,1669.89 
Сыр Российский Киприно 50%,679.99 
Сыр А ла Каймак 70% Сербия,479.99 
Сыр Ламбер Вимм Билль Данн 50%,1119.99 
Сыр плавленый сливочный President 140г,139.89 
Сыр плавленый Швейцарский сыр Hochland 200г,154.99 
Сыр плавленый Маасдам Hochland 200г,154.99 
Сыр плавленый с ветчиной Hochland 400г,289.89 
Сыр плавленый с ветчиной Hochland 200г,154.99 
Сыр плавленый Hochland тост с ветчиной 150г,109.99 
Сыр плавленый Hochland тост Чизбургер 150г,109.99 
Сыр творожный Almette огурец/зелень 150г,149.89 
Сыр творожный Almette сливочный 150г,149.89 
Сыр плавленый President ветчина 400г,329.86 
Сыр плавленый President сливочный 400г,329.86 
Сыр плавленый President ветчина 200г,179.97 
Сыр плавленый President сливочный 200г,179.97 
Сыр Сербская Брынза 45% 250г Сербия,239.89 
Сыр 50% 230г Ламбер,359.89 
Сыр Сербская Брынза 45% 450г,379.89 
Сыр Моцарелла 45% 100г 12 шариков Бонфесто,219.89 
Сыр легкий 35% 200г Брест Литовский,269.89 
Сыр Классический Брест-Литовск 45% 200г,244.89 
Сыр Чечил-Спагетти 35% President 100г,229.97 
Сыр сливочный микс с пряностями Охотничий 40%,689.98 
Сыр Витязь 50% Киприно,869.97 
Сыр Мастер 50% Киприно,969.97 
Сыр Ламбер сливочный 55%,1269.89 
Сыр Черный принц 50%,939.89 
Сыр плавленый Hochland Фетакса 400г,289.89 
Сыр 70% 250г Сербия А ла Каймак,209.89 
Сыр Советский Алтай 50%,799.98 
Сыр Амурский 20% мягкий Артель Амур,649.86 
Сыр с голубой плесенью Рокфорти 55%,1699.89 
Сыр Моцарелла Алти 40%,849.89 
Сыр творожный Hochland Креметте 65%,649.89 
Сыр плавленый Hochland грибы 100г,59.99 
Сыр Ламбер 50%,1194.89 
Сыр творожный Сливочный Violette 400г,289.89 
Сыр творожный Almette белые грибы 150г,149.89 
Сыр Маскарпоне 78% 250г Bonfesto,287.89 
Сыр Маскарпоне 78% 500г Bonfesto,549.89 
Сыр творожный Hochland лесные грибы 140г,119.98 
Сыр творожный Violette сливочный 140г,119.89 
Сыр Рикотта 40% 250г Bonfesto,99.99 
Сыр творожный Violette огурец/зелень 140г,119.89 
Сыр творожный Violette благородные грибы 140г,119.89 
Сыр плавленый Hochland тост ассорти 150г,109.99 
Сыр плавленный Hochland сливочный 400г,289.89 
Сыр плавленый с грибами Hochland 400г,289.89 
Сыр плавленный Hochland сливочный 200г,154.99 
Сыр плавленый Hochland тост с грибами 150г,109.99 
Сыр творожный Hochland сливочный 140г,119.98 
Сыр творожный Hochland сливочный 220г,159.99 
Сыр творожный Hochland зелень 220г,159.99 
Сыр творожный Hochland ветчина 140г,119.98 
Сыр творожный Almette зелень 150г,149.89 
Сыр Моцарелла Фиор ди Латте 50% 125гр Унагранде,163.99 
Сыр Моцарелла Чильеджина 50% 125г Унагранде,199.89 
Сыр плавленый Hochland Фетакса 200г,159.97 
Сыр плавленый Hochland сливочный 100г,59.99 
Сыр плавленый Hochland ветчина 100г,59.99 
Сыр для греческого салата Классик 40% 200гр Сиртаки,159.89 
Сыр Российский особый 50% Беларусь,599.97 
Сыр Чеддер Голд 45% Беларусь,689.89 
Сыр творожный Hochland зелень 140г,119.98 
Сыр творожный Violette с зеленью 140г,119.89 
Сыр 50% Швейцарский Киприно Алтай,1219.98 
Сыр Моцарелла 45% Благовещенский МК,869.98 
Сыр Зимаревский Алтай 45%,479.69 
Сыр Моцарелла Ла Паулина 42%,998.89 
Продукт плавленный с сыром колбасный Киприно копченый 40%,284.89 
Сыр Сулугуни 45% Благовещенский МК,869.98 
Сыр Маскарпоне 250г Умалат,329.89 
Сыр Голландский 45%,489.97 
Сыр Российский 50%,489.97 
